accession	taxon_id	scientific_name	rank	parent_taxon_id	lineage_node_count	lineage_taxon_ids_json	lineage_scientific_names_json	lineage_ranks_json	ranked_lineage_json	artifact_role	snapshot	source_url	retrieved_at	names_sha256	nodes_sha256	lineage_generator_version
NP_001013434.1	9615	Canis lupus familiaris	subspecies	9612	29	"[""1"",""131567"",""2759"",""33154"",""33208"",""6072"",""33213"",""33511"",""7711"",""89593"",""7742"",""7776"",""117570"",""117571"",""8287"",""1338369"",""32523"",""32524"",""40674"",""32525"",""9347"",""1437010"",""314145"",""33554"",""379584"",""9608"",""9611"",""9612"",""9615""]"	"[""root"",""cellular organisms"",""Eukaryota"",""Opisthokonta"",""Metazoa"",""Eumetazoa"",""Bilateria"",""Deuterostomia"",""Chordata"",""Craniata"",""Vertebrata"",""Gnathostomata"",""Teleostomi"",""Euteleostomi"",""Sarcopterygii"",""Dipnotetrapodomorpha"",""Tetrapoda"",""Amniota"",""Mammalia"",""Theria"",""Eutheria"",""Boreoeutheria"",""Laurasiatheria"",""Carnivora"",""Caniformia"",""Canidae"",""Canis"",""Canis lupus"",""Canis lupus familiaris""]"	"[""no rank"",""cellular root"",""domain"",""clade"",""kingdom"",""clade"",""clade"",""clade"",""phylum"",""subphylum"",""clade"",""clade"",""clade"",""clade"",""superclass"",""clade"",""clade"",""clade"",""class"",""clade"",""clade"",""clade"",""superorder"",""order"",""suborder"",""family"",""genus"",""species"",""subspecies""]"	"[{""taxon_id"":""1"",""scientific_name"":""root"",""rank"":""no rank""},{""taxon_id"":""131567"",""scientific_name"":""cellular organisms"",""rank"":""cellular root""},{""taxon_id"":""2759"",""scientific_name"":""Eukaryota"",""rank"":""domain""},{""taxon_id"":""33154"",""scientific_name"":""Opisthokonta"",""rank"":""clade""},{""taxon_id"":""33208"",""scientific_name"":""Metazoa"",""rank"":""kingdom""},{""taxon_id"":""6072"",""scientific_name"":""Eumetazoa"",""rank"":""clade""},{""taxon_id"":""33213"",""scientific_name"":""Bilateria"",""rank"":""clade""},{""taxon_id"":""33511"",""scientific_name"":""Deuterostomia"",""rank"":""clade""},{""taxon_id"":""7711"",""scientific_name"":""Chordata"",""rank"":""phylum""},{""taxon_id"":""89593"",""scientific_name"":""Craniata"",""rank"":""subphylum""},{""taxon_id"":""7742"",""scientific_name"":""Vertebrata"",""rank"":""clade""},{""taxon_id"":""7776"",""scientific_name"":""Gnathostomata"",""rank"":""clade""},{""taxon_id"":""117570"",""scientific_name"":""Teleostomi"",""rank"":""clade""},{""taxon_id"":""117571"",""scientific_name"":""Euteleostomi"",""rank"":""clade""},{""taxon_id"":""8287"",""scientific_name"":""Sarcopterygii"",""rank"":""superclass""},{""taxon_id"":""1338369"",""scientific_name"":""Dipnotetrapodomorpha"",""rank"":""clade""},{""taxon_id"":""32523"",""scientific_name"":""Tetrapoda"",""rank"":""clade""},{""taxon_id"":""32524"",""scientific_name"":""Amniota"",""rank"":""clade""},{""taxon_id"":""40674"",""scientific_name"":""Mammalia"",""rank"":""class""},{""taxon_id"":""32525"",""scientific_name"":""Theria"",""rank"":""clade""},{""taxon_id"":""9347"",""scientific_name"":""Eutheria"",""rank"":""clade""},{""taxon_id"":""1437010"",""scientific_name"":""Boreoeutheria"",""rank"":""clade""},{""taxon_id"":""314145"",""scientific_name"":""Laurasiatheria"",""rank"":""superorder""},{""taxon_id"":""33554"",""scientific_name"":""Carnivora"",""rank"":""order""},{""taxon_id"":""379584"",""scientific_name"":""Caniformia"",""rank"":""suborder""},{""taxon_id"":""9608"",""scientific_name"":""Canidae"",""rank"":""family""},{""taxon_id"":""9611"",""scientific_name"":""Canis"",""rank"":""genus""},{""taxon_id"":""9612"",""scientific_name"":""Canis lupus"",""rank"":""species""},{""taxon_id"":""9615"",""scientific_name"":""Canis lupus familiaris"",""rank"":""subspecies""}]"	post-plan-non-decision-bearing-taxonomy-evidence	new_taxdump_2026-08-01	https://ftp.ncbi.nlm.nih.gov/pub/taxonomy/taxdump_archive/new_taxdump_2026-08-01.zip	2026-08-13T08:23:00Z	c3aac85da1bf473792e95bf8fe2d6933dcb31f2d649a3f8579e21011d772dca9	502ef4e7f1a8383e89d759b056524e8bcc16fe6950965f972d13f44411430f17	0.1.0
NP_001029141.1	13616	Monodelphis domestica	species	13615	26	"[""1"",""131567"",""2759"",""33154"",""33208"",""6072"",""33213"",""33511"",""7711"",""89593"",""7742"",""7776"",""117570"",""117571"",""8287"",""1338369"",""32523"",""32524"",""40674"",""32525"",""9263"",""38605"",""9265"",""126287"",""13615"",""13616""]"	"[""root"",""cellular organisms"",""Eukaryota"",""Opisthokonta"",""Metazoa"",""Eumetazoa"",""Bilateria"",""Deuterostomia"",""Chordata"",""Craniata"",""Vertebrata"",""Gnathostomata"",""Teleostomi"",""Euteleostomi"",""Sarcopterygii"",""Dipnotetrapodomorpha"",""Tetrapoda"",""Amniota"",""Mammalia"",""Theria"",""Metatheria"",""Didelphimorphia"",""Didelphidae"",""Didelphinae"",""Monodelphis"",""Monodelphis domestica""]"	"[""no rank"",""cellular root"",""domain"",""clade"",""kingdom"",""clade"",""clade"",""clade"",""phylum"",""subphylum"",""clade"",""clade"",""clade"",""clade"",""superclass"",""clade"",""clade"",""clade"",""class"",""clade"",""clade"",""order"",""family"",""subfamily"",""genus"",""species""]"	"[{""taxon_id"":""1"",""scientific_name"":""root"",""rank"":""no rank""},{""taxon_id"":""131567"",""scientific_name"":""cellular organisms"",""rank"":""cellular root""},{""taxon_id"":""2759"",""scientific_name"":""Eukaryota"",""rank"":""domain""},{""taxon_id"":""33154"",""scientific_name"":""Opisthokonta"",""rank"":""clade""},{""taxon_id"":""33208"",""scientific_name"":""Metazoa"",""rank"":""kingdom""},{""taxon_id"":""6072"",""scientific_name"":""Eumetazoa"",""rank"":""clade""},{""taxon_id"":""33213"",""scientific_name"":""Bilateria"",""rank"":""clade""},{""taxon_id"":""33511"",""scientific_name"":""Deuterostomia"",""rank"":""clade""},{""taxon_id"":""7711"",""scientific_name"":""Chordata"",""rank"":""phylum""},{""taxon_id"":""89593"",""scientific_name"":""Craniata"",""rank"":""subphylum""},{""taxon_id"":""7742"",""scientific_name"":""Vertebrata"",""rank"":""clade""},{""taxon_id"":""7776"",""scientific_name"":""Gnathostomata"",""rank"":""clade""},{""taxon_id"":""117570"",""scientific_name"":""Teleostomi"",""rank"":""clade""},{""taxon_id"":""117571"",""scientific_name"":""Euteleostomi"",""rank"":""clade""},{""taxon_id"":""8287"",""scientific_name"":""Sarcopterygii"",""rank"":""superclass""},{""taxon_id"":""1338369"",""scientific_name"":""Dipnotetrapodomorpha"",""rank"":""clade""},{""taxon_id"":""32523"",""scientific_name"":""Tetrapoda"",""rank"":""clade""},{""taxon_id"":""32524"",""scientific_name"":""Amniota"",""rank"":""clade""},{""taxon_id"":""40674"",""scientific_name"":""Mammalia"",""rank"":""class""},{""taxon_id"":""32525"",""scientific_name"":""Theria"",""rank"":""clade""},{""taxon_id"":""9263"",""scientific_name"":""Metatheria"",""rank"":""clade""},{""taxon_id"":""38605"",""scientific_name"":""Didelphimorphia"",""rank"":""order""},{""taxon_id"":""9265"",""scientific_name"":""Didelphidae"",""rank"":""family""},{""taxon_id"":""126287"",""scientific_name"":""Didelphinae"",""rank"":""subfamily""},{""taxon_id"":""13615"",""scientific_name"":""Monodelphis"",""rank"":""genus""},{""taxon_id"":""13616"",""scientific_name"":""Monodelphis domestica"",""rank"":""species""}]"	post-plan-non-decision-bearing-taxonomy-evidence	new_taxdump_2026-08-01	https://ftp.ncbi.nlm.nih.gov/pub/taxonomy/taxdump_archive/new_taxdump_2026-08-01.zip	2026-08-13T08:23:00Z	c3aac85da1bf473792e95bf8fe2d6933dcb31f2d649a3f8579e21011d772dca9	502ef4e7f1a8383e89d759b056524e8bcc16fe6950965f972d13f44411430f17	0.1.0
NP_001038958.1	9598	Pan troglodytes	species	9596	32	"[""1"",""131567"",""2759"",""33154"",""33208"",""6072"",""33213"",""33511"",""7711"",""89593"",""7742"",""7776"",""117570"",""117571"",""8287"",""1338369"",""32523"",""32524"",""40674"",""32525"",""9347"",""1437010"",""314146"",""9443"",""376913"",""314293"",""9526"",""314295"",""9604"",""207598"",""9596"",""9598""]"	"[""root"",""cellular organisms"",""Eukaryota"",""Opisthokonta"",""Metazoa"",""Eumetazoa"",""Bilateria"",""Deuterostomia"",""Chordata"",""Craniata"",""Vertebrata"",""Gnathostomata"",""Teleostomi"",""Euteleostomi"",""Sarcopterygii"",""Dipnotetrapodomorpha"",""Tetrapoda"",""Amniota"",""Mammalia"",""Theria"",""Eutheria"",""Boreoeutheria"",""Euarchontoglires"",""Primates"",""Haplorrhini"",""Simiiformes"",""Catarrhini"",""Hominoidea"",""Hominidae"",""Homininae"",""Pan"",""Pan troglodytes""]"	"[""no rank"",""cellular root"",""domain"",""clade"",""kingdom"",""clade"",""clade"",""clade"",""phylum"",""subphylum"",""clade"",""clade"",""clade"",""clade"",""superclass"",""clade"",""clade"",""clade"",""class"",""clade"",""clade"",""clade"",""superorder"",""order"",""suborder"",""infraorder"",""parvorder"",""superfamily"",""family"",""subfamily"",""genus"",""species""]"	"[{""taxon_id"":""1"",""scientific_name"":""root"",""rank"":""no rank""},{""taxon_id"":""131567"",""scientific_name"":""cellular organisms"",""rank"":""cellular root""},{""taxon_id"":""2759"",""scientific_name"":""Eukaryota"",""rank"":""domain""},{""taxon_id"":""33154"",""scientific_name"":""Opisthokonta"",""rank"":""clade""},{""taxon_id"":""33208"",""scientific_name"":""Metazoa"",""rank"":""kingdom""},{""taxon_id"":""6072"",""scientific_name"":""Eumetazoa"",""rank"":""clade""},{""taxon_id"":""33213"",""scientific_name"":""Bilateria"",""rank"":""clade""},{""taxon_id"":""33511"",""scientific_name"":""Deuterostomia"",""rank"":""clade""},{""taxon_id"":""7711"",""scientific_name"":""Chordata"",""rank"":""phylum""},{""taxon_id"":""89593"",""scientific_name"":""Craniata"",""rank"":""subphylum""},{""taxon_id"":""7742"",""scientific_name"":""Vertebrata"",""rank"":""clade""},{""taxon_id"":""7776"",""scientific_name"":""Gnathostomata"",""rank"":""clade""},{""taxon_id"":""117570"",""scientific_name"":""Teleostomi"",""rank"":""clade""},{""taxon_id"":""117571"",""scientific_name"":""Euteleostomi"",""rank"":""clade""},{""taxon_id"":""8287"",""scientific_name"":""Sarcopterygii"",""rank"":""superclass""},{""taxon_id"":""1338369"",""scientific_name"":""Dipnotetrapodomorpha"",""rank"":""clade""},{""taxon_id"":""32523"",""scientific_name"":""Tetrapoda"",""rank"":""clade""},{""taxon_id"":""32524"",""scientific_name"":""Amniota"",""rank"":""clade""},{""taxon_id"":""40674"",""scientific_name"":""Mammalia"",""rank"":""class""},{""taxon_id"":""32525"",""scientific_name"":""Theria"",""rank"":""clade""},{""taxon_id"":""9347"",""scientific_name"":""Eutheria"",""rank"":""clade""},{""taxon_id"":""1437010"",""scientific_name"":""Boreoeutheria"",""rank"":""clade""},{""taxon_id"":""314146"",""scientific_name"":""Euarchontoglires"",""rank"":""superorder""},{""taxon_id"":""9443"",""scientific_name"":""Primates"",""rank"":""order""},{""taxon_id"":""376913"",""scientific_name"":""Haplorrhini"",""rank"":""suborder""},{""taxon_id"":""314293"",""scientific_name"":""Simiiformes"",""rank"":""infraorder""},{""taxon_id"":""9526"",""scientific_name"":""Catarrhini"",""rank"":""parvorder""},{""taxon_id"":""314295"",""scientific_name"":""Hominoidea"",""rank"":""superfamily""},{""taxon_id"":""9604"",""scientific_name"":""Hominidae"",""rank"":""family""},{""taxon_id"":""207598"",""scientific_name"":""Homininae"",""rank"":""subfamily""},{""taxon_id"":""9596"",""scientific_name"":""Pan"",""rank"":""genus""},{""taxon_id"":""9598"",""scientific_name"":""Pan troglodytes"",""rank"":""species""}]"	post-plan-non-decision-bearing-taxonomy-evidence	new_taxdump_2026-08-01	https://ftp.ncbi.nlm.nih.gov/pub/taxonomy/taxdump_archive/new_taxdump_2026-08-01.zip	2026-08-13T08:23:00Z	c3aac85da1bf473792e95bf8fe2d6933dcb31f2d649a3f8579e21011d772dca9	502ef4e7f1a8383e89d759b056524e8bcc16fe6950965f972d13f44411430f17	0.1.0
NP_001107963.1	8364	Xenopus tropicalis	species	8363	26	"[""1"",""131567"",""2759"",""33154"",""33208"",""6072"",""33213"",""33511"",""7711"",""89593"",""7742"",""7776"",""117570"",""117571"",""8287"",""1338369"",""32523"",""8292"",""41666"",""8342"",""30319"",""8352"",""8360"",""8353"",""8363"",""8364""]"	"[""root"",""cellular organisms"",""Eukaryota"",""Opisthokonta"",""Metazoa"",""Eumetazoa"",""Bilateria"",""Deuterostomia"",""Chordata"",""Craniata"",""Vertebrata"",""Gnathostomata"",""Teleostomi"",""Euteleostomi"",""Sarcopterygii"",""Dipnotetrapodomorpha"",""Tetrapoda"",""Amphibia"",""Batrachia"",""Anura"",""Pipoidea"",""Pipidae"",""Xenopodinae"",""Xenopus"",""Silurana"",""Xenopus tropicalis""]"	"[""no rank"",""cellular root"",""domain"",""clade"",""kingdom"",""clade"",""clade"",""clade"",""phylum"",""subphylum"",""clade"",""clade"",""clade"",""clade"",""superclass"",""clade"",""clade"",""class"",""superorder"",""order"",""superfamily"",""family"",""subfamily"",""genus"",""subgenus"",""species""]"	"[{""taxon_id"":""1"",""scientific_name"":""root"",""rank"":""no rank""},{""taxon_id"":""131567"",""scientific_name"":""cellular organisms"",""rank"":""cellular root""},{""taxon_id"":""2759"",""scientific_name"":""Eukaryota"",""rank"":""domain""},{""taxon_id"":""33154"",""scientific_name"":""Opisthokonta"",""rank"":""clade""},{""taxon_id"":""33208"",""scientific_name"":""Metazoa"",""rank"":""kingdom""},{""taxon_id"":""6072"",""scientific_name"":""Eumetazoa"",""rank"":""clade""},{""taxon_id"":""33213"",""scientific_name"":""Bilateria"",""rank"":""clade""},{""taxon_id"":""33511"",""scientific_name"":""Deuterostomia"",""rank"":""clade""},{""taxon_id"":""7711"",""scientific_name"":""Chordata"",""rank"":""phylum""},{""taxon_id"":""89593"",""scientific_name"":""Craniata"",""rank"":""subphylum""},{""taxon_id"":""7742"",""scientific_name"":""Vertebrata"",""rank"":""clade""},{""taxon_id"":""7776"",""scientific_name"":""Gnathostomata"",""rank"":""clade""},{""taxon_id"":""117570"",""scientific_name"":""Teleostomi"",""rank"":""clade""},{""taxon_id"":""117571"",""scientific_name"":""Euteleostomi"",""rank"":""clade""},{""taxon_id"":""8287"",""scientific_name"":""Sarcopterygii"",""rank"":""superclass""},{""taxon_id"":""1338369"",""scientific_name"":""Dipnotetrapodomorpha"",""rank"":""clade""},{""taxon_id"":""32523"",""scientific_name"":""Tetrapoda"",""rank"":""clade""},{""taxon_id"":""8292"",""scientific_name"":""Amphibia"",""rank"":""class""},{""taxon_id"":""41666"",""scientific_name"":""Batrachia"",""rank"":""superorder""},{""taxon_id"":""8342"",""scientific_name"":""Anura"",""rank"":""order""},{""taxon_id"":""30319"",""scientific_name"":""Pipoidea"",""rank"":""superfamily""},{""taxon_id"":""8352"",""scientific_name"":""Pipidae"",""rank"":""family""},{""taxon_id"":""8360"",""scientific_name"":""Xenopodinae"",""rank"":""subfamily""},{""taxon_id"":""8353"",""scientific_name"":""Xenopus"",""rank"":""genus""},{""taxon_id"":""8363"",""scientific_name"":""Silurana"",""rank"":""subgenus""},{""taxon_id"":""8364"",""scientific_name"":""Xenopus tropicalis"",""rank"":""species""}]"	post-plan-non-decision-bearing-taxonomy-evidence	new_taxdump_2026-08-01	https://ftp.ncbi.nlm.nih.gov/pub/taxonomy/taxdump_archive/new_taxdump_2026-08-01.zip	2026-08-13T08:23:00Z	c3aac85da1bf473792e95bf8fe2d6933dcb31f2d649a3f8579e21011d772dca9	502ef4e7f1a8383e89d759b056524e8bcc16fe6950965f972d13f44411430f17	0.1.0
NP_001108421.1	9544	Macaca mulatta	species	9539	32	"[""1"",""131567"",""2759"",""33154"",""33208"",""6072"",""33213"",""33511"",""7711"",""89593"",""7742"",""7776"",""117570"",""117571"",""8287"",""1338369"",""32523"",""32524"",""40674"",""32525"",""9347"",""1437010"",""314146"",""9443"",""376913"",""314293"",""9526"",""314294"",""9527"",""9528"",""9539"",""9544""]"	"[""root"",""cellular organisms"",""Eukaryota"",""Opisthokonta"",""Metazoa"",""Eumetazoa"",""Bilateria"",""Deuterostomia"",""Chordata"",""Craniata"",""Vertebrata"",""Gnathostomata"",""Teleostomi"",""Euteleostomi"",""Sarcopterygii"",""Dipnotetrapodomorpha"",""Tetrapoda"",""Amniota"",""Mammalia"",""Theria"",""Eutheria"",""Boreoeutheria"",""Euarchontoglires"",""Primates"",""Haplorrhini"",""Simiiformes"",""Catarrhini"",""Cercopithecoidea"",""Cercopithecidae"",""Cercopithecinae"",""Macaca"",""Macaca mulatta""]"	"[""no rank"",""cellular root"",""domain"",""clade"",""kingdom"",""clade"",""clade"",""clade"",""phylum"",""subphylum"",""clade"",""clade"",""clade"",""clade"",""superclass"",""clade"",""clade"",""clade"",""class"",""clade"",""clade"",""clade"",""superorder"",""order"",""suborder"",""infraorder"",""parvorder"",""superfamily"",""family"",""subfamily"",""genus"",""species""]"	"[{""taxon_id"":""1"",""scientific_name"":""root"",""rank"":""no rank""},{""taxon_id"":""131567"",""scientific_name"":""cellular organisms"",""rank"":""cellular root""},{""taxon_id"":""2759"",""scientific_name"":""Eukaryota"",""rank"":""domain""},{""taxon_id"":""33154"",""scientific_name"":""Opisthokonta"",""rank"":""clade""},{""taxon_id"":""33208"",""scientific_name"":""Metazoa"",""rank"":""kingdom""},{""taxon_id"":""6072"",""scientific_name"":""Eumetazoa"",""rank"":""clade""},{""taxon_id"":""33213"",""scientific_name"":""Bilateria"",""rank"":""clade""},{""taxon_id"":""33511"",""scientific_name"":""Deuterostomia"",""rank"":""clade""},{""taxon_id"":""7711"",""scientific_name"":""Chordata"",""rank"":""phylum""},{""taxon_id"":""89593"",""scientific_name"":""Craniata"",""rank"":""subphylum""},{""taxon_id"":""7742"",""scientific_name"":""Vertebrata"",""rank"":""clade""},{""taxon_id"":""7776"",""scientific_name"":""Gnathostomata"",""rank"":""clade""},{""taxon_id"":""117570"",""scientific_name"":""Teleostomi"",""rank"":""clade""},{""taxon_id"":""117571"",""scientific_name"":""Euteleostomi"",""rank"":""clade""},{""taxon_id"":""8287"",""scientific_name"":""Sarcopterygii"",""rank"":""superclass""},{""taxon_id"":""1338369"",""scientific_name"":""Dipnotetrapodomorpha"",""rank"":""clade""},{""taxon_id"":""32523"",""scientific_name"":""Tetrapoda"",""rank"":""clade""},{""taxon_id"":""32524"",""scientific_name"":""Amniota"",""rank"":""clade""},{""taxon_id"":""40674"",""scientific_name"":""Mammalia"",""rank"":""class""},{""taxon_id"":""32525"",""scientific_name"":""Theria"",""rank"":""clade""},{""taxon_id"":""9347"",""scientific_name"":""Eutheria"",""rank"":""clade""},{""taxon_id"":""1437010"",""scientific_name"":""Boreoeutheria"",""rank"":""clade""},{""taxon_id"":""314146"",""scientific_name"":""Euarchontoglires"",""rank"":""superorder""},{""taxon_id"":""9443"",""scientific_name"":""Primates"",""rank"":""order""},{""taxon_id"":""376913"",""scientific_name"":""Haplorrhini"",""rank"":""suborder""},{""taxon_id"":""314293"",""scientific_name"":""Simiiformes"",""rank"":""infraorder""},{""taxon_id"":""9526"",""scientific_name"":""Catarrhini"",""rank"":""parvorder""},{""taxon_id"":""314294"",""scientific_name"":""Cercopithecoidea"",""rank"":""superfamily""},{""taxon_id"":""9527"",""scientific_name"":""Cercopithecidae"",""rank"":""family""},{""taxon_id"":""9528"",""scientific_name"":""Cercopithecinae"",""rank"":""subfamily""},{""taxon_id"":""9539"",""scientific_name"":""Macaca"",""rank"":""genus""},{""taxon_id"":""9544"",""scientific_name"":""Macaca mulatta"",""rank"":""species""}]"	post-plan-non-decision-bearing-taxonomy-evidence	new_taxdump_2026-08-01	https://ftp.ncbi.nlm.nih.gov/pub/taxonomy/taxdump_archive/new_taxdump_2026-08-01.zip	2026-08-13T08:23:00Z	c3aac85da1bf473792e95bf8fe2d6933dcb31f2d649a3f8579e21011d772dca9	502ef4e7f1a8383e89d759b056524e8bcc16fe6950965f972d13f44411430f17	0.1.0
NP_009225.1	9606	Homo sapiens	species	9605	32	"[""1"",""131567"",""2759"",""33154"",""33208"",""6072"",""33213"",""33511"",""7711"",""89593"",""7742"",""7776"",""117570"",""117571"",""8287"",""1338369"",""32523"",""32524"",""40674"",""32525"",""9347"",""1437010"",""314146"",""9443"",""376913"",""314293"",""9526"",""314295"",""9604"",""207598"",""9605"",""9606""]"	"[""root"",""cellular organisms"",""Eukaryota"",""Opisthokonta"",""Metazoa"",""Eumetazoa"",""Bilateria"",""Deuterostomia"",""Chordata"",""Craniata"",""Vertebrata"",""Gnathostomata"",""Teleostomi"",""Euteleostomi"",""Sarcopterygii"",""Dipnotetrapodomorpha"",""Tetrapoda"",""Amniota"",""Mammalia"",""Theria"",""Eutheria"",""Boreoeutheria"",""Euarchontoglires"",""Primates"",""Haplorrhini"",""Simiiformes"",""Catarrhini"",""Hominoidea"",""Hominidae"",""Homininae"",""Homo"",""Homo sapiens""]"	"[""no rank"",""cellular root"",""domain"",""clade"",""kingdom"",""clade"",""clade"",""clade"",""phylum"",""subphylum"",""clade"",""clade"",""clade"",""clade"",""superclass"",""clade"",""clade"",""clade"",""class"",""clade"",""clade"",""clade"",""superorder"",""order"",""suborder"",""infraorder"",""parvorder"",""superfamily"",""family"",""subfamily"",""genus"",""species""]"	"[{""taxon_id"":""1"",""scientific_name"":""root"",""rank"":""no rank""},{""taxon_id"":""131567"",""scientific_name"":""cellular organisms"",""rank"":""cellular root""},{""taxon_id"":""2759"",""scientific_name"":""Eukaryota"",""rank"":""domain""},{""taxon_id"":""33154"",""scientific_name"":""Opisthokonta"",""rank"":""clade""},{""taxon_id"":""33208"",""scientific_name"":""Metazoa"",""rank"":""kingdom""},{""taxon_id"":""6072"",""scientific_name"":""Eumetazoa"",""rank"":""clade""},{""taxon_id"":""33213"",""scientific_name"":""Bilateria"",""rank"":""clade""},{""taxon_id"":""33511"",""scientific_name"":""Deuterostomia"",""rank"":""clade""},{""taxon_id"":""7711"",""scientific_name"":""Chordata"",""rank"":""phylum""},{""taxon_id"":""89593"",""scientific_name"":""Craniata"",""rank"":""subphylum""},{""taxon_id"":""7742"",""scientific_name"":""Vertebrata"",""rank"":""clade""},{""taxon_id"":""7776"",""scientific_name"":""Gnathostomata"",""rank"":""clade""},{""taxon_id"":""117570"",""scientific_name"":""Teleostomi"",""rank"":""clade""},{""taxon_id"":""117571"",""scientific_name"":""Euteleostomi"",""rank"":""clade""},{""taxon_id"":""8287"",""scientific_name"":""Sarcopterygii"",""rank"":""superclass""},{""taxon_id"":""1338369"",""scientific_name"":""Dipnotetrapodomorpha"",""rank"":""clade""},{""taxon_id"":""32523"",""scientific_name"":""Tetrapoda"",""rank"":""clade""},{""taxon_id"":""32524"",""scientific_name"":""Amniota"",""rank"":""clade""},{""taxon_id"":""40674"",""scientific_name"":""Mammalia"",""rank"":""class""},{""taxon_id"":""32525"",""scientific_name"":""Theria"",""rank"":""clade""},{""taxon_id"":""9347"",""scientific_name"":""Eutheria"",""rank"":""clade""},{""taxon_id"":""1437010"",""scientific_name"":""Boreoeutheria"",""rank"":""clade""},{""taxon_id"":""314146"",""scientific_name"":""Euarchontoglires"",""rank"":""superorder""},{""taxon_id"":""9443"",""scientific_name"":""Primates"",""rank"":""order""},{""taxon_id"":""376913"",""scientific_name"":""Haplorrhini"",""rank"":""suborder""},{""taxon_id"":""314293"",""scientific_name"":""Simiiformes"",""rank"":""infraorder""},{""taxon_id"":""9526"",""scientific_name"":""Catarrhini"",""rank"":""parvorder""},{""taxon_id"":""314295"",""scientific_name"":""Hominoidea"",""rank"":""superfamily""},{""taxon_id"":""9604"",""scientific_name"":""Hominidae"",""rank"":""family""},{""taxon_id"":""207598"",""scientific_name"":""Homininae"",""rank"":""subfamily""},{""taxon_id"":""9605"",""scientific_name"":""Homo"",""rank"":""genus""},{""taxon_id"":""9606"",""scientific_name"":""Homo sapiens"",""rank"":""species""}]"	post-plan-non-decision-bearing-taxonomy-evidence	new_taxdump_2026-08-01	https://ftp.ncbi.nlm.nih.gov/pub/taxonomy/taxdump_archive/new_taxdump_2026-08-01.zip	2026-08-13T08:23:00Z	c3aac85da1bf473792e95bf8fe2d6933dcb31f2d649a3f8579e21011d772dca9	502ef4e7f1a8383e89d759b056524e8bcc16fe6950965f972d13f44411430f17	0.1.0
NP_033894.3	10090	Mus musculus	species	862507	32	"[""1"",""131567"",""2759"",""33154"",""33208"",""6072"",""33213"",""33511"",""7711"",""89593"",""7742"",""7776"",""117570"",""117571"",""8287"",""1338369"",""32523"",""32524"",""40674"",""32525"",""9347"",""1437010"",""314146"",""314147"",""9989"",""1963758"",""337687"",""10066"",""39107"",""10088"",""862507"",""10090""]"	"[""root"",""cellular organisms"",""Eukaryota"",""Opisthokonta"",""Metazoa"",""Eumetazoa"",""Bilateria"",""Deuterostomia"",""Chordata"",""Craniata"",""Vertebrata"",""Gnathostomata"",""Teleostomi"",""Euteleostomi"",""Sarcopterygii"",""Dipnotetrapodomorpha"",""Tetrapoda"",""Amniota"",""Mammalia"",""Theria"",""Eutheria"",""Boreoeutheria"",""Euarchontoglires"",""Glires"",""Rodentia"",""Myomorpha"",""Muroidea"",""Muridae"",""Murinae"",""Mus"",""Mus"",""Mus musculus""]"	"[""no rank"",""cellular root"",""domain"",""clade"",""kingdom"",""clade"",""clade"",""clade"",""phylum"",""subphylum"",""clade"",""clade"",""clade"",""clade"",""superclass"",""clade"",""clade"",""clade"",""class"",""clade"",""clade"",""clade"",""superorder"",""clade"",""order"",""suborder"",""clade"",""family"",""subfamily"",""genus"",""subgenus"",""species""]"	"[{""taxon_id"":""1"",""scientific_name"":""root"",""rank"":""no rank""},{""taxon_id"":""131567"",""scientific_name"":""cellular organisms"",""rank"":""cellular root""},{""taxon_id"":""2759"",""scientific_name"":""Eukaryota"",""rank"":""domain""},{""taxon_id"":""33154"",""scientific_name"":""Opisthokonta"",""rank"":""clade""},{""taxon_id"":""33208"",""scientific_name"":""Metazoa"",""rank"":""kingdom""},{""taxon_id"":""6072"",""scientific_name"":""Eumetazoa"",""rank"":""clade""},{""taxon_id"":""33213"",""scientific_name"":""Bilateria"",""rank"":""clade""},{""taxon_id"":""33511"",""scientific_name"":""Deuterostomia"",""rank"":""clade""},{""taxon_id"":""7711"",""scientific_name"":""Chordata"",""rank"":""phylum""},{""taxon_id"":""89593"",""scientific_name"":""Craniata"",""rank"":""subphylum""},{""taxon_id"":""7742"",""scientific_name"":""Vertebrata"",""rank"":""clade""},{""taxon_id"":""7776"",""scientific_name"":""Gnathostomata"",""rank"":""clade""},{""taxon_id"":""117570"",""scientific_name"":""Teleostomi"",""rank"":""clade""},{""taxon_id"":""117571"",""scientific_name"":""Euteleostomi"",""rank"":""clade""},{""taxon_id"":""8287"",""scientific_name"":""Sarcopterygii"",""rank"":""superclass""},{""taxon_id"":""1338369"",""scientific_name"":""Dipnotetrapodomorpha"",""rank"":""clade""},{""taxon_id"":""32523"",""scientific_name"":""Tetrapoda"",""rank"":""clade""},{""taxon_id"":""32524"",""scientific_name"":""Amniota"",""rank"":""clade""},{""taxon_id"":""40674"",""scientific_name"":""Mammalia"",""rank"":""class""},{""taxon_id"":""32525"",""scientific_name"":""Theria"",""rank"":""clade""},{""taxon_id"":""9347"",""scientific_name"":""Eutheria"",""rank"":""clade""},{""taxon_id"":""1437010"",""scientific_name"":""Boreoeutheria"",""rank"":""clade""},{""taxon_id"":""314146"",""scientific_name"":""Euarchontoglires"",""rank"":""superorder""},{""taxon_id"":""314147"",""scientific_name"":""Glires"",""rank"":""clade""},{""taxon_id"":""9989"",""scientific_name"":""Rodentia"",""rank"":""order""},{""taxon_id"":""1963758"",""scientific_name"":""Myomorpha"",""rank"":""suborder""},{""taxon_id"":""337687"",""scientific_name"":""Muroidea"",""rank"":""clade""},{""taxon_id"":""10066"",""scientific_name"":""Muridae"",""rank"":""family""},{""taxon_id"":""39107"",""scientific_name"":""Murinae"",""rank"":""subfamily""},{""taxon_id"":""10088"",""scientific_name"":""Mus"",""rank"":""genus""},{""taxon_id"":""862507"",""scientific_name"":""Mus"",""rank"":""subgenus""},{""taxon_id"":""10090"",""scientific_name"":""Mus musculus"",""rank"":""species""}]"	post-plan-non-decision-bearing-taxonomy-evidence	new_taxdump_2026-08-01	https://ftp.ncbi.nlm.nih.gov/pub/taxonomy/taxdump_archive/new_taxdump_2026-08-01.zip	2026-08-13T08:23:00Z	c3aac85da1bf473792e95bf8fe2d6933dcb31f2d649a3f8579e21011d772dca9	502ef4e7f1a8383e89d759b056524e8bcc16fe6950965f972d13f44411430f17	0.1.0
NP_036646.2	10116	Rattus norvegicus	species	10114	31	"[""1"",""131567"",""2759"",""33154"",""33208"",""6072"",""33213"",""33511"",""7711"",""89593"",""7742"",""7776"",""117570"",""117571"",""8287"",""1338369"",""32523"",""32524"",""40674"",""32525"",""9347"",""1437010"",""314146"",""314147"",""9989"",""1963758"",""337687"",""10066"",""39107"",""10114"",""10116""]"	"[""root"",""cellular organisms"",""Eukaryota"",""Opisthokonta"",""Metazoa"",""Eumetazoa"",""Bilateria"",""Deuterostomia"",""Chordata"",""Craniata"",""Vertebrata"",""Gnathostomata"",""Teleostomi"",""Euteleostomi"",""Sarcopterygii"",""Dipnotetrapodomorpha"",""Tetrapoda"",""Amniota"",""Mammalia"",""Theria"",""Eutheria"",""Boreoeutheria"",""Euarchontoglires"",""Glires"",""Rodentia"",""Myomorpha"",""Muroidea"",""Muridae"",""Murinae"",""Rattus"",""Rattus norvegicus""]"	"[""no rank"",""cellular root"",""domain"",""clade"",""kingdom"",""clade"",""clade"",""clade"",""phylum"",""subphylum"",""clade"",""clade"",""clade"",""clade"",""superclass"",""clade"",""clade"",""clade"",""class"",""clade"",""clade"",""clade"",""superorder"",""clade"",""order"",""suborder"",""clade"",""family"",""subfamily"",""genus"",""species""]"	"[{""taxon_id"":""1"",""scientific_name"":""root"",""rank"":""no rank""},{""taxon_id"":""131567"",""scientific_name"":""cellular organisms"",""rank"":""cellular root""},{""taxon_id"":""2759"",""scientific_name"":""Eukaryota"",""rank"":""domain""},{""taxon_id"":""33154"",""scientific_name"":""Opisthokonta"",""rank"":""clade""},{""taxon_id"":""33208"",""scientific_name"":""Metazoa"",""rank"":""kingdom""},{""taxon_id"":""6072"",""scientific_name"":""Eumetazoa"",""rank"":""clade""},{""taxon_id"":""33213"",""scientific_name"":""Bilateria"",""rank"":""clade""},{""taxon_id"":""33511"",""scientific_name"":""Deuterostomia"",""rank"":""clade""},{""taxon_id"":""7711"",""scientific_name"":""Chordata"",""rank"":""phylum""},{""taxon_id"":""89593"",""scientific_name"":""Craniata"",""rank"":""subphylum""},{""taxon_id"":""7742"",""scientific_name"":""Vertebrata"",""rank"":""clade""},{""taxon_id"":""7776"",""scientific_name"":""Gnathostomata"",""rank"":""clade""},{""taxon_id"":""117570"",""scientific_name"":""Teleostomi"",""rank"":""clade""},{""taxon_id"":""117571"",""scientific_name"":""Euteleostomi"",""rank"":""clade""},{""taxon_id"":""8287"",""scientific_name"":""Sarcopterygii"",""rank"":""superclass""},{""taxon_id"":""1338369"",""scientific_name"":""Dipnotetrapodomorpha"",""rank"":""clade""},{""taxon_id"":""32523"",""scientific_name"":""Tetrapoda"",""rank"":""clade""},{""taxon_id"":""32524"",""scientific_name"":""Amniota"",""rank"":""clade""},{""taxon_id"":""40674"",""scientific_name"":""Mammalia"",""rank"":""class""},{""taxon_id"":""32525"",""scientific_name"":""Theria"",""rank"":""clade""},{""taxon_id"":""9347"",""scientific_name"":""Eutheria"",""rank"":""clade""},{""taxon_id"":""1437010"",""scientific_name"":""Boreoeutheria"",""rank"":""clade""},{""taxon_id"":""314146"",""scientific_name"":""Euarchontoglires"",""rank"":""superorder""},{""taxon_id"":""314147"",""scientific_name"":""Glires"",""rank"":""clade""},{""taxon_id"":""9989"",""scientific_name"":""Rodentia"",""rank"":""order""},{""taxon_id"":""1963758"",""scientific_name"":""Myomorpha"",""rank"":""suborder""},{""taxon_id"":""337687"",""scientific_name"":""Muroidea"",""rank"":""clade""},{""taxon_id"":""10066"",""scientific_name"":""Muridae"",""rank"":""family""},{""taxon_id"":""39107"",""scientific_name"":""Murinae"",""rank"":""subfamily""},{""taxon_id"":""10114"",""scientific_name"":""Rattus"",""rank"":""genus""},{""taxon_id"":""10116"",""scientific_name"":""Rattus norvegicus"",""rank"":""species""}]"	post-plan-non-decision-bearing-taxonomy-evidence	new_taxdump_2026-08-01	https://ftp.ncbi.nlm.nih.gov/pub/taxonomy/taxdump_archive/new_taxdump_2026-08-01.zip	2026-08-13T08:23:00Z	c3aac85da1bf473792e95bf8fe2d6933dcb31f2d649a3f8579e21011d772dca9	502ef4e7f1a8383e89d759b056524e8bcc16fe6950965f972d13f44411430f17	0.1.0
NP_848668.1	9913	Bos taurus	species	9903	30	"[""1"",""131567"",""2759"",""33154"",""33208"",""6072"",""33213"",""33511"",""7711"",""89593"",""7742"",""7776"",""117570"",""117571"",""8287"",""1338369"",""32523"",""32524"",""40674"",""32525"",""9347"",""1437010"",""314145"",""91561"",""9845"",""35500"",""9895"",""27592"",""9903"",""9913""]"	"[""root"",""cellular organisms"",""Eukaryota"",""Opisthokonta"",""Metazoa"",""Eumetazoa"",""Bilateria"",""Deuterostomia"",""Chordata"",""Craniata"",""Vertebrata"",""Gnathostomata"",""Teleostomi"",""Euteleostomi"",""Sarcopterygii"",""Dipnotetrapodomorpha"",""Tetrapoda"",""Amniota"",""Mammalia"",""Theria"",""Eutheria"",""Boreoeutheria"",""Laurasiatheria"",""Artiodactyla"",""Ruminantia"",""Pecora"",""Bovidae"",""Bovinae"",""Bos"",""Bos taurus""]"	"[""no rank"",""cellular root"",""domain"",""clade"",""kingdom"",""clade"",""clade"",""clade"",""phylum"",""subphylum"",""clade"",""clade"",""clade"",""clade"",""superclass"",""clade"",""clade"",""clade"",""class"",""clade"",""clade"",""clade"",""superorder"",""order"",""suborder"",""infraorder"",""family"",""subfamily"",""genus"",""species""]"	"[{""taxon_id"":""1"",""scientific_name"":""root"",""rank"":""no rank""},{""taxon_id"":""131567"",""scientific_name"":""cellular organisms"",""rank"":""cellular root""},{""taxon_id"":""2759"",""scientific_name"":""Eukaryota"",""rank"":""domain""},{""taxon_id"":""33154"",""scientific_name"":""Opisthokonta"",""rank"":""clade""},{""taxon_id"":""33208"",""scientific_name"":""Metazoa"",""rank"":""kingdom""},{""taxon_id"":""6072"",""scientific_name"":""Eumetazoa"",""rank"":""clade""},{""taxon_id"":""33213"",""scientific_name"":""Bilateria"",""rank"":""clade""},{""taxon_id"":""33511"",""scientific_name"":""Deuterostomia"",""rank"":""clade""},{""taxon_id"":""7711"",""scientific_name"":""Chordata"",""rank"":""phylum""},{""taxon_id"":""89593"",""scientific_name"":""Craniata"",""rank"":""subphylum""},{""taxon_id"":""7742"",""scientific_name"":""Vertebrata"",""rank"":""clade""},{""taxon_id"":""7776"",""scientific_name"":""Gnathostomata"",""rank"":""clade""},{""taxon_id"":""117570"",""scientific_name"":""Teleostomi"",""rank"":""clade""},{""taxon_id"":""117571"",""scientific_name"":""Euteleostomi"",""rank"":""clade""},{""taxon_id"":""8287"",""scientific_name"":""Sarcopterygii"",""rank"":""superclass""},{""taxon_id"":""1338369"",""scientific_name"":""Dipnotetrapodomorpha"",""rank"":""clade""},{""taxon_id"":""32523"",""scientific_name"":""Tetrapoda"",""rank"":""clade""},{""taxon_id"":""32524"",""scientific_name"":""Amniota"",""rank"":""clade""},{""taxon_id"":""40674"",""scientific_name"":""Mammalia"",""rank"":""class""},{""taxon_id"":""32525"",""scientific_name"":""Theria"",""rank"":""clade""},{""taxon_id"":""9347"",""scientific_name"":""Eutheria"",""rank"":""clade""},{""taxon_id"":""1437010"",""scientific_name"":""Boreoeutheria"",""rank"":""clade""},{""taxon_id"":""314145"",""scientific_name"":""Laurasiatheria"",""rank"":""superorder""},{""taxon_id"":""91561"",""scientific_name"":""Artiodactyla"",""rank"":""order""},{""taxon_id"":""9845"",""scientific_name"":""Ruminantia"",""rank"":""suborder""},{""taxon_id"":""35500"",""scientific_name"":""Pecora"",""rank"":""infraorder""},{""taxon_id"":""9895"",""scientific_name"":""Bovidae"",""rank"":""family""},{""taxon_id"":""27592"",""scientific_name"":""Bovinae"",""rank"":""subfamily""},{""taxon_id"":""9903"",""scientific_name"":""Bos"",""rank"":""genus""},{""taxon_id"":""9913"",""scientific_name"":""Bos taurus"",""rank"":""species""}]"	post-plan-non-decision-bearing-taxonomy-evidence	new_taxdump_2026-08-01	https://ftp.ncbi.nlm.nih.gov/pub/taxonomy/taxdump_archive/new_taxdump_2026-08-01.zip	2026-08-13T08:23:00Z	c3aac85da1bf473792e95bf8fe2d6933dcb31f2d649a3f8579e21011d772dca9	502ef4e7f1a8383e89d759b056524e8bcc16fe6950965f972d13f44411430f17	0.1.0
NP_989500.1	9031	Gallus gallus	species	9030	34	"[""1"",""131567"",""2759"",""33154"",""33208"",""6072"",""33213"",""33511"",""7711"",""89593"",""7742"",""7776"",""117570"",""117571"",""8287"",""1338369"",""32523"",""32524"",""8457"",""32561"",""1329799"",""8492"",""436486"",""436489"",""436491"",""436492"",""8782"",""8825"",""1549675"",""8976"",""9005"",""9072"",""9030"",""9031""]"	"[""root"",""cellular organisms"",""Eukaryota"",""Opisthokonta"",""Metazoa"",""Eumetazoa"",""Bilateria"",""Deuterostomia"",""Chordata"",""Craniata"",""Vertebrata"",""Gnathostomata"",""Teleostomi"",""Euteleostomi"",""Sarcopterygii"",""Dipnotetrapodomorpha"",""Tetrapoda"",""Amniota"",""Sauropsida"",""Sauria"",""Archelosauria"",""Archosauria"",""Dinosauria"",""Saurischia"",""Theropoda"",""Coelurosauria"",""Aves"",""Neognathae"",""Galloanserae"",""Galliformes"",""Phasianidae"",""Phasianinae"",""Gallus"",""Gallus gallus""]"	"[""no rank"",""cellular root"",""domain"",""clade"",""kingdom"",""clade"",""clade"",""clade"",""phylum"",""subphylum"",""clade"",""clade"",""clade"",""clade"",""superclass"",""clade"",""clade"",""clade"",""clade"",""clade"",""clade"",""clade"",""clade"",""clade"",""clade"",""clade"",""class"",""infraclass"",""superorder"",""order"",""family"",""subfamily"",""genus"",""species""]"	"[{""taxon_id"":""1"",""scientific_name"":""root"",""rank"":""no rank""},{""taxon_id"":""131567"",""scientific_name"":""cellular organisms"",""rank"":""cellular root""},{""taxon_id"":""2759"",""scientific_name"":""Eukaryota"",""rank"":""domain""},{""taxon_id"":""33154"",""scientific_name"":""Opisthokonta"",""rank"":""clade""},{""taxon_id"":""33208"",""scientific_name"":""Metazoa"",""rank"":""kingdom""},{""taxon_id"":""6072"",""scientific_name"":""Eumetazoa"",""rank"":""clade""},{""taxon_id"":""33213"",""scientific_name"":""Bilateria"",""rank"":""clade""},{""taxon_id"":""33511"",""scientific_name"":""Deuterostomia"",""rank"":""clade""},{""taxon_id"":""7711"",""scientific_name"":""Chordata"",""rank"":""phylum""},{""taxon_id"":""89593"",""scientific_name"":""Craniata"",""rank"":""subphylum""},{""taxon_id"":""7742"",""scientific_name"":""Vertebrata"",""rank"":""clade""},{""taxon_id"":""7776"",""scientific_name"":""Gnathostomata"",""rank"":""clade""},{""taxon_id"":""117570"",""scientific_name"":""Teleostomi"",""rank"":""clade""},{""taxon_id"":""117571"",""scientific_name"":""Euteleostomi"",""rank"":""clade""},{""taxon_id"":""8287"",""scientific_name"":""Sarcopterygii"",""rank"":""superclass""},{""taxon_id"":""1338369"",""scientific_name"":""Dipnotetrapodomorpha"",""rank"":""clade""},{""taxon_id"":""32523"",""scientific_name"":""Tetrapoda"",""rank"":""clade""},{""taxon_id"":""32524"",""scientific_name"":""Amniota"",""rank"":""clade""},{""taxon_id"":""8457"",""scientific_name"":""Sauropsida"",""rank"":""clade""},{""taxon_id"":""32561"",""scientific_name"":""Sauria"",""rank"":""clade""},{""taxon_id"":""1329799"",""scientific_name"":""Archelosauria"",""rank"":""clade""},{""taxon_id"":""8492"",""scientific_name"":""Archosauria"",""rank"":""clade""},{""taxon_id"":""436486"",""scientific_name"":""Dinosauria"",""rank"":""clade""},{""taxon_id"":""436489"",""scientific_name"":""Saurischia"",""rank"":""clade""},{""taxon_id"":""436491"",""scientific_name"":""Theropoda"",""rank"":""clade""},{""taxon_id"":""436492"",""scientific_name"":""Coelurosauria"",""rank"":""clade""},{""taxon_id"":""8782"",""scientific_name"":""Aves"",""rank"":""class""},{""taxon_id"":""8825"",""scientific_name"":""Neognathae"",""rank"":""infraclass""},{""taxon_id"":""1549675"",""scientific_name"":""Galloanserae"",""rank"":""superorder""},{""taxon_id"":""8976"",""scientific_name"":""Galliformes"",""rank"":""order""},{""taxon_id"":""9005"",""scientific_name"":""Phasianidae"",""rank"":""family""},{""taxon_id"":""9072"",""scientific_name"":""Phasianinae"",""rank"":""subfamily""},{""taxon_id"":""9030"",""scientific_name"":""Gallus"",""rank"":""genus""},{""taxon_id"":""9031"",""scientific_name"":""Gallus gallus"",""rank"":""species""}]"	post-plan-non-decision-bearing-taxonomy-evidence	new_taxdump_2026-08-01	https://ftp.ncbi.nlm.nih.gov/pub/taxonomy/taxdump_archive/new_taxdump_2026-08-01.zip	2026-08-13T08:23:00Z	c3aac85da1bf473792e95bf8fe2d6933dcb31f2d649a3f8579e21011d772dca9	502ef4e7f1a8383e89d759b056524e8bcc16fe6950965f972d13f44411430f17	0.1.0
XP_003414318.3	9785	Loxodonta africana	species	9784	26	"[""1"",""131567"",""2759"",""33154"",""33208"",""6072"",""33213"",""33511"",""7711"",""89593"",""7742"",""7776"",""117570"",""117571"",""8287"",""1338369"",""32523"",""32524"",""40674"",""32525"",""9347"",""311790"",""9779"",""9780"",""9784"",""9785""]"	"[""root"",""cellular organisms"",""Eukaryota"",""Opisthokonta"",""Metazoa"",""Eumetazoa"",""Bilateria"",""Deuterostomia"",""Chordata"",""Craniata"",""Vertebrata"",""Gnathostomata"",""Teleostomi"",""Euteleostomi"",""Sarcopterygii"",""Dipnotetrapodomorpha"",""Tetrapoda"",""Amniota"",""Mammalia"",""Theria"",""Eutheria"",""Afrotheria"",""Proboscidea"",""Elephantidae"",""Loxodonta"",""Loxodonta africana""]"	"[""no rank"",""cellular root"",""domain"",""clade"",""kingdom"",""clade"",""clade"",""clade"",""phylum"",""subphylum"",""clade"",""clade"",""clade"",""clade"",""superclass"",""clade"",""clade"",""clade"",""class"",""clade"",""clade"",""superorder"",""order"",""family"",""genus"",""species""]"	"[{""taxon_id"":""1"",""scientific_name"":""root"",""rank"":""no rank""},{""taxon_id"":""131567"",""scientific_name"":""cellular organisms"",""rank"":""cellular root""},{""taxon_id"":""2759"",""scientific_name"":""Eukaryota"",""rank"":""domain""},{""taxon_id"":""33154"",""scientific_name"":""Opisthokonta"",""rank"":""clade""},{""taxon_id"":""33208"",""scientific_name"":""Metazoa"",""rank"":""kingdom""},{""taxon_id"":""6072"",""scientific_name"":""Eumetazoa"",""rank"":""clade""},{""taxon_id"":""33213"",""scientific_name"":""Bilateria"",""rank"":""clade""},{""taxon_id"":""33511"",""scientific_name"":""Deuterostomia"",""rank"":""clade""},{""taxon_id"":""7711"",""scientific_name"":""Chordata"",""rank"":""phylum""},{""taxon_id"":""89593"",""scientific_name"":""Craniata"",""rank"":""subphylum""},{""taxon_id"":""7742"",""scientific_name"":""Vertebrata"",""rank"":""clade""},{""taxon_id"":""7776"",""scientific_name"":""Gnathostomata"",""rank"":""clade""},{""taxon_id"":""117570"",""scientific_name"":""Teleostomi"",""rank"":""clade""},{""taxon_id"":""117571"",""scientific_name"":""Euteleostomi"",""rank"":""clade""},{""taxon_id"":""8287"",""scientific_name"":""Sarcopterygii"",""rank"":""superclass""},{""taxon_id"":""1338369"",""scientific_name"":""Dipnotetrapodomorpha"",""rank"":""clade""},{""taxon_id"":""32523"",""scientific_name"":""Tetrapoda"",""rank"":""clade""},{""taxon_id"":""32524"",""scientific_name"":""Amniota"",""rank"":""clade""},{""taxon_id"":""40674"",""scientific_name"":""Mammalia"",""rank"":""class""},{""taxon_id"":""32525"",""scientific_name"":""Theria"",""rank"":""clade""},{""taxon_id"":""9347"",""scientific_name"":""Eutheria"",""rank"":""clade""},{""taxon_id"":""311790"",""scientific_name"":""Afrotheria"",""rank"":""superorder""},{""taxon_id"":""9779"",""scientific_name"":""Proboscidea"",""rank"":""order""},{""taxon_id"":""9780"",""scientific_name"":""Elephantidae"",""rank"":""family""},{""taxon_id"":""9784"",""scientific_name"":""Loxodonta"",""rank"":""genus""},{""taxon_id"":""9785"",""scientific_name"":""Loxodonta africana"",""rank"":""species""}]"	post-plan-non-decision-bearing-taxonomy-evidence	new_taxdump_2026-08-01	https://ftp.ncbi.nlm.nih.gov/pub/taxonomy/taxdump_archive/new_taxdump_2026-08-01.zip	2026-08-13T08:23:00Z	c3aac85da1bf473792e95bf8fe2d6933dcb31f2d649a3f8579e21011d772dca9	502ef4e7f1a8383e89d759b056524e8bcc16fe6950965f972d13f44411430f17	0.1.0
XP_006125762.2	13735	Pelodiscus sinensis	species	204969	28	"[""1"",""131567"",""2759"",""33154"",""33208"",""6072"",""33213"",""33511"",""7711"",""89593"",""7742"",""7776"",""117570"",""117571"",""8287"",""1338369"",""32523"",""32524"",""8457"",""32561"",""1329799"",""2841271"",""8459"",""8464"",""1579275"",""34907"",""204969"",""13735""]"	"[""root"",""cellular organisms"",""Eukaryota"",""Opisthokonta"",""Metazoa"",""Eumetazoa"",""Bilateria"",""Deuterostomia"",""Chordata"",""Craniata"",""Vertebrata"",""Gnathostomata"",""Teleostomi"",""Euteleostomi"",""Sarcopterygii"",""Dipnotetrapodomorpha"",""Tetrapoda"",""Amniota"",""Sauropsida"",""Sauria"",""Archelosauria"",""Testudinata"",""Testudines"",""Cryptodira"",""Trionychia"",""Trionychidae"",""Pelodiscus"",""Pelodiscus sinensis""]"	"[""no rank"",""cellular root"",""domain"",""clade"",""kingdom"",""clade"",""clade"",""clade"",""phylum"",""subphylum"",""clade"",""clade"",""clade"",""clade"",""superclass"",""clade"",""clade"",""clade"",""clade"",""clade"",""clade"",""subclass"",""order"",""suborder"",""superfamily"",""family"",""genus"",""species""]"	"[{""taxon_id"":""1"",""scientific_name"":""root"",""rank"":""no rank""},{""taxon_id"":""131567"",""scientific_name"":""cellular organisms"",""rank"":""cellular root""},{""taxon_id"":""2759"",""scientific_name"":""Eukaryota"",""rank"":""domain""},{""taxon_id"":""33154"",""scientific_name"":""Opisthokonta"",""rank"":""clade""},{""taxon_id"":""33208"",""scientific_name"":""Metazoa"",""rank"":""kingdom""},{""taxon_id"":""6072"",""scientific_name"":""Eumetazoa"",""rank"":""clade""},{""taxon_id"":""33213"",""scientific_name"":""Bilateria"",""rank"":""clade""},{""taxon_id"":""33511"",""scientific_name"":""Deuterostomia"",""rank"":""clade""},{""taxon_id"":""7711"",""scientific_name"":""Chordata"",""rank"":""phylum""},{""taxon_id"":""89593"",""scientific_name"":""Craniata"",""rank"":""subphylum""},{""taxon_id"":""7742"",""scientific_name"":""Vertebrata"",""rank"":""clade""},{""taxon_id"":""7776"",""scientific_name"":""Gnathostomata"",""rank"":""clade""},{""taxon_id"":""117570"",""scientific_name"":""Teleostomi"",""rank"":""clade""},{""taxon_id"":""117571"",""scientific_name"":""Euteleostomi"",""rank"":""clade""},{""taxon_id"":""8287"",""scientific_name"":""Sarcopterygii"",""rank"":""superclass""},{""taxon_id"":""1338369"",""scientific_name"":""Dipnotetrapodomorpha"",""rank"":""clade""},{""taxon_id"":""32523"",""scientific_name"":""Tetrapoda"",""rank"":""clade""},{""taxon_id"":""32524"",""scientific_name"":""Amniota"",""rank"":""clade""},{""taxon_id"":""8457"",""scientific_name"":""Sauropsida"",""rank"":""clade""},{""taxon_id"":""32561"",""scientific_name"":""Sauria"",""rank"":""clade""},{""taxon_id"":""1329799"",""scientific_name"":""Archelosauria"",""rank"":""clade""},{""taxon_id"":""2841271"",""scientific_name"":""Testudinata"",""rank"":""subclass""},{""taxon_id"":""8459"",""scientific_name"":""Testudines"",""rank"":""order""},{""taxon_id"":""8464"",""scientific_name"":""Cryptodira"",""rank"":""suborder""},{""taxon_id"":""1579275"",""scientific_name"":""Trionychia"",""rank"":""superfamily""},{""taxon_id"":""34907"",""scientific_name"":""Trionychidae"",""rank"":""family""},{""taxon_id"":""204969"",""scientific_name"":""Pelodiscus"",""rank"":""genus""},{""taxon_id"":""13735"",""scientific_name"":""Pelodiscus sinensis"",""rank"":""species""}]"	post-plan-non-decision-bearing-taxonomy-evidence	new_taxdump_2026-08-01	https://ftp.ncbi.nlm.nih.gov/pub/taxonomy/taxdump_archive/new_taxdump_2026-08-01.zip	2026-08-13T08:23:00Z	c3aac85da1bf473792e95bf8fe2d6933dcb31f2d649a3f8579e21011d772dca9	502ef4e7f1a8383e89d759b056524e8bcc16fe6950965f972d13f44411430f17	0.1.0
XP_008111382.1	28377	Anolis carolinensis	species	28376	30	"[""1"",""131567"",""2759"",""33154"",""33208"",""6072"",""33213"",""33511"",""7711"",""89593"",""7742"",""7776"",""117570"",""117571"",""8287"",""1338369"",""32523"",""32524"",""8457"",""32561"",""8504"",""8509"",""1329961"",""1329950"",""1329912"",""1329911"",""8511"",""2024747"",""28376"",""28377""]"	"[""root"",""cellular organisms"",""Eukaryota"",""Opisthokonta"",""Metazoa"",""Eumetazoa"",""Bilateria"",""Deuterostomia"",""Chordata"",""Craniata"",""Vertebrata"",""Gnathostomata"",""Teleostomi"",""Euteleostomi"",""Sarcopterygii"",""Dipnotetrapodomorpha"",""Tetrapoda"",""Amniota"",""Sauropsida"",""Sauria"",""Lepidosauria"",""Squamata"",""Bifurcata"",""Unidentata"",""Episquamata"",""Toxicofera"",""Iguania"",""Dactyloidae"",""Anolis"",""Anolis carolinensis""]"	"[""no rank"",""cellular root"",""domain"",""clade"",""kingdom"",""clade"",""clade"",""clade"",""phylum"",""subphylum"",""clade"",""clade"",""clade"",""clade"",""superclass"",""clade"",""clade"",""clade"",""clade"",""clade"",""class"",""order"",""clade"",""clade"",""clade"",""clade"",""suborder"",""family"",""genus"",""species""]"	"[{""taxon_id"":""1"",""scientific_name"":""root"",""rank"":""no rank""},{""taxon_id"":""131567"",""scientific_name"":""cellular organisms"",""rank"":""cellular root""},{""taxon_id"":""2759"",""scientific_name"":""Eukaryota"",""rank"":""domain""},{""taxon_id"":""33154"",""scientific_name"":""Opisthokonta"",""rank"":""clade""},{""taxon_id"":""33208"",""scientific_name"":""Metazoa"",""rank"":""kingdom""},{""taxon_id"":""6072"",""scientific_name"":""Eumetazoa"",""rank"":""clade""},{""taxon_id"":""33213"",""scientific_name"":""Bilateria"",""rank"":""clade""},{""taxon_id"":""33511"",""scientific_name"":""Deuterostomia"",""rank"":""clade""},{""taxon_id"":""7711"",""scientific_name"":""Chordata"",""rank"":""phylum""},{""taxon_id"":""89593"",""scientific_name"":""Craniata"",""rank"":""subphylum""},{""taxon_id"":""7742"",""scientific_name"":""Vertebrata"",""rank"":""clade""},{""taxon_id"":""7776"",""scientific_name"":""Gnathostomata"",""rank"":""clade""},{""taxon_id"":""117570"",""scientific_name"":""Teleostomi"",""rank"":""clade""},{""taxon_id"":""117571"",""scientific_name"":""Euteleostomi"",""rank"":""clade""},{""taxon_id"":""8287"",""scientific_name"":""Sarcopterygii"",""rank"":""superclass""},{""taxon_id"":""1338369"",""scientific_name"":""Dipnotetrapodomorpha"",""rank"":""clade""},{""taxon_id"":""32523"",""scientific_name"":""Tetrapoda"",""rank"":""clade""},{""taxon_id"":""32524"",""scientific_name"":""Amniota"",""rank"":""clade""},{""taxon_id"":""8457"",""scientific_name"":""Sauropsida"",""rank"":""clade""},{""taxon_id"":""32561"",""scientific_name"":""Sauria"",""rank"":""clade""},{""taxon_id"":""8504"",""scientific_name"":""Lepidosauria"",""rank"":""class""},{""taxon_id"":""8509"",""scientific_name"":""Squamata"",""rank"":""order""},{""taxon_id"":""1329961"",""scientific_name"":""Bifurcata"",""rank"":""clade""},{""taxon_id"":""1329950"",""scientific_name"":""Unidentata"",""rank"":""clade""},{""taxon_id"":""1329912"",""scientific_name"":""Episquamata"",""rank"":""clade""},{""taxon_id"":""1329911"",""scientific_name"":""Toxicofera"",""rank"":""clade""},{""taxon_id"":""8511"",""scientific_name"":""Iguania"",""rank"":""suborder""},{""taxon_id"":""2024747"",""scientific_name"":""Dactyloidae"",""rank"":""family""},{""taxon_id"":""28376"",""scientific_name"":""Anolis"",""rank"":""genus""},{""taxon_id"":""28377"",""scientific_name"":""Anolis carolinensis"",""rank"":""species""}]"	post-plan-non-decision-bearing-taxonomy-evidence	new_taxdump_2026-08-01	https://ftp.ncbi.nlm.nih.gov/pub/taxonomy/taxdump_archive/new_taxdump_2026-08-01.zip	2026-08-13T08:23:00Z	c3aac85da1bf473792e95bf8fe2d6933dcb31f2d649a3f8579e21011d772dca9	502ef4e7f1a8383e89d759b056524e8bcc16fe6950965f972d13f44411430f17	0.1.0
XP_013005150.1	10141	Cavia porcellus	species	10140	29	"[""1"",""131567"",""2759"",""33154"",""33208"",""6072"",""33213"",""33511"",""7711"",""89593"",""7742"",""7776"",""117570"",""117571"",""8287"",""1338369"",""32523"",""32524"",""40674"",""32525"",""9347"",""1437010"",""314146"",""314147"",""9989"",""33550"",""10139"",""10140"",""10141""]"	"[""root"",""cellular organisms"",""Eukaryota"",""Opisthokonta"",""Metazoa"",""Eumetazoa"",""Bilateria"",""Deuterostomia"",""Chordata"",""Craniata"",""Vertebrata"",""Gnathostomata"",""Teleostomi"",""Euteleostomi"",""Sarcopterygii"",""Dipnotetrapodomorpha"",""Tetrapoda"",""Amniota"",""Mammalia"",""Theria"",""Eutheria"",""Boreoeutheria"",""Euarchontoglires"",""Glires"",""Rodentia"",""Hystricomorpha"",""Caviidae"",""Cavia"",""Cavia porcellus""]"	"[""no rank"",""cellular root"",""domain"",""clade"",""kingdom"",""clade"",""clade"",""clade"",""phylum"",""subphylum"",""clade"",""clade"",""clade"",""clade"",""superclass"",""clade"",""clade"",""clade"",""class"",""clade"",""clade"",""clade"",""superorder"",""clade"",""order"",""suborder"",""family"",""genus"",""species""]"	"[{""taxon_id"":""1"",""scientific_name"":""root"",""rank"":""no rank""},{""taxon_id"":""131567"",""scientific_name"":""cellular organisms"",""rank"":""cellular root""},{""taxon_id"":""2759"",""scientific_name"":""Eukaryota"",""rank"":""domain""},{""taxon_id"":""33154"",""scientific_name"":""Opisthokonta"",""rank"":""clade""},{""taxon_id"":""33208"",""scientific_name"":""Metazoa"",""rank"":""kingdom""},{""taxon_id"":""6072"",""scientific_name"":""Eumetazoa"",""rank"":""clade""},{""taxon_id"":""33213"",""scientific_name"":""Bilateria"",""rank"":""clade""},{""taxon_id"":""33511"",""scientific_name"":""Deuterostomia"",""rank"":""clade""},{""taxon_id"":""7711"",""scientific_name"":""Chordata"",""rank"":""phylum""},{""taxon_id"":""89593"",""scientific_name"":""Craniata"",""rank"":""subphylum""},{""taxon_id"":""7742"",""scientific_name"":""Vertebrata"",""rank"":""clade""},{""taxon_id"":""7776"",""scientific_name"":""Gnathostomata"",""rank"":""clade""},{""taxon_id"":""117570"",""scientific_name"":""Teleostomi"",""rank"":""clade""},{""taxon_id"":""117571"",""scientific_name"":""Euteleostomi"",""rank"":""clade""},{""taxon_id"":""8287"",""scientific_name"":""Sarcopterygii"",""rank"":""superclass""},{""taxon_id"":""1338369"",""scientific_name"":""Dipnotetrapodomorpha"",""rank"":""clade""},{""taxon_id"":""32523"",""scientific_name"":""Tetrapoda"",""rank"":""clade""},{""taxon_id"":""32524"",""scientific_name"":""Amniota"",""rank"":""clade""},{""taxon_id"":""40674"",""scientific_name"":""Mammalia"",""rank"":""class""},{""taxon_id"":""32525"",""scientific_name"":""Theria"",""rank"":""clade""},{""taxon_id"":""9347"",""scientific_name"":""Eutheria"",""rank"":""clade""},{""taxon_id"":""1437010"",""scientific_name"":""Boreoeutheria"",""rank"":""clade""},{""taxon_id"":""314146"",""scientific_name"":""Euarchontoglires"",""rank"":""superorder""},{""taxon_id"":""314147"",""scientific_name"":""Glires"",""rank"":""clade""},{""taxon_id"":""9989"",""scientific_name"":""Rodentia"",""rank"":""order""},{""taxon_id"":""33550"",""scientific_name"":""Hystricomorpha"",""rank"":""suborder""},{""taxon_id"":""10139"",""scientific_name"":""Caviidae"",""rank"":""family""},{""taxon_id"":""10140"",""scientific_name"":""Cavia"",""rank"":""genus""},{""taxon_id"":""10141"",""scientific_name"":""Cavia porcellus"",""rank"":""species""}]"	post-plan-non-decision-bearing-taxonomy-evidence	new_taxdump_2026-08-01	https://ftp.ncbi.nlm.nih.gov/pub/taxonomy/taxdump_archive/new_taxdump_2026-08-01.zip	2026-08-13T08:23:00Z	c3aac85da1bf473792e95bf8fe2d6933dcb31f2d649a3f8579e21011d772dca9	502ef4e7f1a8383e89d759b056524e8bcc16fe6950965f972d13f44411430f17	0.1.0
XP_013845389.1	9823	Sus scrofa	species	9822	28	"[""1"",""131567"",""2759"",""33154"",""33208"",""6072"",""33213"",""33511"",""7711"",""89593"",""7742"",""7776"",""117570"",""117571"",""8287"",""1338369"",""32523"",""32524"",""40674"",""32525"",""9347"",""1437010"",""314145"",""91561"",""35497"",""9821"",""9822"",""9823""]"	"[""root"",""cellular organisms"",""Eukaryota"",""Opisthokonta"",""Metazoa"",""Eumetazoa"",""Bilateria"",""Deuterostomia"",""Chordata"",""Craniata"",""Vertebrata"",""Gnathostomata"",""Teleostomi"",""Euteleostomi"",""Sarcopterygii"",""Dipnotetrapodomorpha"",""Tetrapoda"",""Amniota"",""Mammalia"",""Theria"",""Eutheria"",""Boreoeutheria"",""Laurasiatheria"",""Artiodactyla"",""Suina"",""Suidae"",""Sus"",""Sus scrofa""]"	"[""no rank"",""cellular root"",""domain"",""clade"",""kingdom"",""clade"",""clade"",""clade"",""phylum"",""subphylum"",""clade"",""clade"",""clade"",""clade"",""superclass"",""clade"",""clade"",""clade"",""class"",""clade"",""clade"",""clade"",""superorder"",""order"",""suborder"",""family"",""genus"",""species""]"	"[{""taxon_id"":""1"",""scientific_name"":""root"",""rank"":""no rank""},{""taxon_id"":""131567"",""scientific_name"":""cellular organisms"",""rank"":""cellular root""},{""taxon_id"":""2759"",""scientific_name"":""Eukaryota"",""rank"":""domain""},{""taxon_id"":""33154"",""scientific_name"":""Opisthokonta"",""rank"":""clade""},{""taxon_id"":""33208"",""scientific_name"":""Metazoa"",""rank"":""kingdom""},{""taxon_id"":""6072"",""scientific_name"":""Eumetazoa"",""rank"":""clade""},{""taxon_id"":""33213"",""scientific_name"":""Bilateria"",""rank"":""clade""},{""taxon_id"":""33511"",""scientific_name"":""Deuterostomia"",""rank"":""clade""},{""taxon_id"":""7711"",""scientific_name"":""Chordata"",""rank"":""phylum""},{""taxon_id"":""89593"",""scientific_name"":""Craniata"",""rank"":""subphylum""},{""taxon_id"":""7742"",""scientific_name"":""Vertebrata"",""rank"":""clade""},{""taxon_id"":""7776"",""scientific_name"":""Gnathostomata"",""rank"":""clade""},{""taxon_id"":""117570"",""scientific_name"":""Teleostomi"",""rank"":""clade""},{""taxon_id"":""117571"",""scientific_name"":""Euteleostomi"",""rank"":""clade""},{""taxon_id"":""8287"",""scientific_name"":""Sarcopterygii"",""rank"":""superclass""},{""taxon_id"":""1338369"",""scientific_name"":""Dipnotetrapodomorpha"",""rank"":""clade""},{""taxon_id"":""32523"",""scientific_name"":""Tetrapoda"",""rank"":""clade""},{""taxon_id"":""32524"",""scientific_name"":""Amniota"",""rank"":""clade""},{""taxon_id"":""40674"",""scientific_name"":""Mammalia"",""rank"":""class""},{""taxon_id"":""32525"",""scientific_name"":""Theria"",""rank"":""clade""},{""taxon_id"":""9347"",""scientific_name"":""Eutheria"",""rank"":""clade""},{""taxon_id"":""1437010"",""scientific_name"":""Boreoeutheria"",""rank"":""clade""},{""taxon_id"":""314145"",""scientific_name"":""Laurasiatheria"",""rank"":""superorder""},{""taxon_id"":""91561"",""scientific_name"":""Artiodactyla"",""rank"":""order""},{""taxon_id"":""35497"",""scientific_name"":""Suina"",""rank"":""suborder""},{""taxon_id"":""9821"",""scientific_name"":""Suidae"",""rank"":""family""},{""taxon_id"":""9822"",""scientific_name"":""Sus"",""rank"":""genus""},{""taxon_id"":""9823"",""scientific_name"":""Sus scrofa"",""rank"":""species""}]"	post-plan-non-decision-bearing-taxonomy-evidence	new_taxdump_2026-08-01	https://ftp.ncbi.nlm.nih.gov/pub/taxonomy/taxdump_archive/new_taxdump_2026-08-01.zip	2026-08-13T08:23:00Z	c3aac85da1bf473792e95bf8fe2d6933dcb31f2d649a3f8579e21011d772dca9	502ef4e7f1a8383e89d759b056524e8bcc16fe6950965f972d13f44411430f17	0.1.0
XP_014314296.1	59463	Myotis lucifugus	species	9434	28	"[""1"",""131567"",""2759"",""33154"",""33208"",""6072"",""33213"",""33511"",""7711"",""89593"",""7742"",""7776"",""117570"",""117571"",""8287"",""1338369"",""32523"",""32524"",""40674"",""32525"",""9347"",""1437010"",""314145"",""9397"",""30560"",""9431"",""9434"",""59463""]"	"[""root"",""cellular organisms"",""Eukaryota"",""Opisthokonta"",""Metazoa"",""Eumetazoa"",""Bilateria"",""Deuterostomia"",""Chordata"",""Craniata"",""Vertebrata"",""Gnathostomata"",""Teleostomi"",""Euteleostomi"",""Sarcopterygii"",""Dipnotetrapodomorpha"",""Tetrapoda"",""Amniota"",""Mammalia"",""Theria"",""Eutheria"",""Boreoeutheria"",""Laurasiatheria"",""Chiroptera"",""Yangochiroptera"",""Vespertilionidae"",""Myotis"",""Myotis lucifugus""]"	"[""no rank"",""cellular root"",""domain"",""clade"",""kingdom"",""clade"",""clade"",""clade"",""phylum"",""subphylum"",""clade"",""clade"",""clade"",""clade"",""superclass"",""clade"",""clade"",""clade"",""class"",""clade"",""clade"",""clade"",""superorder"",""order"",""suborder"",""family"",""genus"",""species""]"	"[{""taxon_id"":""1"",""scientific_name"":""root"",""rank"":""no rank""},{""taxon_id"":""131567"",""scientific_name"":""cellular organisms"",""rank"":""cellular root""},{""taxon_id"":""2759"",""scientific_name"":""Eukaryota"",""rank"":""domain""},{""taxon_id"":""33154"",""scientific_name"":""Opisthokonta"",""rank"":""clade""},{""taxon_id"":""33208"",""scientific_name"":""Metazoa"",""rank"":""kingdom""},{""taxon_id"":""6072"",""scientific_name"":""Eumetazoa"",""rank"":""clade""},{""taxon_id"":""33213"",""scientific_name"":""Bilateria"",""rank"":""clade""},{""taxon_id"":""33511"",""scientific_name"":""Deuterostomia"",""rank"":""clade""},{""taxon_id"":""7711"",""scientific_name"":""Chordata"",""rank"":""phylum""},{""taxon_id"":""89593"",""scientific_name"":""Craniata"",""rank"":""subphylum""},{""taxon_id"":""7742"",""scientific_name"":""Vertebrata"",""rank"":""clade""},{""taxon_id"":""7776"",""scientific_name"":""Gnathostomata"",""rank"":""clade""},{""taxon_id"":""117570"",""scientific_name"":""Teleostomi"",""rank"":""clade""},{""taxon_id"":""117571"",""scientific_name"":""Euteleostomi"",""rank"":""clade""},{""taxon_id"":""8287"",""scientific_name"":""Sarcopterygii"",""rank"":""superclass""},{""taxon_id"":""1338369"",""scientific_name"":""Dipnotetrapodomorpha"",""rank"":""clade""},{""taxon_id"":""32523"",""scientific_name"":""Tetrapoda"",""rank"":""clade""},{""taxon_id"":""32524"",""scientific_name"":""Amniota"",""rank"":""clade""},{""taxon_id"":""40674"",""scientific_name"":""Mammalia"",""rank"":""class""},{""taxon_id"":""32525"",""scientific_name"":""Theria"",""rank"":""clade""},{""taxon_id"":""9347"",""scientific_name"":""Eutheria"",""rank"":""clade""},{""taxon_id"":""1437010"",""scientific_name"":""Boreoeutheria"",""rank"":""clade""},{""taxon_id"":""314145"",""scientific_name"":""Laurasiatheria"",""rank"":""superorder""},{""taxon_id"":""9397"",""scientific_name"":""Chiroptera"",""rank"":""order""},{""taxon_id"":""30560"",""scientific_name"":""Yangochiroptera"",""rank"":""suborder""},{""taxon_id"":""9431"",""scientific_name"":""Vespertilionidae"",""rank"":""family""},{""taxon_id"":""9434"",""scientific_name"":""Myotis"",""rank"":""genus""},{""taxon_id"":""59463"",""scientific_name"":""Myotis lucifugus"",""rank"":""species""}]"	post-plan-non-decision-bearing-taxonomy-evidence	new_taxdump_2026-08-01	https://ftp.ncbi.nlm.nih.gov/pub/taxonomy/taxdump_archive/new_taxdump_2026-08-01.zip	2026-08-13T08:23:00Z	c3aac85da1bf473792e95bf8fe2d6933dcb31f2d649a3f8579e21011d772dca9	502ef4e7f1a8383e89d759b056524e8bcc16fe6950965f972d13f44411430f17	0.1.0
XP_014464710.1	8496	Alligator mississippiensis	species	8495	27	"[""1"",""131567"",""2759"",""33154"",""33208"",""6072"",""33213"",""33511"",""7711"",""89593"",""7742"",""7776"",""117570"",""117571"",""8287"",""1338369"",""32523"",""32524"",""8457"",""32561"",""1329799"",""8492"",""1294634"",""1294636"",""34915"",""8495"",""8496""]"	"[""root"",""cellular organisms"",""Eukaryota"",""Opisthokonta"",""Metazoa"",""Eumetazoa"",""Bilateria"",""Deuterostomia"",""Chordata"",""Craniata"",""Vertebrata"",""Gnathostomata"",""Teleostomi"",""Euteleostomi"",""Sarcopterygii"",""Dipnotetrapodomorpha"",""Tetrapoda"",""Amniota"",""Sauropsida"",""Sauria"",""Archelosauria"",""Archosauria"",""Crocodylia"",""Alligatoridae"",""Alligatorinae"",""Alligator"",""Alligator mississippiensis""]"	"[""no rank"",""cellular root"",""domain"",""clade"",""kingdom"",""clade"",""clade"",""clade"",""phylum"",""subphylum"",""clade"",""clade"",""clade"",""clade"",""superclass"",""clade"",""clade"",""clade"",""clade"",""clade"",""clade"",""clade"",""order"",""family"",""subfamily"",""genus"",""species""]"	"[{""taxon_id"":""1"",""scientific_name"":""root"",""rank"":""no rank""},{""taxon_id"":""131567"",""scientific_name"":""cellular organisms"",""rank"":""cellular root""},{""taxon_id"":""2759"",""scientific_name"":""Eukaryota"",""rank"":""domain""},{""taxon_id"":""33154"",""scientific_name"":""Opisthokonta"",""rank"":""clade""},{""taxon_id"":""33208"",""scientific_name"":""Metazoa"",""rank"":""kingdom""},{""taxon_id"":""6072"",""scientific_name"":""Eumetazoa"",""rank"":""clade""},{""taxon_id"":""33213"",""scientific_name"":""Bilateria"",""rank"":""clade""},{""taxon_id"":""33511"",""scientific_name"":""Deuterostomia"",""rank"":""clade""},{""taxon_id"":""7711"",""scientific_name"":""Chordata"",""rank"":""phylum""},{""taxon_id"":""89593"",""scientific_name"":""Craniata"",""rank"":""subphylum""},{""taxon_id"":""7742"",""scientific_name"":""Vertebrata"",""rank"":""clade""},{""taxon_id"":""7776"",""scientific_name"":""Gnathostomata"",""rank"":""clade""},{""taxon_id"":""117570"",""scientific_name"":""Teleostomi"",""rank"":""clade""},{""taxon_id"":""117571"",""scientific_name"":""Euteleostomi"",""rank"":""clade""},{""taxon_id"":""8287"",""scientific_name"":""Sarcopterygii"",""rank"":""superclass""},{""taxon_id"":""1338369"",""scientific_name"":""Dipnotetrapodomorpha"",""rank"":""clade""},{""taxon_id"":""32523"",""scientific_name"":""Tetrapoda"",""rank"":""clade""},{""taxon_id"":""32524"",""scientific_name"":""Amniota"",""rank"":""clade""},{""taxon_id"":""8457"",""scientific_name"":""Sauropsida"",""rank"":""clade""},{""taxon_id"":""32561"",""scientific_name"":""Sauria"",""rank"":""clade""},{""taxon_id"":""1329799"",""scientific_name"":""Archelosauria"",""rank"":""clade""},{""taxon_id"":""8492"",""scientific_name"":""Archosauria"",""rank"":""clade""},{""taxon_id"":""1294634"",""scientific_name"":""Crocodylia"",""rank"":""order""},{""taxon_id"":""1294636"",""scientific_name"":""Alligatoridae"",""rank"":""family""},{""taxon_id"":""34915"",""scientific_name"":""Alligatorinae"",""rank"":""subfamily""},{""taxon_id"":""8495"",""scientific_name"":""Alligator"",""rank"":""genus""},{""taxon_id"":""8496"",""scientific_name"":""Alligator mississippiensis"",""rank"":""species""}]"	post-plan-non-decision-bearing-taxonomy-evidence	new_taxdump_2026-08-01	https://ftp.ncbi.nlm.nih.gov/pub/taxonomy/taxdump_archive/new_taxdump_2026-08-01.zip	2026-08-13T08:23:00Z	c3aac85da1bf473792e95bf8fe2d6933dcb31f2d649a3f8579e21011d772dca9	502ef4e7f1a8383e89d759b056524e8bcc16fe6950965f972d13f44411430f17	0.1.0
XP_014595447.2	9796	Equus caballus	species	9789	27	"[""1"",""131567"",""2759"",""33154"",""33208"",""6072"",""33213"",""33511"",""7711"",""89593"",""7742"",""7776"",""117570"",""117571"",""8287"",""1338369"",""32523"",""32524"",""40674"",""32525"",""9347"",""1437010"",""314145"",""9787"",""9788"",""9789"",""9796""]"	"[""root"",""cellular organisms"",""Eukaryota"",""Opisthokonta"",""Metazoa"",""Eumetazoa"",""Bilateria"",""Deuterostomia"",""Chordata"",""Craniata"",""Vertebrata"",""Gnathostomata"",""Teleostomi"",""Euteleostomi"",""Sarcopterygii"",""Dipnotetrapodomorpha"",""Tetrapoda"",""Amniota"",""Mammalia"",""Theria"",""Eutheria"",""Boreoeutheria"",""Laurasiatheria"",""Perissodactyla"",""Equidae"",""Equus"",""Equus caballus""]"	"[""no rank"",""cellular root"",""domain"",""clade"",""kingdom"",""clade"",""clade"",""clade"",""phylum"",""subphylum"",""clade"",""clade"",""clade"",""clade"",""superclass"",""clade"",""clade"",""clade"",""class"",""clade"",""clade"",""clade"",""superorder"",""order"",""family"",""genus"",""species""]"	"[{""taxon_id"":""1"",""scientific_name"":""root"",""rank"":""no rank""},{""taxon_id"":""131567"",""scientific_name"":""cellular organisms"",""rank"":""cellular root""},{""taxon_id"":""2759"",""scientific_name"":""Eukaryota"",""rank"":""domain""},{""taxon_id"":""33154"",""scientific_name"":""Opisthokonta"",""rank"":""clade""},{""taxon_id"":""33208"",""scientific_name"":""Metazoa"",""rank"":""kingdom""},{""taxon_id"":""6072"",""scientific_name"":""Eumetazoa"",""rank"":""clade""},{""taxon_id"":""33213"",""scientific_name"":""Bilateria"",""rank"":""clade""},{""taxon_id"":""33511"",""scientific_name"":""Deuterostomia"",""rank"":""clade""},{""taxon_id"":""7711"",""scientific_name"":""Chordata"",""rank"":""phylum""},{""taxon_id"":""89593"",""scientific_name"":""Craniata"",""rank"":""subphylum""},{""taxon_id"":""7742"",""scientific_name"":""Vertebrata"",""rank"":""clade""},{""taxon_id"":""7776"",""scientific_name"":""Gnathostomata"",""rank"":""clade""},{""taxon_id"":""117570"",""scientific_name"":""Teleostomi"",""rank"":""clade""},{""taxon_id"":""117571"",""scientific_name"":""Euteleostomi"",""rank"":""clade""},{""taxon_id"":""8287"",""scientific_name"":""Sarcopterygii"",""rank"":""superclass""},{""taxon_id"":""1338369"",""scientific_name"":""Dipnotetrapodomorpha"",""rank"":""clade""},{""taxon_id"":""32523"",""scientific_name"":""Tetrapoda"",""rank"":""clade""},{""taxon_id"":""32524"",""scientific_name"":""Amniota"",""rank"":""clade""},{""taxon_id"":""40674"",""scientific_name"":""Mammalia"",""rank"":""class""},{""taxon_id"":""32525"",""scientific_name"":""Theria"",""rank"":""clade""},{""taxon_id"":""9347"",""scientific_name"":""Eutheria"",""rank"":""clade""},{""taxon_id"":""1437010"",""scientific_name"":""Boreoeutheria"",""rank"":""clade""},{""taxon_id"":""314145"",""scientific_name"":""Laurasiatheria"",""rank"":""superorder""},{""taxon_id"":""9787"",""scientific_name"":""Perissodactyla"",""rank"":""order""},{""taxon_id"":""9788"",""scientific_name"":""Equidae"",""rank"":""family""},{""taxon_id"":""9789"",""scientific_name"":""Equus"",""rank"":""genus""},{""taxon_id"":""9796"",""scientific_name"":""Equus caballus"",""rank"":""species""}]"	post-plan-non-decision-bearing-taxonomy-evidence	new_taxdump_2026-08-01	https://ftp.ncbi.nlm.nih.gov/pub/taxonomy/taxdump_archive/new_taxdump_2026-08-01.zip	2026-08-13T08:23:00Z	c3aac85da1bf473792e95bf8fe2d6933dcb31f2d649a3f8579e21011d772dca9	502ef4e7f1a8383e89d759b056524e8bcc16fe6950965f972d13f44411430f17	0.1.0
XP_017204702.2	9986	Oryctolagus cuniculus	species	9984	28	"[""1"",""131567"",""2759"",""33154"",""33208"",""6072"",""33213"",""33511"",""7711"",""89593"",""7742"",""7776"",""117570"",""117571"",""8287"",""1338369"",""32523"",""32524"",""40674"",""32525"",""9347"",""1437010"",""314146"",""314147"",""9975"",""9979"",""9984"",""9986""]"	"[""root"",""cellular organisms"",""Eukaryota"",""Opisthokonta"",""Metazoa"",""Eumetazoa"",""Bilateria"",""Deuterostomia"",""Chordata"",""Craniata"",""Vertebrata"",""Gnathostomata"",""Teleostomi"",""Euteleostomi"",""Sarcopterygii"",""Dipnotetrapodomorpha"",""Tetrapoda"",""Amniota"",""Mammalia"",""Theria"",""Eutheria"",""Boreoeutheria"",""Euarchontoglires"",""Glires"",""Lagomorpha"",""Leporidae"",""Oryctolagus"",""Oryctolagus cuniculus""]"	"[""no rank"",""cellular root"",""domain"",""clade"",""kingdom"",""clade"",""clade"",""clade"",""phylum"",""subphylum"",""clade"",""clade"",""clade"",""clade"",""superclass"",""clade"",""clade"",""clade"",""class"",""clade"",""clade"",""clade"",""superorder"",""clade"",""order"",""family"",""genus"",""species""]"	"[{""taxon_id"":""1"",""scientific_name"":""root"",""rank"":""no rank""},{""taxon_id"":""131567"",""scientific_name"":""cellular organisms"",""rank"":""cellular root""},{""taxon_id"":""2759"",""scientific_name"":""Eukaryota"",""rank"":""domain""},{""taxon_id"":""33154"",""scientific_name"":""Opisthokonta"",""rank"":""clade""},{""taxon_id"":""33208"",""scientific_name"":""Metazoa"",""rank"":""kingdom""},{""taxon_id"":""6072"",""scientific_name"":""Eumetazoa"",""rank"":""clade""},{""taxon_id"":""33213"",""scientific_name"":""Bilateria"",""rank"":""clade""},{""taxon_id"":""33511"",""scientific_name"":""Deuterostomia"",""rank"":""clade""},{""taxon_id"":""7711"",""scientific_name"":""Chordata"",""rank"":""phylum""},{""taxon_id"":""89593"",""scientific_name"":""Craniata"",""rank"":""subphylum""},{""taxon_id"":""7742"",""scientific_name"":""Vertebrata"",""rank"":""clade""},{""taxon_id"":""7776"",""scientific_name"":""Gnathostomata"",""rank"":""clade""},{""taxon_id"":""117570"",""scientific_name"":""Teleostomi"",""rank"":""clade""},{""taxon_id"":""117571"",""scientific_name"":""Euteleostomi"",""rank"":""clade""},{""taxon_id"":""8287"",""scientific_name"":""Sarcopterygii"",""rank"":""superclass""},{""taxon_id"":""1338369"",""scientific_name"":""Dipnotetrapodomorpha"",""rank"":""clade""},{""taxon_id"":""32523"",""scientific_name"":""Tetrapoda"",""rank"":""clade""},{""taxon_id"":""32524"",""scientific_name"":""Amniota"",""rank"":""clade""},{""taxon_id"":""40674"",""scientific_name"":""Mammalia"",""rank"":""class""},{""taxon_id"":""32525"",""scientific_name"":""Theria"",""rank"":""clade""},{""taxon_id"":""9347"",""scientific_name"":""Eutheria"",""rank"":""clade""},{""taxon_id"":""1437010"",""scientific_name"":""Boreoeutheria"",""rank"":""clade""},{""taxon_id"":""314146"",""scientific_name"":""Euarchontoglires"",""rank"":""superorder""},{""taxon_id"":""314147"",""scientific_name"":""Glires"",""rank"":""clade""},{""taxon_id"":""9975"",""scientific_name"":""Lagomorpha"",""rank"":""order""},{""taxon_id"":""9979"",""scientific_name"":""Leporidae"",""rank"":""family""},{""taxon_id"":""9984"",""scientific_name"":""Oryctolagus"",""rank"":""genus""},{""taxon_id"":""9986"",""scientific_name"":""Oryctolagus cuniculus"",""rank"":""species""}]"	post-plan-non-decision-bearing-taxonomy-evidence	new_taxdump_2026-08-01	https://ftp.ncbi.nlm.nih.gov/pub/taxonomy/taxdump_archive/new_taxdump_2026-08-01.zip	2026-08-13T08:23:00Z	c3aac85da1bf473792e95bf8fe2d6933dcb31f2d649a3f8579e21011d772dca9	502ef4e7f1a8383e89d759b056524e8bcc16fe6950965f972d13f44411430f17	0.1.0
XP_017364815.1	2715852	Cebus imitator	species	9513	31	"[""1"",""131567"",""2759"",""33154"",""33208"",""6072"",""33213"",""33511"",""7711"",""89593"",""7742"",""7776"",""117570"",""117571"",""8287"",""1338369"",""32523"",""32524"",""40674"",""32525"",""9347"",""1437010"",""314146"",""9443"",""376913"",""314293"",""9479"",""9498"",""38070"",""9513"",""2715852""]"	"[""root"",""cellular organisms"",""Eukaryota"",""Opisthokonta"",""Metazoa"",""Eumetazoa"",""Bilateria"",""Deuterostomia"",""Chordata"",""Craniata"",""Vertebrata"",""Gnathostomata"",""Teleostomi"",""Euteleostomi"",""Sarcopterygii"",""Dipnotetrapodomorpha"",""Tetrapoda"",""Amniota"",""Mammalia"",""Theria"",""Eutheria"",""Boreoeutheria"",""Euarchontoglires"",""Primates"",""Haplorrhini"",""Simiiformes"",""Platyrrhini"",""Cebidae"",""Cebinae"",""Cebus"",""Cebus imitator""]"	"[""no rank"",""cellular root"",""domain"",""clade"",""kingdom"",""clade"",""clade"",""clade"",""phylum"",""subphylum"",""clade"",""clade"",""clade"",""clade"",""superclass"",""clade"",""clade"",""clade"",""class"",""clade"",""clade"",""clade"",""superorder"",""order"",""suborder"",""infraorder"",""parvorder"",""family"",""subfamily"",""genus"",""species""]"	"[{""taxon_id"":""1"",""scientific_name"":""root"",""rank"":""no rank""},{""taxon_id"":""131567"",""scientific_name"":""cellular organisms"",""rank"":""cellular root""},{""taxon_id"":""2759"",""scientific_name"":""Eukaryota"",""rank"":""domain""},{""taxon_id"":""33154"",""scientific_name"":""Opisthokonta"",""rank"":""clade""},{""taxon_id"":""33208"",""scientific_name"":""Metazoa"",""rank"":""kingdom""},{""taxon_id"":""6072"",""scientific_name"":""Eumetazoa"",""rank"":""clade""},{""taxon_id"":""33213"",""scientific_name"":""Bilateria"",""rank"":""clade""},{""taxon_id"":""33511"",""scientific_name"":""Deuterostomia"",""rank"":""clade""},{""taxon_id"":""7711"",""scientific_name"":""Chordata"",""rank"":""phylum""},{""taxon_id"":""89593"",""scientific_name"":""Craniata"",""rank"":""subphylum""},{""taxon_id"":""7742"",""scientific_name"":""Vertebrata"",""rank"":""clade""},{""taxon_id"":""7776"",""scientific_name"":""Gnathostomata"",""rank"":""clade""},{""taxon_id"":""117570"",""scientific_name"":""Teleostomi"",""rank"":""clade""},{""taxon_id"":""117571"",""scientific_name"":""Euteleostomi"",""rank"":""clade""},{""taxon_id"":""8287"",""scientific_name"":""Sarcopterygii"",""rank"":""superclass""},{""taxon_id"":""1338369"",""scientific_name"":""Dipnotetrapodomorpha"",""rank"":""clade""},{""taxon_id"":""32523"",""scientific_name"":""Tetrapoda"",""rank"":""clade""},{""taxon_id"":""32524"",""scientific_name"":""Amniota"",""rank"":""clade""},{""taxon_id"":""40674"",""scientific_name"":""Mammalia"",""rank"":""class""},{""taxon_id"":""32525"",""scientific_name"":""Theria"",""rank"":""clade""},{""taxon_id"":""9347"",""scientific_name"":""Eutheria"",""rank"":""clade""},{""taxon_id"":""1437010"",""scientific_name"":""Boreoeutheria"",""rank"":""clade""},{""taxon_id"":""314146"",""scientific_name"":""Euarchontoglires"",""rank"":""superorder""},{""taxon_id"":""9443"",""scientific_name"":""Primates"",""rank"":""order""},{""taxon_id"":""376913"",""scientific_name"":""Haplorrhini"",""rank"":""suborder""},{""taxon_id"":""314293"",""scientific_name"":""Simiiformes"",""rank"":""infraorder""},{""taxon_id"":""9479"",""scientific_name"":""Platyrrhini"",""rank"":""parvorder""},{""taxon_id"":""9498"",""scientific_name"":""Cebidae"",""rank"":""family""},{""taxon_id"":""38070"",""scientific_name"":""Cebinae"",""rank"":""subfamily""},{""taxon_id"":""9513"",""scientific_name"":""Cebus"",""rank"":""genus""},{""taxon_id"":""2715852"",""scientific_name"":""Cebus imitator"",""rank"":""species""}]"	post-plan-non-decision-bearing-taxonomy-evidence	new_taxdump_2026-08-01	https://ftp.ncbi.nlm.nih.gov/pub/taxonomy/taxdump_archive/new_taxdump_2026-08-01.zip	2026-08-13T08:23:00Z	c3aac85da1bf473792e95bf8fe2d6933dcb31f2d649a3f8579e21011d772dca9	502ef4e7f1a8383e89d759b056524e8bcc16fe6950965f972d13f44411430f17	0.1.0
XP_019328559.1	9233	Aptenodytes forsteri	species	9232	34	"[""1"",""131567"",""2759"",""33154"",""33208"",""6072"",""33213"",""33511"",""7711"",""89593"",""7742"",""7776"",""117570"",""117571"",""8287"",""1338369"",""32523"",""32524"",""8457"",""32561"",""1329799"",""8492"",""436486"",""436489"",""436491"",""436492"",""8782"",""8825"",""3078114"",""3073812"",""9230"",""9231"",""9232"",""9233""]"	"[""root"",""cellular organisms"",""Eukaryota"",""Opisthokonta"",""Metazoa"",""Eumetazoa"",""Bilateria"",""Deuterostomia"",""Chordata"",""Craniata"",""Vertebrata"",""Gnathostomata"",""Teleostomi"",""Euteleostomi"",""Sarcopterygii"",""Dipnotetrapodomorpha"",""Tetrapoda"",""Amniota"",""Sauropsida"",""Sauria"",""Archelosauria"",""Archosauria"",""Dinosauria"",""Saurischia"",""Theropoda"",""Coelurosauria"",""Aves"",""Neognathae"",""Neoaves"",""Aequornithes"",""Sphenisciformes"",""Spheniscidae"",""Aptenodytes"",""Aptenodytes forsteri""]"	"[""no rank"",""cellular root"",""domain"",""clade"",""kingdom"",""clade"",""clade"",""clade"",""phylum"",""subphylum"",""clade"",""clade"",""clade"",""clade"",""superclass"",""clade"",""clade"",""clade"",""clade"",""clade"",""clade"",""clade"",""clade"",""clade"",""clade"",""clade"",""class"",""infraclass"",""clade"",""clade"",""order"",""family"",""genus"",""species""]"	"[{""taxon_id"":""1"",""scientific_name"":""root"",""rank"":""no rank""},{""taxon_id"":""131567"",""scientific_name"":""cellular organisms"",""rank"":""cellular root""},{""taxon_id"":""2759"",""scientific_name"":""Eukaryota"",""rank"":""domain""},{""taxon_id"":""33154"",""scientific_name"":""Opisthokonta"",""rank"":""clade""},{""taxon_id"":""33208"",""scientific_name"":""Metazoa"",""rank"":""kingdom""},{""taxon_id"":""6072"",""scientific_name"":""Eumetazoa"",""rank"":""clade""},{""taxon_id"":""33213"",""scientific_name"":""Bilateria"",""rank"":""clade""},{""taxon_id"":""33511"",""scientific_name"":""Deuterostomia"",""rank"":""clade""},{""taxon_id"":""7711"",""scientific_name"":""Chordata"",""rank"":""phylum""},{""taxon_id"":""89593"",""scientific_name"":""Craniata"",""rank"":""subphylum""},{""taxon_id"":""7742"",""scientific_name"":""Vertebrata"",""rank"":""clade""},{""taxon_id"":""7776"",""scientific_name"":""Gnathostomata"",""rank"":""clade""},{""taxon_id"":""117570"",""scientific_name"":""Teleostomi"",""rank"":""clade""},{""taxon_id"":""117571"",""scientific_name"":""Euteleostomi"",""rank"":""clade""},{""taxon_id"":""8287"",""scientific_name"":""Sarcopterygii"",""rank"":""superclass""},{""taxon_id"":""1338369"",""scientific_name"":""Dipnotetrapodomorpha"",""rank"":""clade""},{""taxon_id"":""32523"",""scientific_name"":""Tetrapoda"",""rank"":""clade""},{""taxon_id"":""32524"",""scientific_name"":""Amniota"",""rank"":""clade""},{""taxon_id"":""8457"",""scientific_name"":""Sauropsida"",""rank"":""clade""},{""taxon_id"":""32561"",""scientific_name"":""Sauria"",""rank"":""clade""},{""taxon_id"":""1329799"",""scientific_name"":""Archelosauria"",""rank"":""clade""},{""taxon_id"":""8492"",""scientific_name"":""Archosauria"",""rank"":""clade""},{""taxon_id"":""436486"",""scientific_name"":""Dinosauria"",""rank"":""clade""},{""taxon_id"":""436489"",""scientific_name"":""Saurischia"",""rank"":""clade""},{""taxon_id"":""436491"",""scientific_name"":""Theropoda"",""rank"":""clade""},{""taxon_id"":""436492"",""scientific_name"":""Coelurosauria"",""rank"":""clade""},{""taxon_id"":""8782"",""scientific_name"":""Aves"",""rank"":""class""},{""taxon_id"":""8825"",""scientific_name"":""Neognathae"",""rank"":""infraclass""},{""taxon_id"":""3078114"",""scientific_name"":""Neoaves"",""rank"":""clade""},{""taxon_id"":""3073812"",""scientific_name"":""Aequornithes"",""rank"":""clade""},{""taxon_id"":""9230"",""scientific_name"":""Sphenisciformes"",""rank"":""order""},{""taxon_id"":""9231"",""scientific_name"":""Spheniscidae"",""rank"":""family""},{""taxon_id"":""9232"",""scientific_name"":""Aptenodytes"",""rank"":""genus""},{""taxon_id"":""9233"",""scientific_name"":""Aptenodytes forsteri"",""rank"":""species""}]"	post-plan-non-decision-bearing-taxonomy-evidence	new_taxdump_2026-08-01	https://ftp.ncbi.nlm.nih.gov/pub/taxonomy/taxdump_archive/new_taxdump_2026-08-01.zip	2026-08-13T08:23:00Z	c3aac85da1bf473792e95bf8fe2d6933dcb31f2d649a3f8579e21011d772dca9	502ef4e7f1a8383e89d759b056524e8bcc16fe6950965f972d13f44411430f17	0.1.0
XP_019360910.1	94835	Gavialis gangeticus	species	94834	28	"[""1"",""131567"",""2759"",""33154"",""33208"",""6072"",""33213"",""33511"",""7711"",""89593"",""7742"",""7776"",""117570"",""117571"",""8287"",""1338369"",""32523"",""32524"",""8457"",""32561"",""1329799"",""8492"",""1294634"",""1298654"",""1294635"",""94833"",""94834"",""94835""]"	"[""root"",""cellular organisms"",""Eukaryota"",""Opisthokonta"",""Metazoa"",""Eumetazoa"",""Bilateria"",""Deuterostomia"",""Chordata"",""Craniata"",""Vertebrata"",""Gnathostomata"",""Teleostomi"",""Euteleostomi"",""Sarcopterygii"",""Dipnotetrapodomorpha"",""Tetrapoda"",""Amniota"",""Sauropsida"",""Sauria"",""Archelosauria"",""Archosauria"",""Crocodylia"",""Longirostres"",""Gavialidae"",""Gavialinae"",""Gavialis"",""Gavialis gangeticus""]"	"[""no rank"",""cellular root"",""domain"",""clade"",""kingdom"",""clade"",""clade"",""clade"",""phylum"",""subphylum"",""clade"",""clade"",""clade"",""clade"",""superclass"",""clade"",""clade"",""clade"",""clade"",""clade"",""clade"",""clade"",""order"",""clade"",""family"",""subfamily"",""genus"",""species""]"	"[{""taxon_id"":""1"",""scientific_name"":""root"",""rank"":""no rank""},{""taxon_id"":""131567"",""scientific_name"":""cellular organisms"",""rank"":""cellular root""},{""taxon_id"":""2759"",""scientific_name"":""Eukaryota"",""rank"":""domain""},{""taxon_id"":""33154"",""scientific_name"":""Opisthokonta"",""rank"":""clade""},{""taxon_id"":""33208"",""scientific_name"":""Metazoa"",""rank"":""kingdom""},{""taxon_id"":""6072"",""scientific_name"":""Eumetazoa"",""rank"":""clade""},{""taxon_id"":""33213"",""scientific_name"":""Bilateria"",""rank"":""clade""},{""taxon_id"":""33511"",""scientific_name"":""Deuterostomia"",""rank"":""clade""},{""taxon_id"":""7711"",""scientific_name"":""Chordata"",""rank"":""phylum""},{""taxon_id"":""89593"",""scientific_name"":""Craniata"",""rank"":""subphylum""},{""taxon_id"":""7742"",""scientific_name"":""Vertebrata"",""rank"":""clade""},{""taxon_id"":""7776"",""scientific_name"":""Gnathostomata"",""rank"":""clade""},{""taxon_id"":""117570"",""scientific_name"":""Teleostomi"",""rank"":""clade""},{""taxon_id"":""117571"",""scientific_name"":""Euteleostomi"",""rank"":""clade""},{""taxon_id"":""8287"",""scientific_name"":""Sarcopterygii"",""rank"":""superclass""},{""taxon_id"":""1338369"",""scientific_name"":""Dipnotetrapodomorpha"",""rank"":""clade""},{""taxon_id"":""32523"",""scientific_name"":""Tetrapoda"",""rank"":""clade""},{""taxon_id"":""32524"",""scientific_name"":""Amniota"",""rank"":""clade""},{""taxon_id"":""8457"",""scientific_name"":""Sauropsida"",""rank"":""clade""},{""taxon_id"":""32561"",""scientific_name"":""Sauria"",""rank"":""clade""},{""taxon_id"":""1329799"",""scientific_name"":""Archelosauria"",""rank"":""clade""},{""taxon_id"":""8492"",""scientific_name"":""Archosauria"",""rank"":""clade""},{""taxon_id"":""1294634"",""scientific_name"":""Crocodylia"",""rank"":""order""},{""taxon_id"":""1298654"",""scientific_name"":""Longirostres"",""rank"":""clade""},{""taxon_id"":""1294635"",""scientific_name"":""Gavialidae"",""rank"":""family""},{""taxon_id"":""94833"",""scientific_name"":""Gavialinae"",""rank"":""subfamily""},{""taxon_id"":""94834"",""scientific_name"":""Gavialis"",""rank"":""genus""},{""taxon_id"":""94835"",""scientific_name"":""Gavialis gangeticus"",""rank"":""species""}]"	post-plan-non-decision-bearing-taxonomy-evidence	new_taxdump_2026-08-01	https://ftp.ncbi.nlm.nih.gov/pub/taxonomy/taxdump_archive/new_taxdump_2026-08-01.zip	2026-08-13T08:23:00Z	c3aac85da1bf473792e95bf8fe2d6933dcb31f2d649a3f8579e21011d772dca9	502ef4e7f1a8383e89d759b056524e8bcc16fe6950965f972d13f44411430f17	0.1.0
XP_019406054.1	8502	Crocodylus porosus	species	8500	27	"[""1"",""131567"",""2759"",""33154"",""33208"",""6072"",""33213"",""33511"",""7711"",""89593"",""7742"",""7776"",""117570"",""117571"",""8287"",""1338369"",""32523"",""32524"",""8457"",""32561"",""1329799"",""8492"",""1294634"",""1298654"",""8493"",""8500"",""8502""]"	"[""root"",""cellular organisms"",""Eukaryota"",""Opisthokonta"",""Metazoa"",""Eumetazoa"",""Bilateria"",""Deuterostomia"",""Chordata"",""Craniata"",""Vertebrata"",""Gnathostomata"",""Teleostomi"",""Euteleostomi"",""Sarcopterygii"",""Dipnotetrapodomorpha"",""Tetrapoda"",""Amniota"",""Sauropsida"",""Sauria"",""Archelosauria"",""Archosauria"",""Crocodylia"",""Longirostres"",""Crocodylidae"",""Crocodylus"",""Crocodylus porosus""]"	"[""no rank"",""cellular root"",""domain"",""clade"",""kingdom"",""clade"",""clade"",""clade"",""phylum"",""subphylum"",""clade"",""clade"",""clade"",""clade"",""superclass"",""clade"",""clade"",""clade"",""clade"",""clade"",""clade"",""clade"",""order"",""clade"",""family"",""genus"",""species""]"	"[{""taxon_id"":""1"",""scientific_name"":""root"",""rank"":""no rank""},{""taxon_id"":""131567"",""scientific_name"":""cellular organisms"",""rank"":""cellular root""},{""taxon_id"":""2759"",""scientific_name"":""Eukaryota"",""rank"":""domain""},{""taxon_id"":""33154"",""scientific_name"":""Opisthokonta"",""rank"":""clade""},{""taxon_id"":""33208"",""scientific_name"":""Metazoa"",""rank"":""kingdom""},{""taxon_id"":""6072"",""scientific_name"":""Eumetazoa"",""rank"":""clade""},{""taxon_id"":""33213"",""scientific_name"":""Bilateria"",""rank"":""clade""},{""taxon_id"":""33511"",""scientific_name"":""Deuterostomia"",""rank"":""clade""},{""taxon_id"":""7711"",""scientific_name"":""Chordata"",""rank"":""phylum""},{""taxon_id"":""89593"",""scientific_name"":""Craniata"",""rank"":""subphylum""},{""taxon_id"":""7742"",""scientific_name"":""Vertebrata"",""rank"":""clade""},{""taxon_id"":""7776"",""scientific_name"":""Gnathostomata"",""rank"":""clade""},{""taxon_id"":""117570"",""scientific_name"":""Teleostomi"",""rank"":""clade""},{""taxon_id"":""117571"",""scientific_name"":""Euteleostomi"",""rank"":""clade""},{""taxon_id"":""8287"",""scientific_name"":""Sarcopterygii"",""rank"":""superclass""},{""taxon_id"":""1338369"",""scientific_name"":""Dipnotetrapodomorpha"",""rank"":""clade""},{""taxon_id"":""32523"",""scientific_name"":""Tetrapoda"",""rank"":""clade""},{""taxon_id"":""32524"",""scientific_name"":""Amniota"",""rank"":""clade""},{""taxon_id"":""8457"",""scientific_name"":""Sauropsida"",""rank"":""clade""},{""taxon_id"":""32561"",""scientific_name"":""Sauria"",""rank"":""clade""},{""taxon_id"":""1329799"",""scientific_name"":""Archelosauria"",""rank"":""clade""},{""taxon_id"":""8492"",""scientific_name"":""Archosauria"",""rank"":""clade""},{""taxon_id"":""1294634"",""scientific_name"":""Crocodylia"",""rank"":""order""},{""taxon_id"":""1298654"",""scientific_name"":""Longirostres"",""rank"":""clade""},{""taxon_id"":""8493"",""scientific_name"":""Crocodylidae"",""rank"":""family""},{""taxon_id"":""8500"",""scientific_name"":""Crocodylus"",""rank"":""genus""},{""taxon_id"":""8502"",""scientific_name"":""Crocodylus porosus"",""rank"":""species""}]"	post-plan-non-decision-bearing-taxonomy-evidence	new_taxdump_2026-08-01	https://ftp.ncbi.nlm.nih.gov/pub/taxonomy/taxdump_archive/new_taxdump_2026-08-01.zip	2026-08-13T08:23:00Z	c3aac85da1bf473792e95bf8fe2d6933dcb31f2d649a3f8579e21011d772dca9	502ef4e7f1a8383e89d759b056524e8bcc16fe6950965f972d13f44411430f17	0.1.0
XP_019673492.2	9685	Felis catus	species	9682	29	"[""1"",""131567"",""2759"",""33154"",""33208"",""6072"",""33213"",""33511"",""7711"",""89593"",""7742"",""7776"",""117570"",""117571"",""8287"",""1338369"",""32523"",""32524"",""40674"",""32525"",""9347"",""1437010"",""314145"",""33554"",""379583"",""9681"",""338152"",""9682"",""9685""]"	"[""root"",""cellular organisms"",""Eukaryota"",""Opisthokonta"",""Metazoa"",""Eumetazoa"",""Bilateria"",""Deuterostomia"",""Chordata"",""Craniata"",""Vertebrata"",""Gnathostomata"",""Teleostomi"",""Euteleostomi"",""Sarcopterygii"",""Dipnotetrapodomorpha"",""Tetrapoda"",""Amniota"",""Mammalia"",""Theria"",""Eutheria"",""Boreoeutheria"",""Laurasiatheria"",""Carnivora"",""Feliformia"",""Felidae"",""Felinae"",""Felis"",""Felis catus""]"	"[""no rank"",""cellular root"",""domain"",""clade"",""kingdom"",""clade"",""clade"",""clade"",""phylum"",""subphylum"",""clade"",""clade"",""clade"",""clade"",""superclass"",""clade"",""clade"",""clade"",""class"",""clade"",""clade"",""clade"",""superorder"",""order"",""suborder"",""family"",""subfamily"",""genus"",""species""]"	"[{""taxon_id"":""1"",""scientific_name"":""root"",""rank"":""no rank""},{""taxon_id"":""131567"",""scientific_name"":""cellular organisms"",""rank"":""cellular root""},{""taxon_id"":""2759"",""scientific_name"":""Eukaryota"",""rank"":""domain""},{""taxon_id"":""33154"",""scientific_name"":""Opisthokonta"",""rank"":""clade""},{""taxon_id"":""33208"",""scientific_name"":""Metazoa"",""rank"":""kingdom""},{""taxon_id"":""6072"",""scientific_name"":""Eumetazoa"",""rank"":""clade""},{""taxon_id"":""33213"",""scientific_name"":""Bilateria"",""rank"":""clade""},{""taxon_id"":""33511"",""scientific_name"":""Deuterostomia"",""rank"":""clade""},{""taxon_id"":""7711"",""scientific_name"":""Chordata"",""rank"":""phylum""},{""taxon_id"":""89593"",""scientific_name"":""Craniata"",""rank"":""subphylum""},{""taxon_id"":""7742"",""scientific_name"":""Vertebrata"",""rank"":""clade""},{""taxon_id"":""7776"",""scientific_name"":""Gnathostomata"",""rank"":""clade""},{""taxon_id"":""117570"",""scientific_name"":""Teleostomi"",""rank"":""clade""},{""taxon_id"":""117571"",""scientific_name"":""Euteleostomi"",""rank"":""clade""},{""taxon_id"":""8287"",""scientific_name"":""Sarcopterygii"",""rank"":""superclass""},{""taxon_id"":""1338369"",""scientific_name"":""Dipnotetrapodomorpha"",""rank"":""clade""},{""taxon_id"":""32523"",""scientific_name"":""Tetrapoda"",""rank"":""clade""},{""taxon_id"":""32524"",""scientific_name"":""Amniota"",""rank"":""clade""},{""taxon_id"":""40674"",""scientific_name"":""Mammalia"",""rank"":""class""},{""taxon_id"":""32525"",""scientific_name"":""Theria"",""rank"":""clade""},{""taxon_id"":""9347"",""scientific_name"":""Eutheria"",""rank"":""clade""},{""taxon_id"":""1437010"",""scientific_name"":""Boreoeutheria"",""rank"":""clade""},{""taxon_id"":""314145"",""scientific_name"":""Laurasiatheria"",""rank"":""superorder""},{""taxon_id"":""33554"",""scientific_name"":""Carnivora"",""rank"":""order""},{""taxon_id"":""379583"",""scientific_name"":""Feliformia"",""rank"":""suborder""},{""taxon_id"":""9681"",""scientific_name"":""Felidae"",""rank"":""family""},{""taxon_id"":""338152"",""scientific_name"":""Felinae"",""rank"":""subfamily""},{""taxon_id"":""9682"",""scientific_name"":""Felis"",""rank"":""genus""},{""taxon_id"":""9685"",""scientific_name"":""Felis catus"",""rank"":""species""}]"	post-plan-non-decision-bearing-taxonomy-evidence	new_taxdump_2026-08-01	https://ftp.ncbi.nlm.nih.gov/pub/taxonomy/taxdump_archive/new_taxdump_2026-08-01.zip	2026-08-13T08:23:00Z	c3aac85da1bf473792e95bf8fe2d6933dcb31f2d649a3f8579e21011d772dca9	502ef4e7f1a8383e89d759b056524e8bcc16fe6950965f972d13f44411430f17	0.1.0
XP_020651752.3	103695	Pogona vitticeps	species	52201	32	"[""1"",""131567"",""2759"",""33154"",""33208"",""6072"",""33213"",""33511"",""7711"",""89593"",""7742"",""7776"",""117570"",""117571"",""8287"",""1338369"",""32523"",""32524"",""8457"",""32561"",""8504"",""8509"",""1329961"",""1329950"",""1329912"",""1329911"",""8511"",""83232"",""81953"",""145349"",""52201"",""103695""]"	"[""root"",""cellular organisms"",""Eukaryota"",""Opisthokonta"",""Metazoa"",""Eumetazoa"",""Bilateria"",""Deuterostomia"",""Chordata"",""Craniata"",""Vertebrata"",""Gnathostomata"",""Teleostomi"",""Euteleostomi"",""Sarcopterygii"",""Dipnotetrapodomorpha"",""Tetrapoda"",""Amniota"",""Sauropsida"",""Sauria"",""Lepidosauria"",""Squamata"",""Bifurcata"",""Unidentata"",""Episquamata"",""Toxicofera"",""Iguania"",""Acrodonta"",""Agamidae"",""Amphibolurinae"",""Pogona"",""Pogona vitticeps""]"	"[""no rank"",""cellular root"",""domain"",""clade"",""kingdom"",""clade"",""clade"",""clade"",""phylum"",""subphylum"",""clade"",""clade"",""clade"",""clade"",""superclass"",""clade"",""clade"",""clade"",""clade"",""clade"",""class"",""order"",""clade"",""clade"",""clade"",""clade"",""suborder"",""clade"",""family"",""subfamily"",""genus"",""species""]"	"[{""taxon_id"":""1"",""scientific_name"":""root"",""rank"":""no rank""},{""taxon_id"":""131567"",""scientific_name"":""cellular organisms"",""rank"":""cellular root""},{""taxon_id"":""2759"",""scientific_name"":""Eukaryota"",""rank"":""domain""},{""taxon_id"":""33154"",""scientific_name"":""Opisthokonta"",""rank"":""clade""},{""taxon_id"":""33208"",""scientific_name"":""Metazoa"",""rank"":""kingdom""},{""taxon_id"":""6072"",""scientific_name"":""Eumetazoa"",""rank"":""clade""},{""taxon_id"":""33213"",""scientific_name"":""Bilateria"",""rank"":""clade""},{""taxon_id"":""33511"",""scientific_name"":""Deuterostomia"",""rank"":""clade""},{""taxon_id"":""7711"",""scientific_name"":""Chordata"",""rank"":""phylum""},{""taxon_id"":""89593"",""scientific_name"":""Craniata"",""rank"":""subphylum""},{""taxon_id"":""7742"",""scientific_name"":""Vertebrata"",""rank"":""clade""},{""taxon_id"":""7776"",""scientific_name"":""Gnathostomata"",""rank"":""clade""},{""taxon_id"":""117570"",""scientific_name"":""Teleostomi"",""rank"":""clade""},{""taxon_id"":""117571"",""scientific_name"":""Euteleostomi"",""rank"":""clade""},{""taxon_id"":""8287"",""scientific_name"":""Sarcopterygii"",""rank"":""superclass""},{""taxon_id"":""1338369"",""scientific_name"":""Dipnotetrapodomorpha"",""rank"":""clade""},{""taxon_id"":""32523"",""scientific_name"":""Tetrapoda"",""rank"":""clade""},{""taxon_id"":""32524"",""scientific_name"":""Amniota"",""rank"":""clade""},{""taxon_id"":""8457"",""scientific_name"":""Sauropsida"",""rank"":""clade""},{""taxon_id"":""32561"",""scientific_name"":""Sauria"",""rank"":""clade""},{""taxon_id"":""8504"",""scientific_name"":""Lepidosauria"",""rank"":""class""},{""taxon_id"":""8509"",""scientific_name"":""Squamata"",""rank"":""order""},{""taxon_id"":""1329961"",""scientific_name"":""Bifurcata"",""rank"":""clade""},{""taxon_id"":""1329950"",""scientific_name"":""Unidentata"",""rank"":""clade""},{""taxon_id"":""1329912"",""scientific_name"":""Episquamata"",""rank"":""clade""},{""taxon_id"":""1329911"",""scientific_name"":""Toxicofera"",""rank"":""clade""},{""taxon_id"":""8511"",""scientific_name"":""Iguania"",""rank"":""suborder""},{""taxon_id"":""83232"",""scientific_name"":""Acrodonta"",""rank"":""clade""},{""taxon_id"":""81953"",""scientific_name"":""Agamidae"",""rank"":""family""},{""taxon_id"":""145349"",""scientific_name"":""Amphibolurinae"",""rank"":""subfamily""},{""taxon_id"":""52201"",""scientific_name"":""Pogona"",""rank"":""genus""},{""taxon_id"":""103695"",""scientific_name"":""Pogona vitticeps"",""rank"":""species""}]"	post-plan-non-decision-bearing-taxonomy-evidence	new_taxdump_2026-08-01	https://ftp.ncbi.nlm.nih.gov/pub/taxonomy/taxdump_archive/new_taxdump_2026-08-01.zip	2026-08-13T08:23:00Z	c3aac85da1bf473792e95bf8fe2d6933dcb31f2d649a3f8579e21011d772dca9	502ef4e7f1a8383e89d759b056524e8bcc16fe6950965f972d13f44411430f17	0.1.0
XP_020828279.1	38626	Phascolarctos cinereus	species	38625	25	"[""1"",""131567"",""2759"",""33154"",""33208"",""6072"",""33213"",""33511"",""7711"",""89593"",""7742"",""7776"",""117570"",""117571"",""8287"",""1338369"",""32523"",""32524"",""40674"",""32525"",""9263"",""38609"",""38624"",""38625"",""38626""]"	"[""root"",""cellular organisms"",""Eukaryota"",""Opisthokonta"",""Metazoa"",""Eumetazoa"",""Bilateria"",""Deuterostomia"",""Chordata"",""Craniata"",""Vertebrata"",""Gnathostomata"",""Teleostomi"",""Euteleostomi"",""Sarcopterygii"",""Dipnotetrapodomorpha"",""Tetrapoda"",""Amniota"",""Mammalia"",""Theria"",""Metatheria"",""Diprotodontia"",""Phascolarctidae"",""Phascolarctos"",""Phascolarctos cinereus""]"	"[""no rank"",""cellular root"",""domain"",""clade"",""kingdom"",""clade"",""clade"",""clade"",""phylum"",""subphylum"",""clade"",""clade"",""clade"",""clade"",""superclass"",""clade"",""clade"",""clade"",""class"",""clade"",""clade"",""order"",""family"",""genus"",""species""]"	"[{""taxon_id"":""1"",""scientific_name"":""root"",""rank"":""no rank""},{""taxon_id"":""131567"",""scientific_name"":""cellular organisms"",""rank"":""cellular root""},{""taxon_id"":""2759"",""scientific_name"":""Eukaryota"",""rank"":""domain""},{""taxon_id"":""33154"",""scientific_name"":""Opisthokonta"",""rank"":""clade""},{""taxon_id"":""33208"",""scientific_name"":""Metazoa"",""rank"":""kingdom""},{""taxon_id"":""6072"",""scientific_name"":""Eumetazoa"",""rank"":""clade""},{""taxon_id"":""33213"",""scientific_name"":""Bilateria"",""rank"":""clade""},{""taxon_id"":""33511"",""scientific_name"":""Deuterostomia"",""rank"":""clade""},{""taxon_id"":""7711"",""scientific_name"":""Chordata"",""rank"":""phylum""},{""taxon_id"":""89593"",""scientific_name"":""Craniata"",""rank"":""subphylum""},{""taxon_id"":""7742"",""scientific_name"":""Vertebrata"",""rank"":""clade""},{""taxon_id"":""7776"",""scientific_name"":""Gnathostomata"",""rank"":""clade""},{""taxon_id"":""117570"",""scientific_name"":""Teleostomi"",""rank"":""clade""},{""taxon_id"":""117571"",""scientific_name"":""Euteleostomi"",""rank"":""clade""},{""taxon_id"":""8287"",""scientific_name"":""Sarcopterygii"",""rank"":""superclass""},{""taxon_id"":""1338369"",""scientific_name"":""Dipnotetrapodomorpha"",""rank"":""clade""},{""taxon_id"":""32523"",""scientific_name"":""Tetrapoda"",""rank"":""clade""},{""taxon_id"":""32524"",""scientific_name"":""Amniota"",""rank"":""clade""},{""taxon_id"":""40674"",""scientific_name"":""Mammalia"",""rank"":""class""},{""taxon_id"":""32525"",""scientific_name"":""Theria"",""rank"":""clade""},{""taxon_id"":""9263"",""scientific_name"":""Metatheria"",""rank"":""clade""},{""taxon_id"":""38609"",""scientific_name"":""Diprotodontia"",""rank"":""order""},{""taxon_id"":""38624"",""scientific_name"":""Phascolarctidae"",""rank"":""family""},{""taxon_id"":""38625"",""scientific_name"":""Phascolarctos"",""rank"":""genus""},{""taxon_id"":""38626"",""scientific_name"":""Phascolarctos cinereus"",""rank"":""species""}]"	post-plan-non-decision-bearing-taxonomy-evidence	new_taxdump_2026-08-01	https://ftp.ncbi.nlm.nih.gov/pub/taxonomy/taxdump_archive/new_taxdump_2026-08-01.zip	2026-08-13T08:23:00Z	c3aac85da1bf473792e95bf8fe2d6933dcb31f2d649a3f8579e21011d772dca9	502ef4e7f1a8383e89d759b056524e8bcc16fe6950965f972d13f44411430f17	0.1.0
XP_021136715.2	8932	Columba livia	species	8931	34	"[""1"",""131567"",""2759"",""33154"",""33208"",""6072"",""33213"",""33511"",""7711"",""89593"",""7742"",""7776"",""117570"",""117571"",""8287"",""1338369"",""32523"",""32524"",""8457"",""32561"",""1329799"",""8492"",""436486"",""436489"",""436491"",""436492"",""8782"",""8825"",""3078114"",""3073799"",""8929"",""8930"",""8931"",""8932""]"	"[""root"",""cellular organisms"",""Eukaryota"",""Opisthokonta"",""Metazoa"",""Eumetazoa"",""Bilateria"",""Deuterostomia"",""Chordata"",""Craniata"",""Vertebrata"",""Gnathostomata"",""Teleostomi"",""Euteleostomi"",""Sarcopterygii"",""Dipnotetrapodomorpha"",""Tetrapoda"",""Amniota"",""Sauropsida"",""Sauria"",""Archelosauria"",""Archosauria"",""Dinosauria"",""Saurischia"",""Theropoda"",""Coelurosauria"",""Aves"",""Neognathae"",""Neoaves"",""Columbimorphae"",""Columbiformes"",""Columbidae"",""Columba"",""Columba livia""]"	"[""no rank"",""cellular root"",""domain"",""clade"",""kingdom"",""clade"",""clade"",""clade"",""phylum"",""subphylum"",""clade"",""clade"",""clade"",""clade"",""superclass"",""clade"",""clade"",""clade"",""clade"",""clade"",""clade"",""clade"",""clade"",""clade"",""clade"",""clade"",""class"",""infraclass"",""clade"",""clade"",""order"",""family"",""genus"",""species""]"	"[{""taxon_id"":""1"",""scientific_name"":""root"",""rank"":""no rank""},{""taxon_id"":""131567"",""scientific_name"":""cellular organisms"",""rank"":""cellular root""},{""taxon_id"":""2759"",""scientific_name"":""Eukaryota"",""rank"":""domain""},{""taxon_id"":""33154"",""scientific_name"":""Opisthokonta"",""rank"":""clade""},{""taxon_id"":""33208"",""scientific_name"":""Metazoa"",""rank"":""kingdom""},{""taxon_id"":""6072"",""scientific_name"":""Eumetazoa"",""rank"":""clade""},{""taxon_id"":""33213"",""scientific_name"":""Bilateria"",""rank"":""clade""},{""taxon_id"":""33511"",""scientific_name"":""Deuterostomia"",""rank"":""clade""},{""taxon_id"":""7711"",""scientific_name"":""Chordata"",""rank"":""phylum""},{""taxon_id"":""89593"",""scientific_name"":""Craniata"",""rank"":""subphylum""},{""taxon_id"":""7742"",""scientific_name"":""Vertebrata"",""rank"":""clade""},{""taxon_id"":""7776"",""scientific_name"":""Gnathostomata"",""rank"":""clade""},{""taxon_id"":""117570"",""scientific_name"":""Teleostomi"",""rank"":""clade""},{""taxon_id"":""117571"",""scientific_name"":""Euteleostomi"",""rank"":""clade""},{""taxon_id"":""8287"",""scientific_name"":""Sarcopterygii"",""rank"":""superclass""},{""taxon_id"":""1338369"",""scientific_name"":""Dipnotetrapodomorpha"",""rank"":""clade""},{""taxon_id"":""32523"",""scientific_name"":""Tetrapoda"",""rank"":""clade""},{""taxon_id"":""32524"",""scientific_name"":""Amniota"",""rank"":""clade""},{""taxon_id"":""8457"",""scientific_name"":""Sauropsida"",""rank"":""clade""},{""taxon_id"":""32561"",""scientific_name"":""Sauria"",""rank"":""clade""},{""taxon_id"":""1329799"",""scientific_name"":""Archelosauria"",""rank"":""clade""},{""taxon_id"":""8492"",""scientific_name"":""Archosauria"",""rank"":""clade""},{""taxon_id"":""436486"",""scientific_name"":""Dinosauria"",""rank"":""clade""},{""taxon_id"":""436489"",""scientific_name"":""Saurischia"",""rank"":""clade""},{""taxon_id"":""436491"",""scientific_name"":""Theropoda"",""rank"":""clade""},{""taxon_id"":""436492"",""scientific_name"":""Coelurosauria"",""rank"":""clade""},{""taxon_id"":""8782"",""scientific_name"":""Aves"",""rank"":""class""},{""taxon_id"":""8825"",""scientific_name"":""Neognathae"",""rank"":""infraclass""},{""taxon_id"":""3078114"",""scientific_name"":""Neoaves"",""rank"":""clade""},{""taxon_id"":""3073799"",""scientific_name"":""Columbimorphae"",""rank"":""clade""},{""taxon_id"":""8929"",""scientific_name"":""Columbiformes"",""rank"":""order""},{""taxon_id"":""8930"",""scientific_name"":""Columbidae"",""rank"":""family""},{""taxon_id"":""8931"",""scientific_name"":""Columba"",""rank"":""genus""},{""taxon_id"":""8932"",""scientific_name"":""Columba livia"",""rank"":""species""}]"	post-plan-non-decision-bearing-taxonomy-evidence	new_taxdump_2026-08-01	https://ftp.ncbi.nlm.nih.gov/pub/taxonomy/taxdump_archive/new_taxdump_2026-08-01.zip	2026-08-13T08:23:00Z	c3aac85da1bf473792e95bf8fe2d6933dcb31f2d649a3f8579e21011d772dca9	502ef4e7f1a8383e89d759b056524e8bcc16fe6950965f972d13f44411430f17	0.1.0
XP_023581001.1	127582	Trichechus manatus latirostris	subspecies	9778	27	"[""1"",""131567"",""2759"",""33154"",""33208"",""6072"",""33213"",""33511"",""7711"",""89593"",""7742"",""7776"",""117570"",""117571"",""8287"",""1338369"",""32523"",""32524"",""40674"",""32525"",""9347"",""311790"",""9774"",""9775"",""9776"",""9778"",""127582""]"	"[""root"",""cellular organisms"",""Eukaryota"",""Opisthokonta"",""Metazoa"",""Eumetazoa"",""Bilateria"",""Deuterostomia"",""Chordata"",""Craniata"",""Vertebrata"",""Gnathostomata"",""Teleostomi"",""Euteleostomi"",""Sarcopterygii"",""Dipnotetrapodomorpha"",""Tetrapoda"",""Amniota"",""Mammalia"",""Theria"",""Eutheria"",""Afrotheria"",""Sirenia"",""Trichechidae"",""Trichechus"",""Trichechus manatus"",""Trichechus manatus latirostris""]"	"[""no rank"",""cellular root"",""domain"",""clade"",""kingdom"",""clade"",""clade"",""clade"",""phylum"",""subphylum"",""clade"",""clade"",""clade"",""clade"",""superclass"",""clade"",""clade"",""clade"",""class"",""clade"",""clade"",""superorder"",""order"",""family"",""genus"",""species"",""subspecies""]"	"[{""taxon_id"":""1"",""scientific_name"":""root"",""rank"":""no rank""},{""taxon_id"":""131567"",""scientific_name"":""cellular organisms"",""rank"":""cellular root""},{""taxon_id"":""2759"",""scientific_name"":""Eukaryota"",""rank"":""domain""},{""taxon_id"":""33154"",""scientific_name"":""Opisthokonta"",""rank"":""clade""},{""taxon_id"":""33208"",""scientific_name"":""Metazoa"",""rank"":""kingdom""},{""taxon_id"":""6072"",""scientific_name"":""Eumetazoa"",""rank"":""clade""},{""taxon_id"":""33213"",""scientific_name"":""Bilateria"",""rank"":""clade""},{""taxon_id"":""33511"",""scientific_name"":""Deuterostomia"",""rank"":""clade""},{""taxon_id"":""7711"",""scientific_name"":""Chordata"",""rank"":""phylum""},{""taxon_id"":""89593"",""scientific_name"":""Craniata"",""rank"":""subphylum""},{""taxon_id"":""7742"",""scientific_name"":""Vertebrata"",""rank"":""clade""},{""taxon_id"":""7776"",""scientific_name"":""Gnathostomata"",""rank"":""clade""},{""taxon_id"":""117570"",""scientific_name"":""Teleostomi"",""rank"":""clade""},{""taxon_id"":""117571"",""scientific_name"":""Euteleostomi"",""rank"":""clade""},{""taxon_id"":""8287"",""scientific_name"":""Sarcopterygii"",""rank"":""superclass""},{""taxon_id"":""1338369"",""scientific_name"":""Dipnotetrapodomorpha"",""rank"":""clade""},{""taxon_id"":""32523"",""scientific_name"":""Tetrapoda"",""rank"":""clade""},{""taxon_id"":""32524"",""scientific_name"":""Amniota"",""rank"":""clade""},{""taxon_id"":""40674"",""scientific_name"":""Mammalia"",""rank"":""class""},{""taxon_id"":""32525"",""scientific_name"":""Theria"",""rank"":""clade""},{""taxon_id"":""9347"",""scientific_name"":""Eutheria"",""rank"":""clade""},{""taxon_id"":""311790"",""scientific_name"":""Afrotheria"",""rank"":""superorder""},{""taxon_id"":""9774"",""scientific_name"":""Sirenia"",""rank"":""order""},{""taxon_id"":""9775"",""scientific_name"":""Trichechidae"",""rank"":""family""},{""taxon_id"":""9776"",""scientific_name"":""Trichechus"",""rank"":""genus""},{""taxon_id"":""9778"",""scientific_name"":""Trichechus manatus"",""rank"":""species""},{""taxon_id"":""127582"",""scientific_name"":""Trichechus manatus latirostris"",""rank"":""subspecies""}]"	post-plan-non-decision-bearing-taxonomy-evidence	new_taxdump_2026-08-01	https://ftp.ncbi.nlm.nih.gov/pub/taxonomy/taxdump_archive/new_taxdump_2026-08-01.zip	2026-08-13T08:23:00Z	c3aac85da1bf473792e95bf8fe2d6933dcb31f2d649a3f8579e21011d772dca9	502ef4e7f1a8383e89d759b056524e8bcc16fe6950965f972d13f44411430f17	0.1.0
XP_023967135.2	8478	Chrysemys picta bellii	subspecies	8479	30	"[""1"",""131567"",""2759"",""33154"",""33208"",""6072"",""33213"",""33511"",""7711"",""89593"",""7742"",""7776"",""117570"",""117571"",""8287"",""1338369"",""32523"",""32524"",""8457"",""32561"",""1329799"",""2841271"",""8459"",""8464"",""1579337"",""8486"",""8476"",""8477"",""8479"",""8478""]"	"[""root"",""cellular organisms"",""Eukaryota"",""Opisthokonta"",""Metazoa"",""Eumetazoa"",""Bilateria"",""Deuterostomia"",""Chordata"",""Craniata"",""Vertebrata"",""Gnathostomata"",""Teleostomi"",""Euteleostomi"",""Sarcopterygii"",""Dipnotetrapodomorpha"",""Tetrapoda"",""Amniota"",""Sauropsida"",""Sauria"",""Archelosauria"",""Testudinata"",""Testudines"",""Cryptodira"",""Durocryptodira"",""Testudinoidea"",""Emydidae"",""Chrysemys"",""Chrysemys picta"",""Chrysemys picta bellii""]"	"[""no rank"",""cellular root"",""domain"",""clade"",""kingdom"",""clade"",""clade"",""clade"",""phylum"",""subphylum"",""clade"",""clade"",""clade"",""clade"",""superclass"",""clade"",""clade"",""clade"",""clade"",""clade"",""clade"",""subclass"",""order"",""suborder"",""clade"",""superfamily"",""family"",""genus"",""species"",""subspecies""]"	"[{""taxon_id"":""1"",""scientific_name"":""root"",""rank"":""no rank""},{""taxon_id"":""131567"",""scientific_name"":""cellular organisms"",""rank"":""cellular root""},{""taxon_id"":""2759"",""scientific_name"":""Eukaryota"",""rank"":""domain""},{""taxon_id"":""33154"",""scientific_name"":""Opisthokonta"",""rank"":""clade""},{""taxon_id"":""33208"",""scientific_name"":""Metazoa"",""rank"":""kingdom""},{""taxon_id"":""6072"",""scientific_name"":""Eumetazoa"",""rank"":""clade""},{""taxon_id"":""33213"",""scientific_name"":""Bilateria"",""rank"":""clade""},{""taxon_id"":""33511"",""scientific_name"":""Deuterostomia"",""rank"":""clade""},{""taxon_id"":""7711"",""scientific_name"":""Chordata"",""rank"":""phylum""},{""taxon_id"":""89593"",""scientific_name"":""Craniata"",""rank"":""subphylum""},{""taxon_id"":""7742"",""scientific_name"":""Vertebrata"",""rank"":""clade""},{""taxon_id"":""7776"",""scientific_name"":""Gnathostomata"",""rank"":""clade""},{""taxon_id"":""117570"",""scientific_name"":""Teleostomi"",""rank"":""clade""},{""taxon_id"":""117571"",""scientific_name"":""Euteleostomi"",""rank"":""clade""},{""taxon_id"":""8287"",""scientific_name"":""Sarcopterygii"",""rank"":""superclass""},{""taxon_id"":""1338369"",""scientific_name"":""Dipnotetrapodomorpha"",""rank"":""clade""},{""taxon_id"":""32523"",""scientific_name"":""Tetrapoda"",""rank"":""clade""},{""taxon_id"":""32524"",""scientific_name"":""Amniota"",""rank"":""clade""},{""taxon_id"":""8457"",""scientific_name"":""Sauropsida"",""rank"":""clade""},{""taxon_id"":""32561"",""scientific_name"":""Sauria"",""rank"":""clade""},{""taxon_id"":""1329799"",""scientific_name"":""Archelosauria"",""rank"":""clade""},{""taxon_id"":""2841271"",""scientific_name"":""Testudinata"",""rank"":""subclass""},{""taxon_id"":""8459"",""scientific_name"":""Testudines"",""rank"":""order""},{""taxon_id"":""8464"",""scientific_name"":""Cryptodira"",""rank"":""suborder""},{""taxon_id"":""1579337"",""scientific_name"":""Durocryptodira"",""rank"":""clade""},{""taxon_id"":""8486"",""scientific_name"":""Testudinoidea"",""rank"":""superfamily""},{""taxon_id"":""8476"",""scientific_name"":""Emydidae"",""rank"":""family""},{""taxon_id"":""8477"",""scientific_name"":""Chrysemys"",""rank"":""genus""},{""taxon_id"":""8479"",""scientific_name"":""Chrysemys picta"",""rank"":""species""},{""taxon_id"":""8478"",""scientific_name"":""Chrysemys picta bellii"",""rank"":""subspecies""}]"	post-plan-non-decision-bearing-taxonomy-evidence	new_taxdump_2026-08-01	https://ftp.ncbi.nlm.nih.gov/pub/taxonomy/taxdump_archive/new_taxdump_2026-08-01.zip	2026-08-13T08:23:00Z	c3aac85da1bf473792e95bf8fe2d6933dcb31f2d649a3f8579e21011d772dca9	502ef4e7f1a8383e89d759b056524e8bcc16fe6950965f972d13f44411430f17	0.1.0
XP_025969353.2	8790	Dromaius novaehollandiae	species	8789	32	"[""1"",""131567"",""2759"",""33154"",""33208"",""6072"",""33213"",""33511"",""7711"",""89593"",""7742"",""7776"",""117570"",""117571"",""8287"",""1338369"",""32523"",""32524"",""8457"",""32561"",""1329799"",""8492"",""436486"",""436489"",""436491"",""436492"",""8782"",""8783"",""8784"",""8788"",""8789"",""8790""]"	"[""root"",""cellular organisms"",""Eukaryota"",""Opisthokonta"",""Metazoa"",""Eumetazoa"",""Bilateria"",""Deuterostomia"",""Chordata"",""Craniata"",""Vertebrata"",""Gnathostomata"",""Teleostomi"",""Euteleostomi"",""Sarcopterygii"",""Dipnotetrapodomorpha"",""Tetrapoda"",""Amniota"",""Sauropsida"",""Sauria"",""Archelosauria"",""Archosauria"",""Dinosauria"",""Saurischia"",""Theropoda"",""Coelurosauria"",""Aves"",""Palaeognathae"",""Casuariiformes"",""Dromaiidae"",""Dromaius"",""Dromaius novaehollandiae""]"	"[""no rank"",""cellular root"",""domain"",""clade"",""kingdom"",""clade"",""clade"",""clade"",""phylum"",""subphylum"",""clade"",""clade"",""clade"",""clade"",""superclass"",""clade"",""clade"",""clade"",""clade"",""clade"",""clade"",""clade"",""clade"",""clade"",""clade"",""clade"",""class"",""superorder"",""order"",""family"",""genus"",""species""]"	"[{""taxon_id"":""1"",""scientific_name"":""root"",""rank"":""no rank""},{""taxon_id"":""131567"",""scientific_name"":""cellular organisms"",""rank"":""cellular root""},{""taxon_id"":""2759"",""scientific_name"":""Eukaryota"",""rank"":""domain""},{""taxon_id"":""33154"",""scientific_name"":""Opisthokonta"",""rank"":""clade""},{""taxon_id"":""33208"",""scientific_name"":""Metazoa"",""rank"":""kingdom""},{""taxon_id"":""6072"",""scientific_name"":""Eumetazoa"",""rank"":""clade""},{""taxon_id"":""33213"",""scientific_name"":""Bilateria"",""rank"":""clade""},{""taxon_id"":""33511"",""scientific_name"":""Deuterostomia"",""rank"":""clade""},{""taxon_id"":""7711"",""scientific_name"":""Chordata"",""rank"":""phylum""},{""taxon_id"":""89593"",""scientific_name"":""Craniata"",""rank"":""subphylum""},{""taxon_id"":""7742"",""scientific_name"":""Vertebrata"",""rank"":""clade""},{""taxon_id"":""7776"",""scientific_name"":""Gnathostomata"",""rank"":""clade""},{""taxon_id"":""117570"",""scientific_name"":""Teleostomi"",""rank"":""clade""},{""taxon_id"":""117571"",""scientific_name"":""Euteleostomi"",""rank"":""clade""},{""taxon_id"":""8287"",""scientific_name"":""Sarcopterygii"",""rank"":""superclass""},{""taxon_id"":""1338369"",""scientific_name"":""Dipnotetrapodomorpha"",""rank"":""clade""},{""taxon_id"":""32523"",""scientific_name"":""Tetrapoda"",""rank"":""clade""},{""taxon_id"":""32524"",""scientific_name"":""Amniota"",""rank"":""clade""},{""taxon_id"":""8457"",""scientific_name"":""Sauropsida"",""rank"":""clade""},{""taxon_id"":""32561"",""scientific_name"":""Sauria"",""rank"":""clade""},{""taxon_id"":""1329799"",""scientific_name"":""Archelosauria"",""rank"":""clade""},{""taxon_id"":""8492"",""scientific_name"":""Archosauria"",""rank"":""clade""},{""taxon_id"":""436486"",""scientific_name"":""Dinosauria"",""rank"":""clade""},{""taxon_id"":""436489"",""scientific_name"":""Saurischia"",""rank"":""clade""},{""taxon_id"":""436491"",""scientific_name"":""Theropoda"",""rank"":""clade""},{""taxon_id"":""436492"",""scientific_name"":""Coelurosauria"",""rank"":""clade""},{""taxon_id"":""8782"",""scientific_name"":""Aves"",""rank"":""class""},{""taxon_id"":""8783"",""scientific_name"":""Palaeognathae"",""rank"":""superorder""},{""taxon_id"":""8784"",""scientific_name"":""Casuariiformes"",""rank"":""order""},{""taxon_id"":""8788"",""scientific_name"":""Dromaiidae"",""rank"":""family""},{""taxon_id"":""8789"",""scientific_name"":""Dromaius"",""rank"":""genus""},{""taxon_id"":""8790"",""scientific_name"":""Dromaius novaehollandiae"",""rank"":""species""}]"	post-plan-non-decision-bearing-taxonomy-evidence	new_taxdump_2026-08-01	https://ftp.ncbi.nlm.nih.gov/pub/taxonomy/taxdump_archive/new_taxdump_2026-08-01.zip	2026-08-13T08:23:00Z	c3aac85da1bf473792e95bf8fe2d6933dcb31f2d649a3f8579e21011d772dca9	502ef4e7f1a8383e89d759b056524e8bcc16fe6950965f972d13f44411430f17	0.1.0
XP_026576759.1	8673	Pseudonaja textilis	species	8672	32	"[""1"",""131567"",""2759"",""33154"",""33208"",""6072"",""33213"",""33511"",""7711"",""89593"",""7742"",""7776"",""117570"",""117571"",""8287"",""1338369"",""32523"",""32524"",""8457"",""32561"",""8504"",""8509"",""1329961"",""1329950"",""1329912"",""1329911"",""8570"",""34989"",""8602"",""292440"",""8672"",""8673""]"	"[""root"",""cellular organisms"",""Eukaryota"",""Opisthokonta"",""Metazoa"",""Eumetazoa"",""Bilateria"",""Deuterostomia"",""Chordata"",""Craniata"",""Vertebrata"",""Gnathostomata"",""Teleostomi"",""Euteleostomi"",""Sarcopterygii"",""Dipnotetrapodomorpha"",""Tetrapoda"",""Amniota"",""Sauropsida"",""Sauria"",""Lepidosauria"",""Squamata"",""Bifurcata"",""Unidentata"",""Episquamata"",""Toxicofera"",""Serpentes"",""Colubroidea"",""Elapidae"",""Hydrophiinae"",""Pseudonaja"",""Pseudonaja textilis""]"	"[""no rank"",""cellular root"",""domain"",""clade"",""kingdom"",""clade"",""clade"",""clade"",""phylum"",""subphylum"",""clade"",""clade"",""clade"",""clade"",""superclass"",""clade"",""clade"",""clade"",""clade"",""clade"",""class"",""order"",""clade"",""clade"",""clade"",""clade"",""infraorder"",""superfamily"",""family"",""subfamily"",""genus"",""species""]"	"[{""taxon_id"":""1"",""scientific_name"":""root"",""rank"":""no rank""},{""taxon_id"":""131567"",""scientific_name"":""cellular organisms"",""rank"":""cellular root""},{""taxon_id"":""2759"",""scientific_name"":""Eukaryota"",""rank"":""domain""},{""taxon_id"":""33154"",""scientific_name"":""Opisthokonta"",""rank"":""clade""},{""taxon_id"":""33208"",""scientific_name"":""Metazoa"",""rank"":""kingdom""},{""taxon_id"":""6072"",""scientific_name"":""Eumetazoa"",""rank"":""clade""},{""taxon_id"":""33213"",""scientific_name"":""Bilateria"",""rank"":""clade""},{""taxon_id"":""33511"",""scientific_name"":""Deuterostomia"",""rank"":""clade""},{""taxon_id"":""7711"",""scientific_name"":""Chordata"",""rank"":""phylum""},{""taxon_id"":""89593"",""scientific_name"":""Craniata"",""rank"":""subphylum""},{""taxon_id"":""7742"",""scientific_name"":""Vertebrata"",""rank"":""clade""},{""taxon_id"":""7776"",""scientific_name"":""Gnathostomata"",""rank"":""clade""},{""taxon_id"":""117570"",""scientific_name"":""Teleostomi"",""rank"":""clade""},{""taxon_id"":""117571"",""scientific_name"":""Euteleostomi"",""rank"":""clade""},{""taxon_id"":""8287"",""scientific_name"":""Sarcopterygii"",""rank"":""superclass""},{""taxon_id"":""1338369"",""scientific_name"":""Dipnotetrapodomorpha"",""rank"":""clade""},{""taxon_id"":""32523"",""scientific_name"":""Tetrapoda"",""rank"":""clade""},{""taxon_id"":""32524"",""scientific_name"":""Amniota"",""rank"":""clade""},{""taxon_id"":""8457"",""scientific_name"":""Sauropsida"",""rank"":""clade""},{""taxon_id"":""32561"",""scientific_name"":""Sauria"",""rank"":""clade""},{""taxon_id"":""8504"",""scientific_name"":""Lepidosauria"",""rank"":""class""},{""taxon_id"":""8509"",""scientific_name"":""Squamata"",""rank"":""order""},{""taxon_id"":""1329961"",""scientific_name"":""Bifurcata"",""rank"":""clade""},{""taxon_id"":""1329950"",""scientific_name"":""Unidentata"",""rank"":""clade""},{""taxon_id"":""1329912"",""scientific_name"":""Episquamata"",""rank"":""clade""},{""taxon_id"":""1329911"",""scientific_name"":""Toxicofera"",""rank"":""clade""},{""taxon_id"":""8570"",""scientific_name"":""Serpentes"",""rank"":""infraorder""},{""taxon_id"":""34989"",""scientific_name"":""Colubroidea"",""rank"":""superfamily""},{""taxon_id"":""8602"",""scientific_name"":""Elapidae"",""rank"":""family""},{""taxon_id"":""292440"",""scientific_name"":""Hydrophiinae"",""rank"":""subfamily""},{""taxon_id"":""8672"",""scientific_name"":""Pseudonaja"",""rank"":""genus""},{""taxon_id"":""8673"",""scientific_name"":""Pseudonaja textilis"",""rank"":""species""}]"	post-plan-non-decision-bearing-taxonomy-evidence	new_taxdump_2026-08-01	https://ftp.ncbi.nlm.nih.gov/pub/taxonomy/taxdump_archive/new_taxdump_2026-08-01.zip	2026-08-13T08:23:00Z	c3aac85da1bf473792e95bf8fe2d6933dcb31f2d649a3f8579e21011d772dca9	502ef4e7f1a8383e89d759b056524e8bcc16fe6950965f972d13f44411430f17	0.1.0
XP_027301205.3	8839	Anas platyrhynchos	species	8835	34	"[""1"",""131567"",""2759"",""33154"",""33208"",""6072"",""33213"",""33511"",""7711"",""89593"",""7742"",""7776"",""117570"",""117571"",""8287"",""1338369"",""32523"",""32524"",""8457"",""32561"",""1329799"",""8492"",""436486"",""436489"",""436491"",""436492"",""8782"",""8825"",""1549675"",""8826"",""8830"",""2068716"",""8835"",""8839""]"	"[""root"",""cellular organisms"",""Eukaryota"",""Opisthokonta"",""Metazoa"",""Eumetazoa"",""Bilateria"",""Deuterostomia"",""Chordata"",""Craniata"",""Vertebrata"",""Gnathostomata"",""Teleostomi"",""Euteleostomi"",""Sarcopterygii"",""Dipnotetrapodomorpha"",""Tetrapoda"",""Amniota"",""Sauropsida"",""Sauria"",""Archelosauria"",""Archosauria"",""Dinosauria"",""Saurischia"",""Theropoda"",""Coelurosauria"",""Aves"",""Neognathae"",""Galloanserae"",""Anseriformes"",""Anatidae"",""Anatinae"",""Anas"",""Anas platyrhynchos""]"	"[""no rank"",""cellular root"",""domain"",""clade"",""kingdom"",""clade"",""clade"",""clade"",""phylum"",""subphylum"",""clade"",""clade"",""clade"",""clade"",""superclass"",""clade"",""clade"",""clade"",""clade"",""clade"",""clade"",""clade"",""clade"",""clade"",""clade"",""clade"",""class"",""infraclass"",""superorder"",""order"",""family"",""subfamily"",""genus"",""species""]"	"[{""taxon_id"":""1"",""scientific_name"":""root"",""rank"":""no rank""},{""taxon_id"":""131567"",""scientific_name"":""cellular organisms"",""rank"":""cellular root""},{""taxon_id"":""2759"",""scientific_name"":""Eukaryota"",""rank"":""domain""},{""taxon_id"":""33154"",""scientific_name"":""Opisthokonta"",""rank"":""clade""},{""taxon_id"":""33208"",""scientific_name"":""Metazoa"",""rank"":""kingdom""},{""taxon_id"":""6072"",""scientific_name"":""Eumetazoa"",""rank"":""clade""},{""taxon_id"":""33213"",""scientific_name"":""Bilateria"",""rank"":""clade""},{""taxon_id"":""33511"",""scientific_name"":""Deuterostomia"",""rank"":""clade""},{""taxon_id"":""7711"",""scientific_name"":""Chordata"",""rank"":""phylum""},{""taxon_id"":""89593"",""scientific_name"":""Craniata"",""rank"":""subphylum""},{""taxon_id"":""7742"",""scientific_name"":""Vertebrata"",""rank"":""clade""},{""taxon_id"":""7776"",""scientific_name"":""Gnathostomata"",""rank"":""clade""},{""taxon_id"":""117570"",""scientific_name"":""Teleostomi"",""rank"":""clade""},{""taxon_id"":""117571"",""scientific_name"":""Euteleostomi"",""rank"":""clade""},{""taxon_id"":""8287"",""scientific_name"":""Sarcopterygii"",""rank"":""superclass""},{""taxon_id"":""1338369"",""scientific_name"":""Dipnotetrapodomorpha"",""rank"":""clade""},{""taxon_id"":""32523"",""scientific_name"":""Tetrapoda"",""rank"":""clade""},{""taxon_id"":""32524"",""scientific_name"":""Amniota"",""rank"":""clade""},{""taxon_id"":""8457"",""scientific_name"":""Sauropsida"",""rank"":""clade""},{""taxon_id"":""32561"",""scientific_name"":""Sauria"",""rank"":""clade""},{""taxon_id"":""1329799"",""scientific_name"":""Archelosauria"",""rank"":""clade""},{""taxon_id"":""8492"",""scientific_name"":""Archosauria"",""rank"":""clade""},{""taxon_id"":""436486"",""scientific_name"":""Dinosauria"",""rank"":""clade""},{""taxon_id"":""436489"",""scientific_name"":""Saurischia"",""rank"":""clade""},{""taxon_id"":""436491"",""scientific_name"":""Theropoda"",""rank"":""clade""},{""taxon_id"":""436492"",""scientific_name"":""Coelurosauria"",""rank"":""clade""},{""taxon_id"":""8782"",""scientific_name"":""Aves"",""rank"":""class""},{""taxon_id"":""8825"",""scientific_name"":""Neognathae"",""rank"":""infraclass""},{""taxon_id"":""1549675"",""scientific_name"":""Galloanserae"",""rank"":""superorder""},{""taxon_id"":""8826"",""scientific_name"":""Anseriformes"",""rank"":""order""},{""taxon_id"":""8830"",""scientific_name"":""Anatidae"",""rank"":""family""},{""taxon_id"":""2068716"",""scientific_name"":""Anatinae"",""rank"":""subfamily""},{""taxon_id"":""8835"",""scientific_name"":""Anas"",""rank"":""genus""},{""taxon_id"":""8839"",""scientific_name"":""Anas platyrhynchos"",""rank"":""species""}]"	post-plan-non-decision-bearing-taxonomy-evidence	new_taxdump_2026-08-01	https://ftp.ncbi.nlm.nih.gov/pub/taxonomy/taxdump_archive/new_taxdump_2026-08-01.zip	2026-08-13T08:23:00Z	c3aac85da1bf473792e95bf8fe2d6933dcb31f2d649a3f8579e21011d772dca9	502ef4e7f1a8383e89d759b056524e8bcc16fe6950965f972d13f44411430f17	0.1.0
XP_027690803.2	8469	Chelonia mydas	species	8468	30	"[""1"",""131567"",""2759"",""33154"",""33208"",""6072"",""33213"",""33511"",""7711"",""89593"",""7742"",""7776"",""117570"",""117571"",""8287"",""1338369"",""32523"",""32524"",""8457"",""32561"",""1329799"",""2841271"",""8459"",""8464"",""1579337"",""1579336"",""27791"",""8465"",""8468"",""8469""]"	"[""root"",""cellular organisms"",""Eukaryota"",""Opisthokonta"",""Metazoa"",""Eumetazoa"",""Bilateria"",""Deuterostomia"",""Chordata"",""Craniata"",""Vertebrata"",""Gnathostomata"",""Teleostomi"",""Euteleostomi"",""Sarcopterygii"",""Dipnotetrapodomorpha"",""Tetrapoda"",""Amniota"",""Sauropsida"",""Sauria"",""Archelosauria"",""Testudinata"",""Testudines"",""Cryptodira"",""Durocryptodira"",""Americhelydia"",""Chelonioidea"",""Cheloniidae"",""Chelonia"",""Chelonia mydas""]"	"[""no rank"",""cellular root"",""domain"",""clade"",""kingdom"",""clade"",""clade"",""clade"",""phylum"",""subphylum"",""clade"",""clade"",""clade"",""clade"",""superclass"",""clade"",""clade"",""clade"",""clade"",""clade"",""clade"",""subclass"",""order"",""suborder"",""clade"",""clade"",""superfamily"",""family"",""genus"",""species""]"	"[{""taxon_id"":""1"",""scientific_name"":""root"",""rank"":""no rank""},{""taxon_id"":""131567"",""scientific_name"":""cellular organisms"",""rank"":""cellular root""},{""taxon_id"":""2759"",""scientific_name"":""Eukaryota"",""rank"":""domain""},{""taxon_id"":""33154"",""scientific_name"":""Opisthokonta"",""rank"":""clade""},{""taxon_id"":""33208"",""scientific_name"":""Metazoa"",""rank"":""kingdom""},{""taxon_id"":""6072"",""scientific_name"":""Eumetazoa"",""rank"":""clade""},{""taxon_id"":""33213"",""scientific_name"":""Bilateria"",""rank"":""clade""},{""taxon_id"":""33511"",""scientific_name"":""Deuterostomia"",""rank"":""clade""},{""taxon_id"":""7711"",""scientific_name"":""Chordata"",""rank"":""phylum""},{""taxon_id"":""89593"",""scientific_name"":""Craniata"",""rank"":""subphylum""},{""taxon_id"":""7742"",""scientific_name"":""Vertebrata"",""rank"":""clade""},{""taxon_id"":""7776"",""scientific_name"":""Gnathostomata"",""rank"":""clade""},{""taxon_id"":""117570"",""scientific_name"":""Teleostomi"",""rank"":""clade""},{""taxon_id"":""117571"",""scientific_name"":""Euteleostomi"",""rank"":""clade""},{""taxon_id"":""8287"",""scientific_name"":""Sarcopterygii"",""rank"":""superclass""},{""taxon_id"":""1338369"",""scientific_name"":""Dipnotetrapodomorpha"",""rank"":""clade""},{""taxon_id"":""32523"",""scientific_name"":""Tetrapoda"",""rank"":""clade""},{""taxon_id"":""32524"",""scientific_name"":""Amniota"",""rank"":""clade""},{""taxon_id"":""8457"",""scientific_name"":""Sauropsida"",""rank"":""clade""},{""taxon_id"":""32561"",""scientific_name"":""Sauria"",""rank"":""clade""},{""taxon_id"":""1329799"",""scientific_name"":""Archelosauria"",""rank"":""clade""},{""taxon_id"":""2841271"",""scientific_name"":""Testudinata"",""rank"":""subclass""},{""taxon_id"":""8459"",""scientific_name"":""Testudines"",""rank"":""order""},{""taxon_id"":""8464"",""scientific_name"":""Cryptodira"",""rank"":""suborder""},{""taxon_id"":""1579337"",""scientific_name"":""Durocryptodira"",""rank"":""clade""},{""taxon_id"":""1579336"",""scientific_name"":""Americhelydia"",""rank"":""clade""},{""taxon_id"":""27791"",""scientific_name"":""Chelonioidea"",""rank"":""superfamily""},{""taxon_id"":""8465"",""scientific_name"":""Cheloniidae"",""rank"":""family""},{""taxon_id"":""8468"",""scientific_name"":""Chelonia"",""rank"":""genus""},{""taxon_id"":""8469"",""scientific_name"":""Chelonia mydas"",""rank"":""species""}]"	post-plan-non-decision-bearing-taxonomy-evidence	new_taxdump_2026-08-01	https://ftp.ncbi.nlm.nih.gov/pub/taxonomy/taxdump_archive/new_taxdump_2026-08-01.zip	2026-08-13T08:23:00Z	c3aac85da1bf473792e95bf8fe2d6933dcb31f2d649a3f8579e21011d772dca9	502ef4e7f1a8383e89d759b056524e8bcc16fe6950965f972d13f44411430f17	0.1.0
XP_029429046.1	194408	Rhinatrema bivittatum	species	194407	22	"[""1"",""131567"",""2759"",""33154"",""33208"",""6072"",""33213"",""33511"",""7711"",""89593"",""7742"",""7776"",""117570"",""117571"",""8287"",""1338369"",""32523"",""8292"",""8445"",""30380"",""194407"",""194408""]"	"[""root"",""cellular organisms"",""Eukaryota"",""Opisthokonta"",""Metazoa"",""Eumetazoa"",""Bilateria"",""Deuterostomia"",""Chordata"",""Craniata"",""Vertebrata"",""Gnathostomata"",""Teleostomi"",""Euteleostomi"",""Sarcopterygii"",""Dipnotetrapodomorpha"",""Tetrapoda"",""Amphibia"",""Gymnophiona"",""Rhinatrematidae"",""Rhinatrema"",""Rhinatrema bivittatum""]"	"[""no rank"",""cellular root"",""domain"",""clade"",""kingdom"",""clade"",""clade"",""clade"",""phylum"",""subphylum"",""clade"",""clade"",""clade"",""clade"",""superclass"",""clade"",""clade"",""class"",""order"",""family"",""genus"",""species""]"	"[{""taxon_id"":""1"",""scientific_name"":""root"",""rank"":""no rank""},{""taxon_id"":""131567"",""scientific_name"":""cellular organisms"",""rank"":""cellular root""},{""taxon_id"":""2759"",""scientific_name"":""Eukaryota"",""rank"":""domain""},{""taxon_id"":""33154"",""scientific_name"":""Opisthokonta"",""rank"":""clade""},{""taxon_id"":""33208"",""scientific_name"":""Metazoa"",""rank"":""kingdom""},{""taxon_id"":""6072"",""scientific_name"":""Eumetazoa"",""rank"":""clade""},{""taxon_id"":""33213"",""scientific_name"":""Bilateria"",""rank"":""clade""},{""taxon_id"":""33511"",""scientific_name"":""Deuterostomia"",""rank"":""clade""},{""taxon_id"":""7711"",""scientific_name"":""Chordata"",""rank"":""phylum""},{""taxon_id"":""89593"",""scientific_name"":""Craniata"",""rank"":""subphylum""},{""taxon_id"":""7742"",""scientific_name"":""Vertebrata"",""rank"":""clade""},{""taxon_id"":""7776"",""scientific_name"":""Gnathostomata"",""rank"":""clade""},{""taxon_id"":""117570"",""scientific_name"":""Teleostomi"",""rank"":""clade""},{""taxon_id"":""117571"",""scientific_name"":""Euteleostomi"",""rank"":""clade""},{""taxon_id"":""8287"",""scientific_name"":""Sarcopterygii"",""rank"":""superclass""},{""taxon_id"":""1338369"",""scientific_name"":""Dipnotetrapodomorpha"",""rank"":""clade""},{""taxon_id"":""32523"",""scientific_name"":""Tetrapoda"",""rank"":""clade""},{""taxon_id"":""8292"",""scientific_name"":""Amphibia"",""rank"":""class""},{""taxon_id"":""8445"",""scientific_name"":""Gymnophiona"",""rank"":""order""},{""taxon_id"":""30380"",""scientific_name"":""Rhinatrematidae"",""rank"":""family""},{""taxon_id"":""194407"",""scientific_name"":""Rhinatrema"",""rank"":""genus""},{""taxon_id"":""194408"",""scientific_name"":""Rhinatrema bivittatum"",""rank"":""species""}]"	post-plan-non-decision-bearing-taxonomy-evidence	new_taxdump_2026-08-01	https://ftp.ncbi.nlm.nih.gov/pub/taxonomy/taxdump_archive/new_taxdump_2026-08-01.zip	2026-08-13T08:23:00Z	c3aac85da1bf473792e95bf8fe2d6933dcb31f2d649a3f8579e21011d772dca9	502ef4e7f1a8383e89d759b056524e8bcc16fe6950965f972d13f44411430f17	0.1.0
XP_029879002.1	223781	Aquila chrysaetos chrysaetos	subspecies	8962	37	"[""1"",""131567"",""2759"",""33154"",""33208"",""6072"",""33213"",""33511"",""7711"",""89593"",""7742"",""7776"",""117570"",""117571"",""8287"",""1338369"",""32523"",""32524"",""8457"",""32561"",""1329799"",""8492"",""436486"",""436489"",""436491"",""436492"",""8782"",""8825"",""3078114"",""3073808"",""3073811"",""2558200"",""56259"",""8955"",""8960"",""8962"",""223781""]"	"[""root"",""cellular organisms"",""Eukaryota"",""Opisthokonta"",""Metazoa"",""Eumetazoa"",""Bilateria"",""Deuterostomia"",""Chordata"",""Craniata"",""Vertebrata"",""Gnathostomata"",""Teleostomi"",""Euteleostomi"",""Sarcopterygii"",""Dipnotetrapodomorpha"",""Tetrapoda"",""Amniota"",""Sauropsida"",""Sauria"",""Archelosauria"",""Archosauria"",""Dinosauria"",""Saurischia"",""Theropoda"",""Coelurosauria"",""Aves"",""Neognathae"",""Neoaves"",""Telluraves"",""Accipitrimorphae"",""Accipitriformes"",""Accipitridae"",""Accipitrinae"",""Aquila"",""Aquila chrysaetos"",""Aquila chrysaetos chrysaetos""]"	"[""no rank"",""cellular root"",""domain"",""clade"",""kingdom"",""clade"",""clade"",""clade"",""phylum"",""subphylum"",""clade"",""clade"",""clade"",""clade"",""superclass"",""clade"",""clade"",""clade"",""clade"",""clade"",""clade"",""clade"",""clade"",""clade"",""clade"",""clade"",""class"",""infraclass"",""clade"",""clade"",""clade"",""order"",""family"",""subfamily"",""genus"",""species"",""subspecies""]"	"[{""taxon_id"":""1"",""scientific_name"":""root"",""rank"":""no rank""},{""taxon_id"":""131567"",""scientific_name"":""cellular organisms"",""rank"":""cellular root""},{""taxon_id"":""2759"",""scientific_name"":""Eukaryota"",""rank"":""domain""},{""taxon_id"":""33154"",""scientific_name"":""Opisthokonta"",""rank"":""clade""},{""taxon_id"":""33208"",""scientific_name"":""Metazoa"",""rank"":""kingdom""},{""taxon_id"":""6072"",""scientific_name"":""Eumetazoa"",""rank"":""clade""},{""taxon_id"":""33213"",""scientific_name"":""Bilateria"",""rank"":""clade""},{""taxon_id"":""33511"",""scientific_name"":""Deuterostomia"",""rank"":""clade""},{""taxon_id"":""7711"",""scientific_name"":""Chordata"",""rank"":""phylum""},{""taxon_id"":""89593"",""scientific_name"":""Craniata"",""rank"":""subphylum""},{""taxon_id"":""7742"",""scientific_name"":""Vertebrata"",""rank"":""clade""},{""taxon_id"":""7776"",""scientific_name"":""Gnathostomata"",""rank"":""clade""},{""taxon_id"":""117570"",""scientific_name"":""Teleostomi"",""rank"":""clade""},{""taxon_id"":""117571"",""scientific_name"":""Euteleostomi"",""rank"":""clade""},{""taxon_id"":""8287"",""scientific_name"":""Sarcopterygii"",""rank"":""superclass""},{""taxon_id"":""1338369"",""scientific_name"":""Dipnotetrapodomorpha"",""rank"":""clade""},{""taxon_id"":""32523"",""scientific_name"":""Tetrapoda"",""rank"":""clade""},{""taxon_id"":""32524"",""scientific_name"":""Amniota"",""rank"":""clade""},{""taxon_id"":""8457"",""scientific_name"":""Sauropsida"",""rank"":""clade""},{""taxon_id"":""32561"",""scientific_name"":""Sauria"",""rank"":""clade""},{""taxon_id"":""1329799"",""scientific_name"":""Archelosauria"",""rank"":""clade""},{""taxon_id"":""8492"",""scientific_name"":""Archosauria"",""rank"":""clade""},{""taxon_id"":""436486"",""scientific_name"":""Dinosauria"",""rank"":""clade""},{""taxon_id"":""436489"",""scientific_name"":""Saurischia"",""rank"":""clade""},{""taxon_id"":""436491"",""scientific_name"":""Theropoda"",""rank"":""clade""},{""taxon_id"":""436492"",""scientific_name"":""Coelurosauria"",""rank"":""clade""},{""taxon_id"":""8782"",""scientific_name"":""Aves"",""rank"":""class""},{""taxon_id"":""8825"",""scientific_name"":""Neognathae"",""rank"":""infraclass""},{""taxon_id"":""3078114"",""scientific_name"":""Neoaves"",""rank"":""clade""},{""taxon_id"":""3073808"",""scientific_name"":""Telluraves"",""rank"":""clade""},{""taxon_id"":""3073811"",""scientific_name"":""Accipitrimorphae"",""rank"":""clade""},{""taxon_id"":""2558200"",""scientific_name"":""Accipitriformes"",""rank"":""order""},{""taxon_id"":""56259"",""scientific_name"":""Accipitridae"",""rank"":""family""},{""taxon_id"":""8955"",""scientific_name"":""Accipitrinae"",""rank"":""subfamily""},{""taxon_id"":""8960"",""scientific_name"":""Aquila"",""rank"":""genus""},{""taxon_id"":""8962"",""scientific_name"":""Aquila chrysaetos"",""rank"":""species""},{""taxon_id"":""223781"",""scientific_name"":""Aquila chrysaetos chrysaetos"",""rank"":""subspecies""}]"	post-plan-non-decision-bearing-taxonomy-evidence	new_taxdump_2026-08-01	https://ftp.ncbi.nlm.nih.gov/pub/taxonomy/taxdump_archive/new_taxdump_2026-08-01.zip	2026-08-13T08:23:00Z	c3aac85da1bf473792e95bf8fe2d6933dcb31f2d649a3f8579e21011d772dca9	502ef4e7f1a8383e89d759b056524e8bcc16fe6950965f972d13f44411430f17	0.1.0
XP_030901062.1	13146	Melopsittacus undulatus	species	13145	35	"[""1"",""131567"",""2759"",""33154"",""33208"",""6072"",""33213"",""33511"",""7711"",""89593"",""7742"",""7776"",""117570"",""117571"",""8287"",""1338369"",""32523"",""32524"",""8457"",""32561"",""1329799"",""8492"",""436486"",""436489"",""436491"",""436492"",""8782"",""8825"",""3078114"",""3073808"",""3073809"",""9223"",""1545690"",""13145"",""13146""]"	"[""root"",""cellular organisms"",""Eukaryota"",""Opisthokonta"",""Metazoa"",""Eumetazoa"",""Bilateria"",""Deuterostomia"",""Chordata"",""Craniata"",""Vertebrata"",""Gnathostomata"",""Teleostomi"",""Euteleostomi"",""Sarcopterygii"",""Dipnotetrapodomorpha"",""Tetrapoda"",""Amniota"",""Sauropsida"",""Sauria"",""Archelosauria"",""Archosauria"",""Dinosauria"",""Saurischia"",""Theropoda"",""Coelurosauria"",""Aves"",""Neognathae"",""Neoaves"",""Telluraves"",""Australaves"",""Psittaciformes"",""Psittaculidae"",""Melopsittacus"",""Melopsittacus undulatus""]"	"[""no rank"",""cellular root"",""domain"",""clade"",""kingdom"",""clade"",""clade"",""clade"",""phylum"",""subphylum"",""clade"",""clade"",""clade"",""clade"",""superclass"",""clade"",""clade"",""clade"",""clade"",""clade"",""clade"",""clade"",""clade"",""clade"",""clade"",""clade"",""class"",""infraclass"",""clade"",""clade"",""clade"",""order"",""family"",""genus"",""species""]"	"[{""taxon_id"":""1"",""scientific_name"":""root"",""rank"":""no rank""},{""taxon_id"":""131567"",""scientific_name"":""cellular organisms"",""rank"":""cellular root""},{""taxon_id"":""2759"",""scientific_name"":""Eukaryota"",""rank"":""domain""},{""taxon_id"":""33154"",""scientific_name"":""Opisthokonta"",""rank"":""clade""},{""taxon_id"":""33208"",""scientific_name"":""Metazoa"",""rank"":""kingdom""},{""taxon_id"":""6072"",""scientific_name"":""Eumetazoa"",""rank"":""clade""},{""taxon_id"":""33213"",""scientific_name"":""Bilateria"",""rank"":""clade""},{""taxon_id"":""33511"",""scientific_name"":""Deuterostomia"",""rank"":""clade""},{""taxon_id"":""7711"",""scientific_name"":""Chordata"",""rank"":""phylum""},{""taxon_id"":""89593"",""scientific_name"":""Craniata"",""rank"":""subphylum""},{""taxon_id"":""7742"",""scientific_name"":""Vertebrata"",""rank"":""clade""},{""taxon_id"":""7776"",""scientific_name"":""Gnathostomata"",""rank"":""clade""},{""taxon_id"":""117570"",""scientific_name"":""Teleostomi"",""rank"":""clade""},{""taxon_id"":""117571"",""scientific_name"":""Euteleostomi"",""rank"":""clade""},{""taxon_id"":""8287"",""scientific_name"":""Sarcopterygii"",""rank"":""superclass""},{""taxon_id"":""1338369"",""scientific_name"":""Dipnotetrapodomorpha"",""rank"":""clade""},{""taxon_id"":""32523"",""scientific_name"":""Tetrapoda"",""rank"":""clade""},{""taxon_id"":""32524"",""scientific_name"":""Amniota"",""rank"":""clade""},{""taxon_id"":""8457"",""scientific_name"":""Sauropsida"",""rank"":""clade""},{""taxon_id"":""32561"",""scientific_name"":""Sauria"",""rank"":""clade""},{""taxon_id"":""1329799"",""scientific_name"":""Archelosauria"",""rank"":""clade""},{""taxon_id"":""8492"",""scientific_name"":""Archosauria"",""rank"":""clade""},{""taxon_id"":""436486"",""scientific_name"":""Dinosauria"",""rank"":""clade""},{""taxon_id"":""436489"",""scientific_name"":""Saurischia"",""rank"":""clade""},{""taxon_id"":""436491"",""scientific_name"":""Theropoda"",""rank"":""clade""},{""taxon_id"":""436492"",""scientific_name"":""Coelurosauria"",""rank"":""clade""},{""taxon_id"":""8782"",""scientific_name"":""Aves"",""rank"":""class""},{""taxon_id"":""8825"",""scientific_name"":""Neognathae"",""rank"":""infraclass""},{""taxon_id"":""3078114"",""scientific_name"":""Neoaves"",""rank"":""clade""},{""taxon_id"":""3073808"",""scientific_name"":""Telluraves"",""rank"":""clade""},{""taxon_id"":""3073809"",""scientific_name"":""Australaves"",""rank"":""clade""},{""taxon_id"":""9223"",""scientific_name"":""Psittaciformes"",""rank"":""order""},{""taxon_id"":""1545690"",""scientific_name"":""Psittaculidae"",""rank"":""family""},{""taxon_id"":""13145"",""scientific_name"":""Melopsittacus"",""rank"":""genus""},{""taxon_id"":""13146"",""scientific_name"":""Melopsittacus undulatus"",""rank"":""species""}]"	post-plan-non-decision-bearing-taxonomy-evidence	new_taxdump_2026-08-01	https://ftp.ncbi.nlm.nih.gov/pub/taxonomy/taxdump_archive/new_taxdump_2026-08-01.zip	2026-08-13T08:23:00Z	c3aac85da1bf473792e95bf8fe2d6933dcb31f2d649a3f8579e21011d772dca9	502ef4e7f1a8383e89d759b056524e8bcc16fe6950965f972d13f44411430f17	0.1.0
XP_034272113.1	94885	Pantherophis guttatus	species	201800	32	"[""1"",""131567"",""2759"",""33154"",""33208"",""6072"",""33213"",""33511"",""7711"",""89593"",""7742"",""7776"",""117570"",""117571"",""8287"",""1338369"",""32523"",""32524"",""8457"",""32561"",""8504"",""8509"",""1329961"",""1329950"",""1329912"",""1329911"",""8570"",""34989"",""8578"",""169863"",""201800"",""94885""]"	"[""root"",""cellular organisms"",""Eukaryota"",""Opisthokonta"",""Metazoa"",""Eumetazoa"",""Bilateria"",""Deuterostomia"",""Chordata"",""Craniata"",""Vertebrata"",""Gnathostomata"",""Teleostomi"",""Euteleostomi"",""Sarcopterygii"",""Dipnotetrapodomorpha"",""Tetrapoda"",""Amniota"",""Sauropsida"",""Sauria"",""Lepidosauria"",""Squamata"",""Bifurcata"",""Unidentata"",""Episquamata"",""Toxicofera"",""Serpentes"",""Colubroidea"",""Colubridae"",""Colubrinae"",""Pantherophis"",""Pantherophis guttatus""]"	"[""no rank"",""cellular root"",""domain"",""clade"",""kingdom"",""clade"",""clade"",""clade"",""phylum"",""subphylum"",""clade"",""clade"",""clade"",""clade"",""superclass"",""clade"",""clade"",""clade"",""clade"",""clade"",""class"",""order"",""clade"",""clade"",""clade"",""clade"",""infraorder"",""superfamily"",""family"",""subfamily"",""genus"",""species""]"	"[{""taxon_id"":""1"",""scientific_name"":""root"",""rank"":""no rank""},{""taxon_id"":""131567"",""scientific_name"":""cellular organisms"",""rank"":""cellular root""},{""taxon_id"":""2759"",""scientific_name"":""Eukaryota"",""rank"":""domain""},{""taxon_id"":""33154"",""scientific_name"":""Opisthokonta"",""rank"":""clade""},{""taxon_id"":""33208"",""scientific_name"":""Metazoa"",""rank"":""kingdom""},{""taxon_id"":""6072"",""scientific_name"":""Eumetazoa"",""rank"":""clade""},{""taxon_id"":""33213"",""scientific_name"":""Bilateria"",""rank"":""clade""},{""taxon_id"":""33511"",""scientific_name"":""Deuterostomia"",""rank"":""clade""},{""taxon_id"":""7711"",""scientific_name"":""Chordata"",""rank"":""phylum""},{""taxon_id"":""89593"",""scientific_name"":""Craniata"",""rank"":""subphylum""},{""taxon_id"":""7742"",""scientific_name"":""Vertebrata"",""rank"":""clade""},{""taxon_id"":""7776"",""scientific_name"":""Gnathostomata"",""rank"":""clade""},{""taxon_id"":""117570"",""scientific_name"":""Teleostomi"",""rank"":""clade""},{""taxon_id"":""117571"",""scientific_name"":""Euteleostomi"",""rank"":""clade""},{""taxon_id"":""8287"",""scientific_name"":""Sarcopterygii"",""rank"":""superclass""},{""taxon_id"":""1338369"",""scientific_name"":""Dipnotetrapodomorpha"",""rank"":""clade""},{""taxon_id"":""32523"",""scientific_name"":""Tetrapoda"",""rank"":""clade""},{""taxon_id"":""32524"",""scientific_name"":""Amniota"",""rank"":""clade""},{""taxon_id"":""8457"",""scientific_name"":""Sauropsida"",""rank"":""clade""},{""taxon_id"":""32561"",""scientific_name"":""Sauria"",""rank"":""clade""},{""taxon_id"":""8504"",""scientific_name"":""Lepidosauria"",""rank"":""class""},{""taxon_id"":""8509"",""scientific_name"":""Squamata"",""rank"":""order""},{""taxon_id"":""1329961"",""scientific_name"":""Bifurcata"",""rank"":""clade""},{""taxon_id"":""1329950"",""scientific_name"":""Unidentata"",""rank"":""clade""},{""taxon_id"":""1329912"",""scientific_name"":""Episquamata"",""rank"":""clade""},{""taxon_id"":""1329911"",""scientific_name"":""Toxicofera"",""rank"":""clade""},{""taxon_id"":""8570"",""scientific_name"":""Serpentes"",""rank"":""infraorder""},{""taxon_id"":""34989"",""scientific_name"":""Colubroidea"",""rank"":""superfamily""},{""taxon_id"":""8578"",""scientific_name"":""Colubridae"",""rank"":""family""},{""taxon_id"":""169863"",""scientific_name"":""Colubrinae"",""rank"":""subfamily""},{""taxon_id"":""201800"",""scientific_name"":""Pantherophis"",""rank"":""genus""},{""taxon_id"":""94885"",""scientific_name"":""Pantherophis guttatus"",""rank"":""species""}]"	post-plan-non-decision-bearing-taxonomy-evidence	new_taxdump_2026-08-01	https://ftp.ncbi.nlm.nih.gov/pub/taxonomy/taxdump_archive/new_taxdump_2026-08-01.zip	2026-08-13T08:23:00Z	c3aac85da1bf473792e95bf8fe2d6933dcb31f2d649a3f8579e21011d772dca9	502ef4e7f1a8383e89d759b056524e8bcc16fe6950965f972d13f44411430f17	0.1.0
XP_037665688.1	27675	Choloepus didactylus	species	9357	27	"[""1"",""131567"",""2759"",""33154"",""33208"",""6072"",""33213"",""33511"",""7711"",""89593"",""7742"",""7776"",""117570"",""117571"",""8287"",""1338369"",""32523"",""32524"",""40674"",""32525"",""9347"",""9348"",""948950"",""948953"",""227508"",""9357"",""27675""]"	"[""root"",""cellular organisms"",""Eukaryota"",""Opisthokonta"",""Metazoa"",""Eumetazoa"",""Bilateria"",""Deuterostomia"",""Chordata"",""Craniata"",""Vertebrata"",""Gnathostomata"",""Teleostomi"",""Euteleostomi"",""Sarcopterygii"",""Dipnotetrapodomorpha"",""Tetrapoda"",""Amniota"",""Mammalia"",""Theria"",""Eutheria"",""Xenarthra"",""Pilosa"",""Folivora"",""Megalonychidae"",""Choloepus"",""Choloepus didactylus""]"	"[""no rank"",""cellular root"",""domain"",""clade"",""kingdom"",""clade"",""clade"",""clade"",""phylum"",""subphylum"",""clade"",""clade"",""clade"",""clade"",""superclass"",""clade"",""clade"",""clade"",""class"",""clade"",""clade"",""superorder"",""order"",""suborder"",""family"",""genus"",""species""]"	"[{""taxon_id"":""1"",""scientific_name"":""root"",""rank"":""no rank""},{""taxon_id"":""131567"",""scientific_name"":""cellular organisms"",""rank"":""cellular root""},{""taxon_id"":""2759"",""scientific_name"":""Eukaryota"",""rank"":""domain""},{""taxon_id"":""33154"",""scientific_name"":""Opisthokonta"",""rank"":""clade""},{""taxon_id"":""33208"",""scientific_name"":""Metazoa"",""rank"":""kingdom""},{""taxon_id"":""6072"",""scientific_name"":""Eumetazoa"",""rank"":""clade""},{""taxon_id"":""33213"",""scientific_name"":""Bilateria"",""rank"":""clade""},{""taxon_id"":""33511"",""scientific_name"":""Deuterostomia"",""rank"":""clade""},{""taxon_id"":""7711"",""scientific_name"":""Chordata"",""rank"":""phylum""},{""taxon_id"":""89593"",""scientific_name"":""Craniata"",""rank"":""subphylum""},{""taxon_id"":""7742"",""scientific_name"":""Vertebrata"",""rank"":""clade""},{""taxon_id"":""7776"",""scientific_name"":""Gnathostomata"",""rank"":""clade""},{""taxon_id"":""117570"",""scientific_name"":""Teleostomi"",""rank"":""clade""},{""taxon_id"":""117571"",""scientific_name"":""Euteleostomi"",""rank"":""clade""},{""taxon_id"":""8287"",""scientific_name"":""Sarcopterygii"",""rank"":""superclass""},{""taxon_id"":""1338369"",""scientific_name"":""Dipnotetrapodomorpha"",""rank"":""clade""},{""taxon_id"":""32523"",""scientific_name"":""Tetrapoda"",""rank"":""clade""},{""taxon_id"":""32524"",""scientific_name"":""Amniota"",""rank"":""clade""},{""taxon_id"":""40674"",""scientific_name"":""Mammalia"",""rank"":""class""},{""taxon_id"":""32525"",""scientific_name"":""Theria"",""rank"":""clade""},{""taxon_id"":""9347"",""scientific_name"":""Eutheria"",""rank"":""clade""},{""taxon_id"":""9348"",""scientific_name"":""Xenarthra"",""rank"":""superorder""},{""taxon_id"":""948950"",""scientific_name"":""Pilosa"",""rank"":""order""},{""taxon_id"":""948953"",""scientific_name"":""Folivora"",""rank"":""suborder""},{""taxon_id"":""227508"",""scientific_name"":""Megalonychidae"",""rank"":""family""},{""taxon_id"":""9357"",""scientific_name"":""Choloepus"",""rank"":""genus""},{""taxon_id"":""27675"",""scientific_name"":""Choloepus didactylus"",""rank"":""species""}]"	post-plan-non-decision-bearing-taxonomy-evidence	new_taxdump_2026-08-01	https://ftp.ncbi.nlm.nih.gov/pub/taxonomy/taxdump_archive/new_taxdump_2026-08-01.zip	2026-08-13T08:23:00Z	c3aac85da1bf473792e95bf8fe2d6933dcb31f2d649a3f8579e21011d772dca9	502ef4e7f1a8383e89d759b056524e8bcc16fe6950965f972d13f44411430f17	0.1.0
XP_044274665.1	61221	Varanus komodoensis	species	8556	32	"[""1"",""131567"",""2759"",""33154"",""33208"",""6072"",""33213"",""33511"",""7711"",""89593"",""7742"",""7776"",""117570"",""117571"",""8287"",""1338369"",""32523"",""32524"",""8457"",""32561"",""8504"",""8509"",""1329961"",""1329950"",""1329912"",""1329911"",""8548"",""1330544"",""1329920"",""8555"",""8556"",""61221""]"	"[""root"",""cellular organisms"",""Eukaryota"",""Opisthokonta"",""Metazoa"",""Eumetazoa"",""Bilateria"",""Deuterostomia"",""Chordata"",""Craniata"",""Vertebrata"",""Gnathostomata"",""Teleostomi"",""Euteleostomi"",""Sarcopterygii"",""Dipnotetrapodomorpha"",""Tetrapoda"",""Amniota"",""Sauropsida"",""Sauria"",""Lepidosauria"",""Squamata"",""Bifurcata"",""Unidentata"",""Episquamata"",""Toxicofera"",""Anguimorpha"",""Paleoanguimorpha"",""Varanoidea"",""Varanidae"",""Varanus"",""Varanus komodoensis""]"	"[""no rank"",""cellular root"",""domain"",""clade"",""kingdom"",""clade"",""clade"",""clade"",""phylum"",""subphylum"",""clade"",""clade"",""clade"",""clade"",""superclass"",""clade"",""clade"",""clade"",""clade"",""clade"",""class"",""order"",""clade"",""clade"",""clade"",""clade"",""infraorder"",""clade"",""superfamily"",""family"",""genus"",""species""]"	"[{""taxon_id"":""1"",""scientific_name"":""root"",""rank"":""no rank""},{""taxon_id"":""131567"",""scientific_name"":""cellular organisms"",""rank"":""cellular root""},{""taxon_id"":""2759"",""scientific_name"":""Eukaryota"",""rank"":""domain""},{""taxon_id"":""33154"",""scientific_name"":""Opisthokonta"",""rank"":""clade""},{""taxon_id"":""33208"",""scientific_name"":""Metazoa"",""rank"":""kingdom""},{""taxon_id"":""6072"",""scientific_name"":""Eumetazoa"",""rank"":""clade""},{""taxon_id"":""33213"",""scientific_name"":""Bilateria"",""rank"":""clade""},{""taxon_id"":""33511"",""scientific_name"":""Deuterostomia"",""rank"":""clade""},{""taxon_id"":""7711"",""scientific_name"":""Chordata"",""rank"":""phylum""},{""taxon_id"":""89593"",""scientific_name"":""Craniata"",""rank"":""subphylum""},{""taxon_id"":""7742"",""scientific_name"":""Vertebrata"",""rank"":""clade""},{""taxon_id"":""7776"",""scientific_name"":""Gnathostomata"",""rank"":""clade""},{""taxon_id"":""117570"",""scientific_name"":""Teleostomi"",""rank"":""clade""},{""taxon_id"":""117571"",""scientific_name"":""Euteleostomi"",""rank"":""clade""},{""taxon_id"":""8287"",""scientific_name"":""Sarcopterygii"",""rank"":""superclass""},{""taxon_id"":""1338369"",""scientific_name"":""Dipnotetrapodomorpha"",""rank"":""clade""},{""taxon_id"":""32523"",""scientific_name"":""Tetrapoda"",""rank"":""clade""},{""taxon_id"":""32524"",""scientific_name"":""Amniota"",""rank"":""clade""},{""taxon_id"":""8457"",""scientific_name"":""Sauropsida"",""rank"":""clade""},{""taxon_id"":""32561"",""scientific_name"":""Sauria"",""rank"":""clade""},{""taxon_id"":""8504"",""scientific_name"":""Lepidosauria"",""rank"":""class""},{""taxon_id"":""8509"",""scientific_name"":""Squamata"",""rank"":""order""},{""taxon_id"":""1329961"",""scientific_name"":""Bifurcata"",""rank"":""clade""},{""taxon_id"":""1329950"",""scientific_name"":""Unidentata"",""rank"":""clade""},{""taxon_id"":""1329912"",""scientific_name"":""Episquamata"",""rank"":""clade""},{""taxon_id"":""1329911"",""scientific_name"":""Toxicofera"",""rank"":""clade""},{""taxon_id"":""8548"",""scientific_name"":""Anguimorpha"",""rank"":""infraorder""},{""taxon_id"":""1330544"",""scientific_name"":""Paleoanguimorpha"",""rank"":""clade""},{""taxon_id"":""1329920"",""scientific_name"":""Varanoidea"",""rank"":""superfamily""},{""taxon_id"":""8555"",""scientific_name"":""Varanidae"",""rank"":""family""},{""taxon_id"":""8556"",""scientific_name"":""Varanus"",""rank"":""genus""},{""taxon_id"":""61221"",""scientific_name"":""Varanus komodoensis"",""rank"":""species""}]"	post-plan-non-decision-bearing-taxonomy-evidence	new_taxdump_2026-08-01	https://ftp.ncbi.nlm.nih.gov/pub/taxonomy/taxdump_archive/new_taxdump_2026-08-01.zip	2026-08-13T08:23:00Z	c3aac85da1bf473792e95bf8fe2d6933dcb31f2d649a3f8579e21011d772dca9	502ef4e7f1a8383e89d759b056524e8bcc16fe6950965f972d13f44411430f17	0.1.0
XP_045382602.1	9447	Lemur catta	species	9446	29	"[""1"",""131567"",""2759"",""33154"",""33208"",""6072"",""33213"",""33511"",""7711"",""89593"",""7742"",""7776"",""117570"",""117571"",""8287"",""1338369"",""32523"",""32524"",""40674"",""32525"",""9347"",""1437010"",""314146"",""9443"",""376911"",""376915"",""9445"",""9446"",""9447""]"	"[""root"",""cellular organisms"",""Eukaryota"",""Opisthokonta"",""Metazoa"",""Eumetazoa"",""Bilateria"",""Deuterostomia"",""Chordata"",""Craniata"",""Vertebrata"",""Gnathostomata"",""Teleostomi"",""Euteleostomi"",""Sarcopterygii"",""Dipnotetrapodomorpha"",""Tetrapoda"",""Amniota"",""Mammalia"",""Theria"",""Eutheria"",""Boreoeutheria"",""Euarchontoglires"",""Primates"",""Strepsirrhini"",""Lemuriformes"",""Lemuridae"",""Lemur"",""Lemur catta""]"	"[""no rank"",""cellular root"",""domain"",""clade"",""kingdom"",""clade"",""clade"",""clade"",""phylum"",""subphylum"",""clade"",""clade"",""clade"",""clade"",""superclass"",""clade"",""clade"",""clade"",""class"",""clade"",""clade"",""clade"",""superorder"",""order"",""suborder"",""infraorder"",""family"",""genus"",""species""]"	"[{""taxon_id"":""1"",""scientific_name"":""root"",""rank"":""no rank""},{""taxon_id"":""131567"",""scientific_name"":""cellular organisms"",""rank"":""cellular root""},{""taxon_id"":""2759"",""scientific_name"":""Eukaryota"",""rank"":""domain""},{""taxon_id"":""33154"",""scientific_name"":""Opisthokonta"",""rank"":""clade""},{""taxon_id"":""33208"",""scientific_name"":""Metazoa"",""rank"":""kingdom""},{""taxon_id"":""6072"",""scientific_name"":""Eumetazoa"",""rank"":""clade""},{""taxon_id"":""33213"",""scientific_name"":""Bilateria"",""rank"":""clade""},{""taxon_id"":""33511"",""scientific_name"":""Deuterostomia"",""rank"":""clade""},{""taxon_id"":""7711"",""scientific_name"":""Chordata"",""rank"":""phylum""},{""taxon_id"":""89593"",""scientific_name"":""Craniata"",""rank"":""subphylum""},{""taxon_id"":""7742"",""scientific_name"":""Vertebrata"",""rank"":""clade""},{""taxon_id"":""7776"",""scientific_name"":""Gnathostomata"",""rank"":""clade""},{""taxon_id"":""117570"",""scientific_name"":""Teleostomi"",""rank"":""clade""},{""taxon_id"":""117571"",""scientific_name"":""Euteleostomi"",""rank"":""clade""},{""taxon_id"":""8287"",""scientific_name"":""Sarcopterygii"",""rank"":""superclass""},{""taxon_id"":""1338369"",""scientific_name"":""Dipnotetrapodomorpha"",""rank"":""clade""},{""taxon_id"":""32523"",""scientific_name"":""Tetrapoda"",""rank"":""clade""},{""taxon_id"":""32524"",""scientific_name"":""Amniota"",""rank"":""clade""},{""taxon_id"":""40674"",""scientific_name"":""Mammalia"",""rank"":""class""},{""taxon_id"":""32525"",""scientific_name"":""Theria"",""rank"":""clade""},{""taxon_id"":""9347"",""scientific_name"":""Eutheria"",""rank"":""clade""},{""taxon_id"":""1437010"",""scientific_name"":""Boreoeutheria"",""rank"":""clade""},{""taxon_id"":""314146"",""scientific_name"":""Euarchontoglires"",""rank"":""superorder""},{""taxon_id"":""9443"",""scientific_name"":""Primates"",""rank"":""order""},{""taxon_id"":""376911"",""scientific_name"":""Strepsirrhini"",""rank"":""suborder""},{""taxon_id"":""376915"",""scientific_name"":""Lemuriformes"",""rank"":""infraorder""},{""taxon_id"":""9445"",""scientific_name"":""Lemuridae"",""rank"":""family""},{""taxon_id"":""9446"",""scientific_name"":""Lemur"",""rank"":""genus""},{""taxon_id"":""9447"",""scientific_name"":""Lemur catta"",""rank"":""species""}]"	post-plan-non-decision-bearing-taxonomy-evidence	new_taxdump_2026-08-01	https://ftp.ncbi.nlm.nih.gov/pub/taxonomy/taxdump_archive/new_taxdump_2026-08-01.zip	2026-08-13T08:23:00Z	c3aac85da1bf473792e95bf8fe2d6933dcb31f2d649a3f8579e21011d772dca9	502ef4e7f1a8383e89d759b056524e8bcc16fe6950965f972d13f44411430f17	0.1.0
XP_047399506.1	30640	Sciurus carolinensis	species	10001	31	"[""1"",""131567"",""2759"",""33154"",""33208"",""6072"",""33213"",""33511"",""7711"",""89593"",""7742"",""7776"",""117570"",""117571"",""8287"",""1338369"",""32523"",""32524"",""40674"",""32525"",""9347"",""1437010"",""314146"",""314147"",""9989"",""33553"",""55153"",""9991"",""337752"",""10001"",""30640""]"	"[""root"",""cellular organisms"",""Eukaryota"",""Opisthokonta"",""Metazoa"",""Eumetazoa"",""Bilateria"",""Deuterostomia"",""Chordata"",""Craniata"",""Vertebrata"",""Gnathostomata"",""Teleostomi"",""Euteleostomi"",""Sarcopterygii"",""Dipnotetrapodomorpha"",""Tetrapoda"",""Amniota"",""Mammalia"",""Theria"",""Eutheria"",""Boreoeutheria"",""Euarchontoglires"",""Glires"",""Rodentia"",""Sciuromorpha"",""Sciuridae"",""Sciurinae"",""Sciurini"",""Sciurus"",""Sciurus carolinensis""]"	"[""no rank"",""cellular root"",""domain"",""clade"",""kingdom"",""clade"",""clade"",""clade"",""phylum"",""subphylum"",""clade"",""clade"",""clade"",""clade"",""superclass"",""clade"",""clade"",""clade"",""class"",""clade"",""clade"",""clade"",""superorder"",""clade"",""order"",""suborder"",""family"",""subfamily"",""tribe"",""genus"",""species""]"	"[{""taxon_id"":""1"",""scientific_name"":""root"",""rank"":""no rank""},{""taxon_id"":""131567"",""scientific_name"":""cellular organisms"",""rank"":""cellular root""},{""taxon_id"":""2759"",""scientific_name"":""Eukaryota"",""rank"":""domain""},{""taxon_id"":""33154"",""scientific_name"":""Opisthokonta"",""rank"":""clade""},{""taxon_id"":""33208"",""scientific_name"":""Metazoa"",""rank"":""kingdom""},{""taxon_id"":""6072"",""scientific_name"":""Eumetazoa"",""rank"":""clade""},{""taxon_id"":""33213"",""scientific_name"":""Bilateria"",""rank"":""clade""},{""taxon_id"":""33511"",""scientific_name"":""Deuterostomia"",""rank"":""clade""},{""taxon_id"":""7711"",""scientific_name"":""Chordata"",""rank"":""phylum""},{""taxon_id"":""89593"",""scientific_name"":""Craniata"",""rank"":""subphylum""},{""taxon_id"":""7742"",""scientific_name"":""Vertebrata"",""rank"":""clade""},{""taxon_id"":""7776"",""scientific_name"":""Gnathostomata"",""rank"":""clade""},{""taxon_id"":""117570"",""scientific_name"":""Teleostomi"",""rank"":""clade""},{""taxon_id"":""117571"",""scientific_name"":""Euteleostomi"",""rank"":""clade""},{""taxon_id"":""8287"",""scientific_name"":""Sarcopterygii"",""rank"":""superclass""},{""taxon_id"":""1338369"",""scientific_name"":""Dipnotetrapodomorpha"",""rank"":""clade""},{""taxon_id"":""32523"",""scientific_name"":""Tetrapoda"",""rank"":""clade""},{""taxon_id"":""32524"",""scientific_name"":""Amniota"",""rank"":""clade""},{""taxon_id"":""40674"",""scientific_name"":""Mammalia"",""rank"":""class""},{""taxon_id"":""32525"",""scientific_name"":""Theria"",""rank"":""clade""},{""taxon_id"":""9347"",""scientific_name"":""Eutheria"",""rank"":""clade""},{""taxon_id"":""1437010"",""scientific_name"":""Boreoeutheria"",""rank"":""clade""},{""taxon_id"":""314146"",""scientific_name"":""Euarchontoglires"",""rank"":""superorder""},{""taxon_id"":""314147"",""scientific_name"":""Glires"",""rank"":""clade""},{""taxon_id"":""9989"",""scientific_name"":""Rodentia"",""rank"":""order""},{""taxon_id"":""33553"",""scientific_name"":""Sciuromorpha"",""rank"":""suborder""},{""taxon_id"":""55153"",""scientific_name"":""Sciuridae"",""rank"":""family""},{""taxon_id"":""9991"",""scientific_name"":""Sciurinae"",""rank"":""subfamily""},{""taxon_id"":""337752"",""scientific_name"":""Sciurini"",""rank"":""tribe""},{""taxon_id"":""10001"",""scientific_name"":""Sciurus"",""rank"":""genus""},{""taxon_id"":""30640"",""scientific_name"":""Sciurus carolinensis"",""rank"":""species""}]"	post-plan-non-decision-bearing-taxonomy-evidence	new_taxdump_2026-08-01	https://ftp.ncbi.nlm.nih.gov/pub/taxonomy/taxdump_archive/new_taxdump_2026-08-01.zip	2026-08-13T08:23:00Z	c3aac85da1bf473792e95bf8fe2d6933dcb31f2d649a3f8579e21011d772dca9	502ef4e7f1a8383e89d759b056524e8bcc16fe6950965f972d13f44411430f17	0.1.0
XP_053555561.1	8345	Bombina bombina	species	8344	23	"[""1"",""131567"",""2759"",""33154"",""33208"",""6072"",""33213"",""33511"",""7711"",""89593"",""7742"",""7776"",""117570"",""117571"",""8287"",""1338369"",""32523"",""8292"",""41666"",""8342"",""30312"",""8344"",""8345""]"	"[""root"",""cellular organisms"",""Eukaryota"",""Opisthokonta"",""Metazoa"",""Eumetazoa"",""Bilateria"",""Deuterostomia"",""Chordata"",""Craniata"",""Vertebrata"",""Gnathostomata"",""Teleostomi"",""Euteleostomi"",""Sarcopterygii"",""Dipnotetrapodomorpha"",""Tetrapoda"",""Amphibia"",""Batrachia"",""Anura"",""Bombinatoridae"",""Bombina"",""Bombina bombina""]"	"[""no rank"",""cellular root"",""domain"",""clade"",""kingdom"",""clade"",""clade"",""clade"",""phylum"",""subphylum"",""clade"",""clade"",""clade"",""clade"",""superclass"",""clade"",""clade"",""class"",""superorder"",""order"",""family"",""genus"",""species""]"	"[{""taxon_id"":""1"",""scientific_name"":""root"",""rank"":""no rank""},{""taxon_id"":""131567"",""scientific_name"":""cellular organisms"",""rank"":""cellular root""},{""taxon_id"":""2759"",""scientific_name"":""Eukaryota"",""rank"":""domain""},{""taxon_id"":""33154"",""scientific_name"":""Opisthokonta"",""rank"":""clade""},{""taxon_id"":""33208"",""scientific_name"":""Metazoa"",""rank"":""kingdom""},{""taxon_id"":""6072"",""scientific_name"":""Eumetazoa"",""rank"":""clade""},{""taxon_id"":""33213"",""scientific_name"":""Bilateria"",""rank"":""clade""},{""taxon_id"":""33511"",""scientific_name"":""Deuterostomia"",""rank"":""clade""},{""taxon_id"":""7711"",""scientific_name"":""Chordata"",""rank"":""phylum""},{""taxon_id"":""89593"",""scientific_name"":""Craniata"",""rank"":""subphylum""},{""taxon_id"":""7742"",""scientific_name"":""Vertebrata"",""rank"":""clade""},{""taxon_id"":""7776"",""scientific_name"":""Gnathostomata"",""rank"":""clade""},{""taxon_id"":""117570"",""scientific_name"":""Teleostomi"",""rank"":""clade""},{""taxon_id"":""117571"",""scientific_name"":""Euteleostomi"",""rank"":""clade""},{""taxon_id"":""8287"",""scientific_name"":""Sarcopterygii"",""rank"":""superclass""},{""taxon_id"":""1338369"",""scientific_name"":""Dipnotetrapodomorpha"",""rank"":""clade""},{""taxon_id"":""32523"",""scientific_name"":""Tetrapoda"",""rank"":""clade""},{""taxon_id"":""8292"",""scientific_name"":""Amphibia"",""rank"":""class""},{""taxon_id"":""41666"",""scientific_name"":""Batrachia"",""rank"":""superorder""},{""taxon_id"":""8342"",""scientific_name"":""Anura"",""rank"":""order""},{""taxon_id"":""30312"",""scientific_name"":""Bombinatoridae"",""rank"":""family""},{""taxon_id"":""8344"",""scientific_name"":""Bombina"",""rank"":""genus""},{""taxon_id"":""8345"",""scientific_name"":""Bombina bombina"",""rank"":""species""}]"	post-plan-non-decision-bearing-taxonomy-evidence	new_taxdump_2026-08-01	https://ftp.ncbi.nlm.nih.gov/pub/taxonomy/taxdump_archive/new_taxdump_2026-08-01.zip	2026-08-13T08:23:00Z	c3aac85da1bf473792e95bf8fe2d6933dcb31f2d649a3f8579e21011d772dca9	502ef4e7f1a8383e89d759b056524e8bcc16fe6950965f972d13f44411430f17	0.1.0
XP_058140293.1	9361	Dasypus novemcinctus	species	9360	26	"[""1"",""131567"",""2759"",""33154"",""33208"",""6072"",""33213"",""33511"",""7711"",""89593"",""7742"",""7776"",""117570"",""117571"",""8287"",""1338369"",""32523"",""32524"",""40674"",""32525"",""9347"",""9348"",""948951"",""9359"",""9360"",""9361""]"	"[""root"",""cellular organisms"",""Eukaryota"",""Opisthokonta"",""Metazoa"",""Eumetazoa"",""Bilateria"",""Deuterostomia"",""Chordata"",""Craniata"",""Vertebrata"",""Gnathostomata"",""Teleostomi"",""Euteleostomi"",""Sarcopterygii"",""Dipnotetrapodomorpha"",""Tetrapoda"",""Amniota"",""Mammalia"",""Theria"",""Eutheria"",""Xenarthra"",""Cingulata"",""Dasypodidae"",""Dasypus"",""Dasypus novemcinctus""]"	"[""no rank"",""cellular root"",""domain"",""clade"",""kingdom"",""clade"",""clade"",""clade"",""phylum"",""subphylum"",""clade"",""clade"",""clade"",""clade"",""superclass"",""clade"",""clade"",""clade"",""class"",""clade"",""clade"",""superorder"",""order"",""family"",""genus"",""species""]"	"[{""taxon_id"":""1"",""scientific_name"":""root"",""rank"":""no rank""},{""taxon_id"":""131567"",""scientific_name"":""cellular organisms"",""rank"":""cellular root""},{""taxon_id"":""2759"",""scientific_name"":""Eukaryota"",""rank"":""domain""},{""taxon_id"":""33154"",""scientific_name"":""Opisthokonta"",""rank"":""clade""},{""taxon_id"":""33208"",""scientific_name"":""Metazoa"",""rank"":""kingdom""},{""taxon_id"":""6072"",""scientific_name"":""Eumetazoa"",""rank"":""clade""},{""taxon_id"":""33213"",""scientific_name"":""Bilateria"",""rank"":""clade""},{""taxon_id"":""33511"",""scientific_name"":""Deuterostomia"",""rank"":""clade""},{""taxon_id"":""7711"",""scientific_name"":""Chordata"",""rank"":""phylum""},{""taxon_id"":""89593"",""scientific_name"":""Craniata"",""rank"":""subphylum""},{""taxon_id"":""7742"",""scientific_name"":""Vertebrata"",""rank"":""clade""},{""taxon_id"":""7776"",""scientific_name"":""Gnathostomata"",""rank"":""clade""},{""taxon_id"":""117570"",""scientific_name"":""Teleostomi"",""rank"":""clade""},{""taxon_id"":""117571"",""scientific_name"":""Euteleostomi"",""rank"":""clade""},{""taxon_id"":""8287"",""scientific_name"":""Sarcopterygii"",""rank"":""superclass""},{""taxon_id"":""1338369"",""scientific_name"":""Dipnotetrapodomorpha"",""rank"":""clade""},{""taxon_id"":""32523"",""scientific_name"":""Tetrapoda"",""rank"":""clade""},{""taxon_id"":""32524"",""scientific_name"":""Amniota"",""rank"":""clade""},{""taxon_id"":""40674"",""scientific_name"":""Mammalia"",""rank"":""class""},{""taxon_id"":""32525"",""scientific_name"":""Theria"",""rank"":""clade""},{""taxon_id"":""9347"",""scientific_name"":""Eutheria"",""rank"":""clade""},{""taxon_id"":""9348"",""scientific_name"":""Xenarthra"",""rank"":""superorder""},{""taxon_id"":""948951"",""scientific_name"":""Cingulata"",""rank"":""order""},{""taxon_id"":""9359"",""scientific_name"":""Dasypodidae"",""rank"":""family""},{""taxon_id"":""9360"",""scientific_name"":""Dasypus"",""rank"":""genus""},{""taxon_id"":""9361"",""scientific_name"":""Dasypus novemcinctus"",""rank"":""species""}]"	post-plan-non-decision-bearing-taxonomy-evidence	new_taxdump_2026-08-01	https://ftp.ncbi.nlm.nih.gov/pub/taxonomy/taxdump_archive/new_taxdump_2026-08-01.zip	2026-08-13T08:23:00Z	c3aac85da1bf473792e95bf8fe2d6933dcb31f2d649a3f8579e21011d772dca9	502ef4e7f1a8383e89d759b056524e8bcc16fe6950965f972d13f44411430f17	0.1.0
XP_060059410.1	9365	Erinaceus europaeus	species	9364	28	"[""1"",""131567"",""2759"",""33154"",""33208"",""6072"",""33213"",""33511"",""7711"",""89593"",""7742"",""7776"",""117570"",""117571"",""8287"",""1338369"",""32523"",""32524"",""40674"",""32525"",""9347"",""1437010"",""314145"",""9362"",""9363"",""30577"",""9364"",""9365""]"	"[""root"",""cellular organisms"",""Eukaryota"",""Opisthokonta"",""Metazoa"",""Eumetazoa"",""Bilateria"",""Deuterostomia"",""Chordata"",""Craniata"",""Vertebrata"",""Gnathostomata"",""Teleostomi"",""Euteleostomi"",""Sarcopterygii"",""Dipnotetrapodomorpha"",""Tetrapoda"",""Amniota"",""Mammalia"",""Theria"",""Eutheria"",""Boreoeutheria"",""Laurasiatheria"",""Eulipotyphla"",""Erinaceidae"",""Erinaceinae"",""Erinaceus"",""Erinaceus europaeus""]"	"[""no rank"",""cellular root"",""domain"",""clade"",""kingdom"",""clade"",""clade"",""clade"",""phylum"",""subphylum"",""clade"",""clade"",""clade"",""clade"",""superclass"",""clade"",""clade"",""clade"",""class"",""clade"",""clade"",""clade"",""superorder"",""order"",""family"",""subfamily"",""genus"",""species""]"	"[{""taxon_id"":""1"",""scientific_name"":""root"",""rank"":""no rank""},{""taxon_id"":""131567"",""scientific_name"":""cellular organisms"",""rank"":""cellular root""},{""taxon_id"":""2759"",""scientific_name"":""Eukaryota"",""rank"":""domain""},{""taxon_id"":""33154"",""scientific_name"":""Opisthokonta"",""rank"":""clade""},{""taxon_id"":""33208"",""scientific_name"":""Metazoa"",""rank"":""kingdom""},{""taxon_id"":""6072"",""scientific_name"":""Eumetazoa"",""rank"":""clade""},{""taxon_id"":""33213"",""scientific_name"":""Bilateria"",""rank"":""clade""},{""taxon_id"":""33511"",""scientific_name"":""Deuterostomia"",""rank"":""clade""},{""taxon_id"":""7711"",""scientific_name"":""Chordata"",""rank"":""phylum""},{""taxon_id"":""89593"",""scientific_name"":""Craniata"",""rank"":""subphylum""},{""taxon_id"":""7742"",""scientific_name"":""Vertebrata"",""rank"":""clade""},{""taxon_id"":""7776"",""scientific_name"":""Gnathostomata"",""rank"":""clade""},{""taxon_id"":""117570"",""scientific_name"":""Teleostomi"",""rank"":""clade""},{""taxon_id"":""117571"",""scientific_name"":""Euteleostomi"",""rank"":""clade""},{""taxon_id"":""8287"",""scientific_name"":""Sarcopterygii"",""rank"":""superclass""},{""taxon_id"":""1338369"",""scientific_name"":""Dipnotetrapodomorpha"",""rank"":""clade""},{""taxon_id"":""32523"",""scientific_name"":""Tetrapoda"",""rank"":""clade""},{""taxon_id"":""32524"",""scientific_name"":""Amniota"",""rank"":""clade""},{""taxon_id"":""40674"",""scientific_name"":""Mammalia"",""rank"":""class""},{""taxon_id"":""32525"",""scientific_name"":""Theria"",""rank"":""clade""},{""taxon_id"":""9347"",""scientific_name"":""Eutheria"",""rank"":""clade""},{""taxon_id"":""1437010"",""scientific_name"":""Boreoeutheria"",""rank"":""clade""},{""taxon_id"":""314145"",""scientific_name"":""Laurasiatheria"",""rank"":""superorder""},{""taxon_id"":""9362"",""scientific_name"":""Eulipotyphla"",""rank"":""order""},{""taxon_id"":""9363"",""scientific_name"":""Erinaceidae"",""rank"":""family""},{""taxon_id"":""30577"",""scientific_name"":""Erinaceinae"",""rank"":""subfamily""},{""taxon_id"":""9364"",""scientific_name"":""Erinaceus"",""rank"":""genus""},{""taxon_id"":""9365"",""scientific_name"":""Erinaceus europaeus"",""rank"":""species""}]"	post-plan-non-decision-bearing-taxonomy-evidence	new_taxdump_2026-08-01	https://ftp.ncbi.nlm.nih.gov/pub/taxonomy/taxdump_archive/new_taxdump_2026-08-01.zip	2026-08-13T08:23:00Z	c3aac85da1bf473792e95bf8fe2d6933dcb31f2d649a3f8579e21011d772dca9	502ef4e7f1a8383e89d759b056524e8bcc16fe6950965f972d13f44411430f17	0.1.0
XP_068775093.1	8801	Struthio camelus	species	8800	32	"[""1"",""131567"",""2759"",""33154"",""33208"",""6072"",""33213"",""33511"",""7711"",""89593"",""7742"",""7776"",""117570"",""117571"",""8287"",""1338369"",""32523"",""32524"",""8457"",""32561"",""1329799"",""8492"",""436486"",""436489"",""436491"",""436492"",""8782"",""8783"",""8798"",""8799"",""8800"",""8801""]"	"[""root"",""cellular organisms"",""Eukaryota"",""Opisthokonta"",""Metazoa"",""Eumetazoa"",""Bilateria"",""Deuterostomia"",""Chordata"",""Craniata"",""Vertebrata"",""Gnathostomata"",""Teleostomi"",""Euteleostomi"",""Sarcopterygii"",""Dipnotetrapodomorpha"",""Tetrapoda"",""Amniota"",""Sauropsida"",""Sauria"",""Archelosauria"",""Archosauria"",""Dinosauria"",""Saurischia"",""Theropoda"",""Coelurosauria"",""Aves"",""Palaeognathae"",""Struthioniformes"",""Struthionidae"",""Struthio"",""Struthio camelus""]"	"[""no rank"",""cellular root"",""domain"",""clade"",""kingdom"",""clade"",""clade"",""clade"",""phylum"",""subphylum"",""clade"",""clade"",""clade"",""clade"",""superclass"",""clade"",""clade"",""clade"",""clade"",""clade"",""clade"",""clade"",""clade"",""clade"",""clade"",""clade"",""class"",""superorder"",""order"",""family"",""genus"",""species""]"	"[{""taxon_id"":""1"",""scientific_name"":""root"",""rank"":""no rank""},{""taxon_id"":""131567"",""scientific_name"":""cellular organisms"",""rank"":""cellular root""},{""taxon_id"":""2759"",""scientific_name"":""Eukaryota"",""rank"":""domain""},{""taxon_id"":""33154"",""scientific_name"":""Opisthokonta"",""rank"":""clade""},{""taxon_id"":""33208"",""scientific_name"":""Metazoa"",""rank"":""kingdom""},{""taxon_id"":""6072"",""scientific_name"":""Eumetazoa"",""rank"":""clade""},{""taxon_id"":""33213"",""scientific_name"":""Bilateria"",""rank"":""clade""},{""taxon_id"":""33511"",""scientific_name"":""Deuterostomia"",""rank"":""clade""},{""taxon_id"":""7711"",""scientific_name"":""Chordata"",""rank"":""phylum""},{""taxon_id"":""89593"",""scientific_name"":""Craniata"",""rank"":""subphylum""},{""taxon_id"":""7742"",""scientific_name"":""Vertebrata"",""rank"":""clade""},{""taxon_id"":""7776"",""scientific_name"":""Gnathostomata"",""rank"":""clade""},{""taxon_id"":""117570"",""scientific_name"":""Teleostomi"",""rank"":""clade""},{""taxon_id"":""117571"",""scientific_name"":""Euteleostomi"",""rank"":""clade""},{""taxon_id"":""8287"",""scientific_name"":""Sarcopterygii"",""rank"":""superclass""},{""taxon_id"":""1338369"",""scientific_name"":""Dipnotetrapodomorpha"",""rank"":""clade""},{""taxon_id"":""32523"",""scientific_name"":""Tetrapoda"",""rank"":""clade""},{""taxon_id"":""32524"",""scientific_name"":""Amniota"",""rank"":""clade""},{""taxon_id"":""8457"",""scientific_name"":""Sauropsida"",""rank"":""clade""},{""taxon_id"":""32561"",""scientific_name"":""Sauria"",""rank"":""clade""},{""taxon_id"":""1329799"",""scientific_name"":""Archelosauria"",""rank"":""clade""},{""taxon_id"":""8492"",""scientific_name"":""Archosauria"",""rank"":""clade""},{""taxon_id"":""436486"",""scientific_name"":""Dinosauria"",""rank"":""clade""},{""taxon_id"":""436489"",""scientific_name"":""Saurischia"",""rank"":""clade""},{""taxon_id"":""436491"",""scientific_name"":""Theropoda"",""rank"":""clade""},{""taxon_id"":""436492"",""scientific_name"":""Coelurosauria"",""rank"":""clade""},{""taxon_id"":""8782"",""scientific_name"":""Aves"",""rank"":""class""},{""taxon_id"":""8783"",""scientific_name"":""Palaeognathae"",""rank"":""superorder""},{""taxon_id"":""8798"",""scientific_name"":""Struthioniformes"",""rank"":""order""},{""taxon_id"":""8799"",""scientific_name"":""Struthionidae"",""rank"":""family""},{""taxon_id"":""8800"",""scientific_name"":""Struthio"",""rank"":""genus""},{""taxon_id"":""8801"",""scientific_name"":""Struthio camelus"",""rank"":""species""}]"	post-plan-non-decision-bearing-taxonomy-evidence	new_taxdump_2026-08-01	https://ftp.ncbi.nlm.nih.gov/pub/taxonomy/taxdump_archive/new_taxdump_2026-08-01.zip	2026-08-13T08:23:00Z	c3aac85da1bf473792e95bf8fe2d6933dcb31f2d649a3f8579e21011d772dca9	502ef4e7f1a8383e89d759b056524e8bcc16fe6950965f972d13f44411430f17	0.1.0
XP_069093862.1	8319	Pleurodeles waltl	species	8317	25	"[""1"",""131567"",""2759"",""33154"",""33208"",""6072"",""33213"",""33511"",""7711"",""89593"",""7742"",""7776"",""117570"",""117571"",""8287"",""1338369"",""32523"",""8292"",""41666"",""8293"",""30367"",""8314"",""1331674"",""8317"",""8319""]"	"[""root"",""cellular organisms"",""Eukaryota"",""Opisthokonta"",""Metazoa"",""Eumetazoa"",""Bilateria"",""Deuterostomia"",""Chordata"",""Craniata"",""Vertebrata"",""Gnathostomata"",""Teleostomi"",""Euteleostomi"",""Sarcopterygii"",""Dipnotetrapodomorpha"",""Tetrapoda"",""Amphibia"",""Batrachia"",""Caudata"",""Salamandroidea"",""Salamandridae"",""Pleurodelinae"",""Pleurodeles"",""Pleurodeles waltl""]"	"[""no rank"",""cellular root"",""domain"",""clade"",""kingdom"",""clade"",""clade"",""clade"",""phylum"",""subphylum"",""clade"",""clade"",""clade"",""clade"",""superclass"",""clade"",""clade"",""class"",""superorder"",""order"",""superfamily"",""family"",""subfamily"",""genus"",""species""]"	"[{""taxon_id"":""1"",""scientific_name"":""root"",""rank"":""no rank""},{""taxon_id"":""131567"",""scientific_name"":""cellular organisms"",""rank"":""cellular root""},{""taxon_id"":""2759"",""scientific_name"":""Eukaryota"",""rank"":""domain""},{""taxon_id"":""33154"",""scientific_name"":""Opisthokonta"",""rank"":""clade""},{""taxon_id"":""33208"",""scientific_name"":""Metazoa"",""rank"":""kingdom""},{""taxon_id"":""6072"",""scientific_name"":""Eumetazoa"",""rank"":""clade""},{""taxon_id"":""33213"",""scientific_name"":""Bilateria"",""rank"":""clade""},{""taxon_id"":""33511"",""scientific_name"":""Deuterostomia"",""rank"":""clade""},{""taxon_id"":""7711"",""scientific_name"":""Chordata"",""rank"":""phylum""},{""taxon_id"":""89593"",""scientific_name"":""Craniata"",""rank"":""subphylum""},{""taxon_id"":""7742"",""scientific_name"":""Vertebrata"",""rank"":""clade""},{""taxon_id"":""7776"",""scientific_name"":""Gnathostomata"",""rank"":""clade""},{""taxon_id"":""117570"",""scientific_name"":""Teleostomi"",""rank"":""clade""},{""taxon_id"":""117571"",""scientific_name"":""Euteleostomi"",""rank"":""clade""},{""taxon_id"":""8287"",""scientific_name"":""Sarcopterygii"",""rank"":""superclass""},{""taxon_id"":""1338369"",""scientific_name"":""Dipnotetrapodomorpha"",""rank"":""clade""},{""taxon_id"":""32523"",""scientific_name"":""Tetrapoda"",""rank"":""clade""},{""taxon_id"":""8292"",""scientific_name"":""Amphibia"",""rank"":""class""},{""taxon_id"":""41666"",""scientific_name"":""Batrachia"",""rank"":""superorder""},{""taxon_id"":""8293"",""scientific_name"":""Caudata"",""rank"":""order""},{""taxon_id"":""30367"",""scientific_name"":""Salamandroidea"",""rank"":""superfamily""},{""taxon_id"":""8314"",""scientific_name"":""Salamandridae"",""rank"":""family""},{""taxon_id"":""1331674"",""scientific_name"":""Pleurodelinae"",""rank"":""subfamily""},{""taxon_id"":""8317"",""scientific_name"":""Pleurodeles"",""rank"":""genus""},{""taxon_id"":""8319"",""scientific_name"":""Pleurodeles waltl"",""rank"":""species""}]"	post-plan-non-decision-bearing-taxonomy-evidence	new_taxdump_2026-08-01	https://ftp.ncbi.nlm.nih.gov/pub/taxonomy/taxdump_archive/new_taxdump_2026-08-01.zip	2026-08-13T08:23:00Z	c3aac85da1bf473792e95bf8fe2d6933dcb31f2d649a3f8579e21011d772dca9	502ef4e7f1a8383e89d759b056524e8bcc16fe6950965f972d13f44411430f17	0.1.0
XP_069490300.1	8296	Ambystoma mexicanum	species	8295	24	"[""1"",""131567"",""2759"",""33154"",""33208"",""6072"",""33213"",""33511"",""7711"",""89593"",""7742"",""7776"",""117570"",""117571"",""8287"",""1338369"",""32523"",""8292"",""41666"",""8293"",""30367"",""8294"",""8295"",""8296""]"	"[""root"",""cellular organisms"",""Eukaryota"",""Opisthokonta"",""Metazoa"",""Eumetazoa"",""Bilateria"",""Deuterostomia"",""Chordata"",""Craniata"",""Vertebrata"",""Gnathostomata"",""Teleostomi"",""Euteleostomi"",""Sarcopterygii"",""Dipnotetrapodomorpha"",""Tetrapoda"",""Amphibia"",""Batrachia"",""Caudata"",""Salamandroidea"",""Ambystomatidae"",""Ambystoma"",""Ambystoma mexicanum""]"	"[""no rank"",""cellular root"",""domain"",""clade"",""kingdom"",""clade"",""clade"",""clade"",""phylum"",""subphylum"",""clade"",""clade"",""clade"",""clade"",""superclass"",""clade"",""clade"",""class"",""superorder"",""order"",""superfamily"",""family"",""genus"",""species""]"	"[{""taxon_id"":""1"",""scientific_name"":""root"",""rank"":""no rank""},{""taxon_id"":""131567"",""scientific_name"":""cellular organisms"",""rank"":""cellular root""},{""taxon_id"":""2759"",""scientific_name"":""Eukaryota"",""rank"":""domain""},{""taxon_id"":""33154"",""scientific_name"":""Opisthokonta"",""rank"":""clade""},{""taxon_id"":""33208"",""scientific_name"":""Metazoa"",""rank"":""kingdom""},{""taxon_id"":""6072"",""scientific_name"":""Eumetazoa"",""rank"":""clade""},{""taxon_id"":""33213"",""scientific_name"":""Bilateria"",""rank"":""clade""},{""taxon_id"":""33511"",""scientific_name"":""Deuterostomia"",""rank"":""clade""},{""taxon_id"":""7711"",""scientific_name"":""Chordata"",""rank"":""phylum""},{""taxon_id"":""89593"",""scientific_name"":""Craniata"",""rank"":""subphylum""},{""taxon_id"":""7742"",""scientific_name"":""Vertebrata"",""rank"":""clade""},{""taxon_id"":""7776"",""scientific_name"":""Gnathostomata"",""rank"":""clade""},{""taxon_id"":""117570"",""scientific_name"":""Teleostomi"",""rank"":""clade""},{""taxon_id"":""117571"",""scientific_name"":""Euteleostomi"",""rank"":""clade""},{""taxon_id"":""8287"",""scientific_name"":""Sarcopterygii"",""rank"":""superclass""},{""taxon_id"":""1338369"",""scientific_name"":""Dipnotetrapodomorpha"",""rank"":""clade""},{""taxon_id"":""32523"",""scientific_name"":""Tetrapoda"",""rank"":""clade""},{""taxon_id"":""8292"",""scientific_name"":""Amphibia"",""rank"":""class""},{""taxon_id"":""41666"",""scientific_name"":""Batrachia"",""rank"":""superorder""},{""taxon_id"":""8293"",""scientific_name"":""Caudata"",""rank"":""order""},{""taxon_id"":""30367"",""scientific_name"":""Salamandroidea"",""rank"":""superfamily""},{""taxon_id"":""8294"",""scientific_name"":""Ambystomatidae"",""rank"":""family""},{""taxon_id"":""8295"",""scientific_name"":""Ambystoma"",""rank"":""genus""},{""taxon_id"":""8296"",""scientific_name"":""Ambystoma mexicanum"",""rank"":""species""}]"	post-plan-non-decision-bearing-taxonomy-evidence	new_taxdump_2026-08-01	https://ftp.ncbi.nlm.nih.gov/pub/taxonomy/taxdump_archive/new_taxdump_2026-08-01.zip	2026-08-13T08:23:00Z	c3aac85da1bf473792e95bf8fe2d6933dcb31f2d649a3f8579e21011d772dca9	502ef4e7f1a8383e89d759b056524e8bcc16fe6950965f972d13f44411430f17	0.1.0
XP_072775070.1	59729	Taeniopygia guttata	species	59728	37	"[""1"",""131567"",""2759"",""33154"",""33208"",""6072"",""33213"",""33511"",""7711"",""89593"",""7742"",""7776"",""117570"",""117571"",""8287"",""1338369"",""32523"",""32524"",""8457"",""32561"",""1329799"",""8492"",""436486"",""436489"",""436491"",""436492"",""8782"",""8825"",""3078114"",""3073808"",""3073809"",""9126"",""175121"",""37611"",""40155"",""59728"",""59729""]"	"[""root"",""cellular organisms"",""Eukaryota"",""Opisthokonta"",""Metazoa"",""Eumetazoa"",""Bilateria"",""Deuterostomia"",""Chordata"",""Craniata"",""Vertebrata"",""Gnathostomata"",""Teleostomi"",""Euteleostomi"",""Sarcopterygii"",""Dipnotetrapodomorpha"",""Tetrapoda"",""Amniota"",""Sauropsida"",""Sauria"",""Archelosauria"",""Archosauria"",""Dinosauria"",""Saurischia"",""Theropoda"",""Coelurosauria"",""Aves"",""Neognathae"",""Neoaves"",""Telluraves"",""Australaves"",""Passeriformes"",""Passeroidea"",""Estrildidae"",""Estrildinae"",""Taeniopygia"",""Taeniopygia guttata""]"	"[""no rank"",""cellular root"",""domain"",""clade"",""kingdom"",""clade"",""clade"",""clade"",""phylum"",""subphylum"",""clade"",""clade"",""clade"",""clade"",""superclass"",""clade"",""clade"",""clade"",""clade"",""clade"",""clade"",""clade"",""clade"",""clade"",""clade"",""clade"",""class"",""infraclass"",""clade"",""clade"",""clade"",""order"",""superfamily"",""family"",""subfamily"",""genus"",""species""]"	"[{""taxon_id"":""1"",""scientific_name"":""root"",""rank"":""no rank""},{""taxon_id"":""131567"",""scientific_name"":""cellular organisms"",""rank"":""cellular root""},{""taxon_id"":""2759"",""scientific_name"":""Eukaryota"",""rank"":""domain""},{""taxon_id"":""33154"",""scientific_name"":""Opisthokonta"",""rank"":""clade""},{""taxon_id"":""33208"",""scientific_name"":""Metazoa"",""rank"":""kingdom""},{""taxon_id"":""6072"",""scientific_name"":""Eumetazoa"",""rank"":""clade""},{""taxon_id"":""33213"",""scientific_name"":""Bilateria"",""rank"":""clade""},{""taxon_id"":""33511"",""scientific_name"":""Deuterostomia"",""rank"":""clade""},{""taxon_id"":""7711"",""scientific_name"":""Chordata"",""rank"":""phylum""},{""taxon_id"":""89593"",""scientific_name"":""Craniata"",""rank"":""subphylum""},{""taxon_id"":""7742"",""scientific_name"":""Vertebrata"",""rank"":""clade""},{""taxon_id"":""7776"",""scientific_name"":""Gnathostomata"",""rank"":""clade""},{""taxon_id"":""117570"",""scientific_name"":""Teleostomi"",""rank"":""clade""},{""taxon_id"":""117571"",""scientific_name"":""Euteleostomi"",""rank"":""clade""},{""taxon_id"":""8287"",""scientific_name"":""Sarcopterygii"",""rank"":""superclass""},{""taxon_id"":""1338369"",""scientific_name"":""Dipnotetrapodomorpha"",""rank"":""clade""},{""taxon_id"":""32523"",""scientific_name"":""Tetrapoda"",""rank"":""clade""},{""taxon_id"":""32524"",""scientific_name"":""Amniota"",""rank"":""clade""},{""taxon_id"":""8457"",""scientific_name"":""Sauropsida"",""rank"":""clade""},{""taxon_id"":""32561"",""scientific_name"":""Sauria"",""rank"":""clade""},{""taxon_id"":""1329799"",""scientific_name"":""Archelosauria"",""rank"":""clade""},{""taxon_id"":""8492"",""scientific_name"":""Archosauria"",""rank"":""clade""},{""taxon_id"":""436486"",""scientific_name"":""Dinosauria"",""rank"":""clade""},{""taxon_id"":""436489"",""scientific_name"":""Saurischia"",""rank"":""clade""},{""taxon_id"":""436491"",""scientific_name"":""Theropoda"",""rank"":""clade""},{""taxon_id"":""436492"",""scientific_name"":""Coelurosauria"",""rank"":""clade""},{""taxon_id"":""8782"",""scientific_name"":""Aves"",""rank"":""class""},{""taxon_id"":""8825"",""scientific_name"":""Neognathae"",""rank"":""infraclass""},{""taxon_id"":""3078114"",""scientific_name"":""Neoaves"",""rank"":""clade""},{""taxon_id"":""3073808"",""scientific_name"":""Telluraves"",""rank"":""clade""},{""taxon_id"":""3073809"",""scientific_name"":""Australaves"",""rank"":""clade""},{""taxon_id"":""9126"",""scientific_name"":""Passeriformes"",""rank"":""order""},{""taxon_id"":""175121"",""scientific_name"":""Passeroidea"",""rank"":""superfamily""},{""taxon_id"":""37611"",""scientific_name"":""Estrildidae"",""rank"":""family""},{""taxon_id"":""40155"",""scientific_name"":""Estrildinae"",""rank"":""subfamily""},{""taxon_id"":""59728"",""scientific_name"":""Taeniopygia"",""rank"":""genus""},{""taxon_id"":""59729"",""scientific_name"":""Taeniopygia guttata"",""rank"":""species""}]"	post-plan-non-decision-bearing-taxonomy-evidence	new_taxdump_2026-08-01	https://ftp.ncbi.nlm.nih.gov/pub/taxonomy/taxdump_archive/new_taxdump_2026-08-01.zip	2026-08-13T08:23:00Z	c3aac85da1bf473792e95bf8fe2d6933dcb31f2d649a3f8579e21011d772dca9	502ef4e7f1a8383e89d759b056524e8bcc16fe6950965f972d13f44411430f17	0.1.0
XP_074079897.1	92651	Macrotis lagotis	species	92650	25	"[""1"",""131567"",""2759"",""33154"",""33208"",""6072"",""33213"",""33511"",""7711"",""89593"",""7742"",""7776"",""117570"",""117571"",""8287"",""1338369"",""32523"",""32524"",""40674"",""32525"",""9263"",""38611"",""9342"",""92650"",""92651""]"	"[""root"",""cellular organisms"",""Eukaryota"",""Opisthokonta"",""Metazoa"",""Eumetazoa"",""Bilateria"",""Deuterostomia"",""Chordata"",""Craniata"",""Vertebrata"",""Gnathostomata"",""Teleostomi"",""Euteleostomi"",""Sarcopterygii"",""Dipnotetrapodomorpha"",""Tetrapoda"",""Amniota"",""Mammalia"",""Theria"",""Metatheria"",""Peramelemorphia"",""Peramelidae"",""Macrotis"",""Macrotis lagotis""]"	"[""no rank"",""cellular root"",""domain"",""clade"",""kingdom"",""clade"",""clade"",""clade"",""phylum"",""subphylum"",""clade"",""clade"",""clade"",""clade"",""superclass"",""clade"",""clade"",""clade"",""class"",""clade"",""clade"",""order"",""family"",""genus"",""species""]"	"[{""taxon_id"":""1"",""scientific_name"":""root"",""rank"":""no rank""},{""taxon_id"":""131567"",""scientific_name"":""cellular organisms"",""rank"":""cellular root""},{""taxon_id"":""2759"",""scientific_name"":""Eukaryota"",""rank"":""domain""},{""taxon_id"":""33154"",""scientific_name"":""Opisthokonta"",""rank"":""clade""},{""taxon_id"":""33208"",""scientific_name"":""Metazoa"",""rank"":""kingdom""},{""taxon_id"":""6072"",""scientific_name"":""Eumetazoa"",""rank"":""clade""},{""taxon_id"":""33213"",""scientific_name"":""Bilateria"",""rank"":""clade""},{""taxon_id"":""33511"",""scientific_name"":""Deuterostomia"",""rank"":""clade""},{""taxon_id"":""7711"",""scientific_name"":""Chordata"",""rank"":""phylum""},{""taxon_id"":""89593"",""scientific_name"":""Craniata"",""rank"":""subphylum""},{""taxon_id"":""7742"",""scientific_name"":""Vertebrata"",""rank"":""clade""},{""taxon_id"":""7776"",""scientific_name"":""Gnathostomata"",""rank"":""clade""},{""taxon_id"":""117570"",""scientific_name"":""Teleostomi"",""rank"":""clade""},{""taxon_id"":""117571"",""scientific_name"":""Euteleostomi"",""rank"":""clade""},{""taxon_id"":""8287"",""scientific_name"":""Sarcopterygii"",""rank"":""superclass""},{""taxon_id"":""1338369"",""scientific_name"":""Dipnotetrapodomorpha"",""rank"":""clade""},{""taxon_id"":""32523"",""scientific_name"":""Tetrapoda"",""rank"":""clade""},{""taxon_id"":""32524"",""scientific_name"":""Amniota"",""rank"":""clade""},{""taxon_id"":""40674"",""scientific_name"":""Mammalia"",""rank"":""class""},{""taxon_id"":""32525"",""scientific_name"":""Theria"",""rank"":""clade""},{""taxon_id"":""9263"",""scientific_name"":""Metatheria"",""rank"":""clade""},{""taxon_id"":""38611"",""scientific_name"":""Peramelemorphia"",""rank"":""order""},{""taxon_id"":""9342"",""scientific_name"":""Peramelidae"",""rank"":""family""},{""taxon_id"":""92650"",""scientific_name"":""Macrotis"",""rank"":""genus""},{""taxon_id"":""92651"",""scientific_name"":""Macrotis lagotis"",""rank"":""species""}]"	post-plan-non-decision-bearing-taxonomy-evidence	new_taxdump_2026-08-01	https://ftp.ncbi.nlm.nih.gov/pub/taxonomy/taxdump_archive/new_taxdump_2026-08-01.zip	2026-08-13T08:23:00Z	c3aac85da1bf473792e95bf8fe2d6933dcb31f2d649a3f8579e21011d772dca9	502ef4e7f1a8383e89d759b056524e8bcc16fe6950965f972d13f44411430f17	0.1.0
XP_075417988.1	94439	Tenrec ecaudatus	species	94438	27	"[""1"",""131567"",""2759"",""33154"",""33208"",""6072"",""33213"",""33511"",""7711"",""89593"",""7742"",""7776"",""117570"",""117571"",""8287"",""1338369"",""32523"",""32524"",""40674"",""32525"",""9347"",""311790"",""3466516"",""9369"",""176113"",""94438"",""94439""]"	"[""root"",""cellular organisms"",""Eukaryota"",""Opisthokonta"",""Metazoa"",""Eumetazoa"",""Bilateria"",""Deuterostomia"",""Chordata"",""Craniata"",""Vertebrata"",""Gnathostomata"",""Teleostomi"",""Euteleostomi"",""Sarcopterygii"",""Dipnotetrapodomorpha"",""Tetrapoda"",""Amniota"",""Mammalia"",""Theria"",""Eutheria"",""Afrotheria"",""Afrosoricida"",""Tenrecidae"",""Tenrecinae"",""Tenrec"",""Tenrec ecaudatus""]"	"[""no rank"",""cellular root"",""domain"",""clade"",""kingdom"",""clade"",""clade"",""clade"",""phylum"",""subphylum"",""clade"",""clade"",""clade"",""clade"",""superclass"",""clade"",""clade"",""clade"",""class"",""clade"",""clade"",""superorder"",""order"",""family"",""subfamily"",""genus"",""species""]"	"[{""taxon_id"":""1"",""scientific_name"":""root"",""rank"":""no rank""},{""taxon_id"":""131567"",""scientific_name"":""cellular organisms"",""rank"":""cellular root""},{""taxon_id"":""2759"",""scientific_name"":""Eukaryota"",""rank"":""domain""},{""taxon_id"":""33154"",""scientific_name"":""Opisthokonta"",""rank"":""clade""},{""taxon_id"":""33208"",""scientific_name"":""Metazoa"",""rank"":""kingdom""},{""taxon_id"":""6072"",""scientific_name"":""Eumetazoa"",""rank"":""clade""},{""taxon_id"":""33213"",""scientific_name"":""Bilateria"",""rank"":""clade""},{""taxon_id"":""33511"",""scientific_name"":""Deuterostomia"",""rank"":""clade""},{""taxon_id"":""7711"",""scientific_name"":""Chordata"",""rank"":""phylum""},{""taxon_id"":""89593"",""scientific_name"":""Craniata"",""rank"":""subphylum""},{""taxon_id"":""7742"",""scientific_name"":""Vertebrata"",""rank"":""clade""},{""taxon_id"":""7776"",""scientific_name"":""Gnathostomata"",""rank"":""clade""},{""taxon_id"":""117570"",""scientific_name"":""Teleostomi"",""rank"":""clade""},{""taxon_id"":""117571"",""scientific_name"":""Euteleostomi"",""rank"":""clade""},{""taxon_id"":""8287"",""scientific_name"":""Sarcopterygii"",""rank"":""superclass""},{""taxon_id"":""1338369"",""scientific_name"":""Dipnotetrapodomorpha"",""rank"":""clade""},{""taxon_id"":""32523"",""scientific_name"":""Tetrapoda"",""rank"":""clade""},{""taxon_id"":""32524"",""scientific_name"":""Amniota"",""rank"":""clade""},{""taxon_id"":""40674"",""scientific_name"":""Mammalia"",""rank"":""class""},{""taxon_id"":""32525"",""scientific_name"":""Theria"",""rank"":""clade""},{""taxon_id"":""9347"",""scientific_name"":""Eutheria"",""rank"":""clade""},{""taxon_id"":""311790"",""scientific_name"":""Afrotheria"",""rank"":""superorder""},{""taxon_id"":""3466516"",""scientific_name"":""Afrosoricida"",""rank"":""order""},{""taxon_id"":""9369"",""scientific_name"":""Tenrecidae"",""rank"":""family""},{""taxon_id"":""176113"",""scientific_name"":""Tenrecinae"",""rank"":""subfamily""},{""taxon_id"":""94438"",""scientific_name"":""Tenrec"",""rank"":""genus""},{""taxon_id"":""94439"",""scientific_name"":""Tenrec ecaudatus"",""rank"":""species""}]"	post-plan-non-decision-bearing-taxonomy-evidence	new_taxdump_2026-08-01	https://ftp.ncbi.nlm.nih.gov/pub/taxonomy/taxdump_archive/new_taxdump_2026-08-01.zip	2026-08-13T08:23:00Z	c3aac85da1bf473792e95bf8fe2d6933dcb31f2d649a3f8579e21011d772dca9	502ef4e7f1a8383e89d759b056524e8bcc16fe6950965f972d13f44411430f17	0.1.0
