accession_version	taxon_id	species	gene_id	sequence_length	length_ratio_to_query	isoform_label	archive_scope	source_record_status	selection_status	reason_code	evidence_note
XP_008111382.1	28377	Anolis carolinensis	100553919	1697	0.910896	X1	selected_species	present	selected	FIXED_ANALYSIS_SET	Member of the committed 18-tip set; downstream sequence and domain QC is reported in the separate QC artifacts.
XP_008111383.1	28377	Anolis carolinensis	100553919	1696	0.910360	X2	selected_species	present	not_selected	NOT_PROMOTED_ONE_PER_SPECIES_SET	Provider record inventoried but not promoted into the fixed one-per-species set; it was not individually subjected to downstream BLAST, domain, or tree QC.
NP_848668.1	9913	Bos taurus	353120	1849	0.992485		selected_species	present	selected	FIXED_ANALYSIS_SET	Member of the committed 18-tip set; downstream sequence and domain QC is reported in the separate QC artifacts.
XP_005220736.2	9913	Bos taurus	353120	751	0.403113	X7	selected_species	present	not_selected	NOT_PROMOTED_ONE_PER_SPECIES_SET	Provider record inventoried but not promoted into the fixed one-per-species set; it was not individually subjected to downstream BLAST, domain, or tree QC.
XP_010814518.2	9913	Bos taurus	353120	1849	0.992485	X1	selected_species	present	not_selected	NOT_PROMOTED_ONE_PER_SPECIES_SET	Provider record inventoried but not promoted into the fixed one-per-species set; it was not individually subjected to downstream BLAST, domain, or tree QC.
XP_059733745.1	9913	Bos taurus	353120	1848	0.991948	X2	selected_species	present	not_selected	NOT_PROMOTED_ONE_PER_SPECIES_SET	Provider record inventoried but not promoted into the fixed one-per-species set; it was not individually subjected to downstream BLAST, domain, or tree QC.
XP_059733746.1	9913	Bos taurus	353120	1823	0.978529	X3	selected_species	present	not_selected	NOT_PROMOTED_ONE_PER_SPECIES_SET	Provider record inventoried but not promoted into the fixed one-per-species set; it was not individually subjected to downstream BLAST, domain, or tree QC.
XP_059733747.1	9913	Bos taurus	353120	1822	0.977992	X4	selected_species	present	not_selected	NOT_PROMOTED_ONE_PER_SPECIES_SET	Provider record inventoried but not promoted into the fixed one-per-species set; it was not individually subjected to downstream BLAST, domain, or tree QC.
XP_059733748.1	9913	Bos taurus	353120	1759	0.944176	X5	selected_species	present	not_selected	NOT_PROMOTED_ONE_PER_SPECIES_SET	Provider record inventoried but not promoted into the fixed one-per-species set; it was not individually subjected to downstream BLAST, domain, or tree QC.
XP_059733749.1	9913	Bos taurus	353120	1722	0.924316	X6	selected_species	present	not_selected	NOT_PROMOTED_ONE_PER_SPECIES_SET	Provider record inventoried but not promoted into the fixed one-per-species set; it was not individually subjected to downstream BLAST, domain, or tree QC.
XP_059733751.1	9913	Bos taurus	353120	750	0.402576	X8	selected_species	present	not_selected	NOT_PROMOTED_ONE_PER_SPECIES_SET	Provider record inventoried but not promoted into the fixed one-per-species set; it was not individually subjected to downstream BLAST, domain, or tree QC.
XP_059733752.1	9913	Bos taurus	353120	725	0.389157	X9	selected_species	present	not_selected	NOT_PROMOTED_ONE_PER_SPECIES_SET	Provider record inventoried but not promoted into the fixed one-per-species set; it was not individually subjected to downstream BLAST, domain, or tree QC.
XP_059733753.1	9913	Bos taurus	353120	724	0.388621	X10	selected_species	present	not_selected	NOT_PROMOTED_ONE_PER_SPECIES_SET	Provider record inventoried but not promoted into the fixed one-per-species set; it was not individually subjected to downstream BLAST, domain, or tree QC.
NP_001013434.1	9615	Canis lupus familiaris	403437	1878	1.008052		selected_species	present	selected	FIXED_ANALYSIS_SET	Member of the committed 18-tip set; downstream sequence and domain QC is reported in the separate QC artifacts.
XP_038530837.1	9615	Canis lupus familiaris	403437	1934	1.038111	X1	selected_species	present	not_selected	NOT_PROMOTED_ONE_PER_SPECIES_SET	Provider record inventoried but not promoted into the fixed one-per-species set; it was not individually subjected to downstream BLAST, domain, or tree QC.
XP_038530838.1	9615	Canis lupus familiaris	403437	1921	1.031133	X2	selected_species	present	not_selected	NOT_PROMOTED_ONE_PER_SPECIES_SET	Provider record inventoried but not promoted into the fixed one-per-species set; it was not individually subjected to downstream BLAST, domain, or tree QC.
XP_038530840.1	9615	Canis lupus familiaris	403437	1891	1.015030	X3	selected_species	present	not_selected	NOT_PROMOTED_ONE_PER_SPECIES_SET	Provider record inventoried but not promoted into the fixed one-per-species set; it was not individually subjected to downstream BLAST, domain, or tree QC.
XP_038530841.1	9615	Canis lupus familiaris	403437	1891	1.015030	X3	selected_species	present	not_selected	NOT_PROMOTED_ONE_PER_SPECIES_SET	Provider record inventoried but not promoted into the fixed one-per-species set; it was not individually subjected to downstream BLAST, domain, or tree QC.
XP_038530842.1	9615	Canis lupus familiaris	403437	1891	1.015030	X3	selected_species	present	not_selected	NOT_PROMOTED_ONE_PER_SPECIES_SET	Provider record inventoried but not promoted into the fixed one-per-species set; it was not individually subjected to downstream BLAST, domain, or tree QC.
XP_038530843.1	9615	Canis lupus familiaris	403437	1878	1.008052	X4	selected_species	present	not_selected	NOT_PROMOTED_ONE_PER_SPECIES_SET	Provider record inventoried but not promoted into the fixed one-per-species set; it was not individually subjected to downstream BLAST, domain, or tree QC.
XP_038530844.1	9615	Canis lupus familiaris	403437	1878	1.008052	X4	selected_species	present	not_selected	NOT_PROMOTED_ONE_PER_SPECIES_SET	Provider record inventoried but not promoted into the fixed one-per-species set; it was not individually subjected to downstream BLAST, domain, or tree QC.
XP_038530845.1	9615	Canis lupus familiaris	403437	1878	1.008052	X4	selected_species	present	not_selected	NOT_PROMOTED_ONE_PER_SPECIES_SET	Provider record inventoried but not promoted into the fixed one-per-species set; it was not individually subjected to downstream BLAST, domain, or tree QC.
XP_038530846.1	9615	Canis lupus familiaris	403437	1846	0.990875	X5	selected_species	present	not_selected	NOT_PROMOTED_ONE_PER_SPECIES_SET	Provider record inventoried but not promoted into the fixed one-per-species set; it was not individually subjected to downstream BLAST, domain, or tree QC.
XP_038530847.1	9615	Canis lupus familiaris	403437	824	0.442297	X6	selected_species	present	not_selected	NOT_PROMOTED_ONE_PER_SPECIES_SET	Provider record inventoried but not promoted into the fixed one-per-species set; it was not individually subjected to downstream BLAST, domain, or tree QC.
XP_038530848.1	9615	Canis lupus familiaris	403437	811	0.435319	X7	selected_species	present	not_selected	NOT_PROMOTED_ONE_PER_SPECIES_SET	Provider record inventoried but not promoted into the fixed one-per-species set; it was not individually subjected to downstream BLAST, domain, or tree QC.
XP_023967135.2	8478	Chrysemys picta bellii	101942702	1908	1.024155	X1	selected_species	present	selected	FIXED_ANALYSIS_SET	Member of the committed 18-tip set; downstream sequence and domain QC is reported in the separate QC artifacts.
XP_023967136.2	8478	Chrysemys picta bellii	101942702	1908	1.024155	X1	selected_species	present	not_selected	NOT_PROMOTED_ONE_PER_SPECIES_SET	Provider record inventoried but not promoted into the fixed one-per-species set; it was not individually subjected to downstream BLAST, domain, or tree QC.
XP_023967139.2	8478	Chrysemys picta bellii	101942702	1903	1.021471	X2	selected_species	present	not_selected	NOT_PROMOTED_ONE_PER_SPECIES_SET	Provider record inventoried but not promoted into the fixed one-per-species set; it was not individually subjected to downstream BLAST, domain, or tree QC.
XP_042699947.2	8478	Chrysemys picta bellii	101942702	1908	1.024155	X1	selected_species	present	not_selected	NOT_PROMOTED_ONE_PER_SPECIES_SET	Provider record inventoried but not promoted into the fixed one-per-species set; it was not individually subjected to downstream BLAST, domain, or tree QC.
XP_065433651.1	8478	Chrysemys picta bellii	101942702	1861	0.998926	X3	selected_species	present	not_selected	NOT_PROMOTED_ONE_PER_SPECIES_SET	Provider record inventoried but not promoted into the fixed one-per-species set; it was not individually subjected to downstream BLAST, domain, or tree QC.
XP_019406054.1	8502	Crocodylus porosus	109320418	1845	0.990338		selected_species	present	selected	FIXED_ANALYSIS_SET	Member of the committed 18-tip set; downstream sequence and domain QC is reported in the separate QC artifacts.
XP_058140293.1	9361	Dasypus novemcinctus	101429125	1839	0.987118	X1	selected_species	present	selected	FIXED_ANALYSIS_SET	Member of the committed 18-tip set; downstream sequence and domain QC is reported in the separate QC artifacts.
XP_058140294.1	9361	Dasypus novemcinctus	101429125	1773	0.951691	X3	selected_species	present	not_selected	NOT_PROMOTED_ONE_PER_SPECIES_SET	Provider record inventoried but not promoted into the fixed one-per-species set; it was not individually subjected to downstream BLAST, domain, or tree QC.
XP_058140295.1	9361	Dasypus novemcinctus	101429125	989	0.530864	X4	selected_species	present	not_selected	NOT_PROMOTED_ONE_PER_SPECIES_SET	Provider record inventoried but not promoted into the fixed one-per-species set; it was not individually subjected to downstream BLAST, domain, or tree QC.
XP_058140296.1	9361	Dasypus novemcinctus	101429125	755	0.405260	X5	selected_species	present	not_selected	NOT_PROMOTED_ONE_PER_SPECIES_SET	Provider record inventoried but not promoted into the fixed one-per-species set; it was not individually subjected to downstream BLAST, domain, or tree QC.
XP_058140297.1	9361	Dasypus novemcinctus	101429125	754	0.404724	X6	selected_species	present	not_selected	NOT_PROMOTED_ONE_PER_SPECIES_SET	Provider record inventoried but not promoted into the fixed one-per-species set; it was not individually subjected to downstream BLAST, domain, or tree QC.
XP_058140298.1	9361	Dasypus novemcinctus	101429125	1838	0.986581	X2	selected_species	present	not_selected	NOT_PROMOTED_ONE_PER_SPECIES_SET	Provider record inventoried but not promoted into the fixed one-per-species set; it was not individually subjected to downstream BLAST, domain, or tree QC.
XP_014595447.2	9796	Equus caballus	100051990	1856	0.996243	X1	selected_species	present	selected	FIXED_ANALYSIS_SET	Member of the committed 18-tip set; downstream sequence and domain QC is reported in the separate QC artifacts.
XP_023508246.1	9796	Equus caballus	100051990	755	0.405260	X17	selected_species	present	not_selected	NOT_PROMOTED_ONE_PER_SPECIES_SET	Provider record inventoried but not promoted into the fixed one-per-species set; it was not individually subjected to downstream BLAST, domain, or tree QC.
XP_070083287.1	9796	Equus caballus	100051990	1855	0.995706	X2	selected_species	present	not_selected	NOT_PROMOTED_ONE_PER_SPECIES_SET	Provider record inventoried but not promoted into the fixed one-per-species set; it was not individually subjected to downstream BLAST, domain, or tree QC.
XP_070083288.1	9796	Equus caballus	100051990	1855	0.995706	X3	selected_species	present	not_selected	NOT_PROMOTED_ONE_PER_SPECIES_SET	Provider record inventoried but not promoted into the fixed one-per-species set; it was not individually subjected to downstream BLAST, domain, or tree QC.
XP_070083289.1	9796	Equus caballus	100051990	1855	0.995706	X4	selected_species	present	not_selected	NOT_PROMOTED_ONE_PER_SPECIES_SET	Provider record inventoried but not promoted into the fixed one-per-species set; it was not individually subjected to downstream BLAST, domain, or tree QC.
XP_070083290.1	9796	Equus caballus	100051990	1854	0.995169	X5	selected_species	present	not_selected	NOT_PROMOTED_ONE_PER_SPECIES_SET	Provider record inventoried but not promoted into the fixed one-per-species set; it was not individually subjected to downstream BLAST, domain, or tree QC.
XP_070083291.1	9796	Equus caballus	100051990	1854	0.995169	X6	selected_species	present	not_selected	NOT_PROMOTED_ONE_PER_SPECIES_SET	Provider record inventoried but not promoted into the fixed one-per-species set; it was not individually subjected to downstream BLAST, domain, or tree QC.
XP_070083292.1	9796	Equus caballus	100051990	1854	0.995169	X7	selected_species	present	not_selected	NOT_PROMOTED_ONE_PER_SPECIES_SET	Provider record inventoried but not promoted into the fixed one-per-species set; it was not individually subjected to downstream BLAST, domain, or tree QC.
XP_070083293.1	9796	Equus caballus	100051990	1853	0.994632	X8	selected_species	present	not_selected	NOT_PROMOTED_ONE_PER_SPECIES_SET	Provider record inventoried but not promoted into the fixed one-per-species set; it was not individually subjected to downstream BLAST, domain, or tree QC.
XP_070083294.1	9796	Equus caballus	100051990	1560	0.837359	X9	selected_species	present	not_selected	NOT_PROMOTED_ONE_PER_SPECIES_SET	Provider record inventoried but not promoted into the fixed one-per-species set; it was not individually subjected to downstream BLAST, domain, or tree QC.
XP_070083295.1	9796	Equus caballus	100051990	1560	0.837359	X9	selected_species	present	not_selected	NOT_PROMOTED_ONE_PER_SPECIES_SET	Provider record inventoried but not promoted into the fixed one-per-species set; it was not individually subjected to downstream BLAST, domain, or tree QC.
XP_070083296.1	9796	Equus caballus	100051990	992	0.532475	X10	selected_species	present	not_selected	NOT_PROMOTED_ONE_PER_SPECIES_SET	Provider record inventoried but not promoted into the fixed one-per-species set; it was not individually subjected to downstream BLAST, domain, or tree QC.
XP_070083298.1	9796	Equus caballus	100051990	991	0.531938	X11	selected_species	present	not_selected	NOT_PROMOTED_ONE_PER_SPECIES_SET	Provider record inventoried but not promoted into the fixed one-per-species set; it was not individually subjected to downstream BLAST, domain, or tree QC.
XP_070083299.1	9796	Equus caballus	100051990	991	0.531938	X11	selected_species	present	not_selected	NOT_PROMOTED_ONE_PER_SPECIES_SET	Provider record inventoried but not promoted into the fixed one-per-species set; it was not individually subjected to downstream BLAST, domain, or tree QC.
XP_070083300.1	9796	Equus caballus	100051990	991	0.531938	X12	selected_species	present	not_selected	NOT_PROMOTED_ONE_PER_SPECIES_SET	Provider record inventoried but not promoted into the fixed one-per-species set; it was not individually subjected to downstream BLAST, domain, or tree QC.
XP_070083301.1	9796	Equus caballus	100051990	991	0.531938	X13	selected_species	present	not_selected	NOT_PROMOTED_ONE_PER_SPECIES_SET	Provider record inventoried but not promoted into the fixed one-per-species set; it was not individually subjected to downstream BLAST, domain, or tree QC.
XP_070083302.1	9796	Equus caballus	100051990	990	0.531401	X14	selected_species	present	not_selected	NOT_PROMOTED_ONE_PER_SPECIES_SET	Provider record inventoried but not promoted into the fixed one-per-species set; it was not individually subjected to downstream BLAST, domain, or tree QC.
XP_070083303.1	9796	Equus caballus	100051990	990	0.531401	X14	selected_species	present	not_selected	NOT_PROMOTED_ONE_PER_SPECIES_SET	Provider record inventoried but not promoted into the fixed one-per-species set; it was not individually subjected to downstream BLAST, domain, or tree QC.
XP_070083304.1	9796	Equus caballus	100051990	756	0.405797	X15	selected_species	present	not_selected	NOT_PROMOTED_ONE_PER_SPECIES_SET	Provider record inventoried but not promoted into the fixed one-per-species set; it was not individually subjected to downstream BLAST, domain, or tree QC.
XP_070083305.1	9796	Equus caballus	100051990	756	0.405797	X15	selected_species	present	not_selected	NOT_PROMOTED_ONE_PER_SPECIES_SET	Provider record inventoried but not promoted into the fixed one-per-species set; it was not individually subjected to downstream BLAST, domain, or tree QC.
XP_070083306.1	9796	Equus caballus	100051990	755	0.405260	X16	selected_species	present	not_selected	NOT_PROMOTED_ONE_PER_SPECIES_SET	Provider record inventoried but not promoted into the fixed one-per-species set; it was not individually subjected to downstream BLAST, domain, or tree QC.
XP_070083307.1	9796	Equus caballus	100051990	755	0.405260	X16	selected_species	present	not_selected	NOT_PROMOTED_ONE_PER_SPECIES_SET	Provider record inventoried but not promoted into the fixed one-per-species set; it was not individually subjected to downstream BLAST, domain, or tree QC.
XP_070083308.1	9796	Equus caballus	100051990	755	0.405260	X17	selected_species	present	not_selected	NOT_PROMOTED_ONE_PER_SPECIES_SET	Provider record inventoried but not promoted into the fixed one-per-species set; it was not individually subjected to downstream BLAST, domain, or tree QC.
XP_070083309.1	9796	Equus caballus	100051990	755	0.405260	X18	selected_species	present	not_selected	NOT_PROMOTED_ONE_PER_SPECIES_SET	Provider record inventoried but not promoted into the fixed one-per-species set; it was not individually subjected to downstream BLAST, domain, or tree QC.
XP_070083310.1	9796	Equus caballus	100051990	754	0.404724	X19	selected_species	present	not_selected	NOT_PROMOTED_ONE_PER_SPECIES_SET	Provider record inventoried but not promoted into the fixed one-per-species set; it was not individually subjected to downstream BLAST, domain, or tree QC.
XP_070083311.1	9796	Equus caballus	100051990	754	0.404724	X19	selected_species	present	not_selected	NOT_PROMOTED_ONE_PER_SPECIES_SET	Provider record inventoried but not promoted into the fixed one-per-species set; it was not individually subjected to downstream BLAST, domain, or tree QC.
XP_070083312.1	9796	Equus caballus	100051990	754	0.404724	X20	selected_species	present	not_selected	NOT_PROMOTED_ONE_PER_SPECIES_SET	Provider record inventoried but not promoted into the fixed one-per-species set; it was not individually subjected to downstream BLAST, domain, or tree QC.
XP_070083313.1	9796	Equus caballus	100051990	754	0.404724	X21	selected_species	present	not_selected	NOT_PROMOTED_ONE_PER_SPECIES_SET	Provider record inventoried but not promoted into the fixed one-per-species set; it was not individually subjected to downstream BLAST, domain, or tree QC.
XP_070083314.1	9796	Equus caballus	100051990	753	0.404187	X22	selected_species	present	not_selected	NOT_PROMOTED_ONE_PER_SPECIES_SET	Provider record inventoried but not promoted into the fixed one-per-species set; it was not individually subjected to downstream BLAST, domain, or tree QC.
XP_070083315.1	9796	Equus caballus	100051990	724	0.388621	X23	selected_species	present	not_selected	NOT_PROMOTED_ONE_PER_SPECIES_SET	Provider record inventoried but not promoted into the fixed one-per-species set; it was not individually subjected to downstream BLAST, domain, or tree QC.
XP_070083316.1	9796	Equus caballus	100051990	723	0.388084	X24	selected_species	present	not_selected	NOT_PROMOTED_ONE_PER_SPECIES_SET	Provider record inventoried but not promoted into the fixed one-per-species set; it was not individually subjected to downstream BLAST, domain, or tree QC.
NP_989500.1	9031	Gallus gallus	373983	1749	0.938808		selected_species	present	selected	FIXED_ANALYSIS_SET	Member of the committed 18-tip set; downstream sequence and domain QC is reported in the separate QC artifacts.
XP_015155047.2	9031	Gallus gallus	373983	1750	0.939345	X1	selected_species	present	not_selected	NOT_PROMOTED_ONE_PER_SPECIES_SET	Provider record inventoried but not promoted into the fixed one-per-species set; it was not individually subjected to downstream BLAST, domain, or tree QC.
XP_046760270.1	9031	Gallus gallus	373983	1749	0.938808	X2	selected_species	present	not_selected	NOT_PROMOTED_ONE_PER_SPECIES_SET	Provider record inventoried but not promoted into the fixed one-per-species set; it was not individually subjected to downstream BLAST, domain, or tree QC.
XP_046789154.1	9031	Gallus gallus	373983	1750	0.939345	X1	selected_species	present	not_selected	NOT_PROMOTED_ONE_PER_SPECIES_SET	Provider record inventoried but not promoted into the fixed one-per-species set; it was not individually subjected to downstream BLAST, domain, or tree QC.
XP_046789155.1	9031	Gallus gallus	373983	1749	0.938808	X2	selected_species	present	not_selected	NOT_PROMOTED_ONE_PER_SPECIES_SET	Provider record inventoried but not promoted into the fixed one-per-species set; it was not individually subjected to downstream BLAST, domain, or tree QC.
NP_009225.1	9606	Homo sapiens	672	1863	1.000000	1	selected_species	present	selected	FIXED_ANALYSIS_SET	Member of the committed 18-tip set; downstream sequence and domain QC is reported in the separate QC artifacts.
NP_001394500.1	9606	Homo sapiens	672	1792	0.961889	6	selected_species	present	not_selected	NOT_PROMOTED_ONE_PER_SPECIES_SET	Provider record inventoried but not promoted into the fixed one-per-species set; it was not individually subjected to downstream BLAST, domain, or tree QC.
NP_001394510.1	9606	Homo sapiens	672	1885	1.011809	7	selected_species	present	not_selected	NOT_PROMOTED_ONE_PER_SPECIES_SET	Provider record inventoried but not promoted into the fixed one-per-species set; it was not individually subjected to downstream BLAST, domain, or tree QC.
NP_001394511.1	9606	Homo sapiens	672	1885	1.011809	7	selected_species	present	not_selected	NOT_PROMOTED_ONE_PER_SPECIES_SET	Provider record inventoried but not promoted into the fixed one-per-species set; it was not individually subjected to downstream BLAST, domain, or tree QC.
NP_001394512.1	9606	Homo sapiens	672	1884	1.011272	2	selected_species	present	not_selected	NOT_PROMOTED_ONE_PER_SPECIES_SET	Provider record inventoried but not promoted into the fixed one-per-species set; it was not individually subjected to downstream BLAST, domain, or tree QC.
NP_001394514.1	9606	Homo sapiens	672	1884	1.011272	2	selected_species	present	not_selected	NOT_PROMOTED_ONE_PER_SPECIES_SET	Provider record inventoried but not promoted into the fixed one-per-species set; it was not individually subjected to downstream BLAST, domain, or tree QC.
NP_001394516.1	9606	Homo sapiens	672	1884	1.011272	8	selected_species	present	not_selected	NOT_PROMOTED_ONE_PER_SPECIES_SET	Provider record inventoried but not promoted into the fixed one-per-species set; it was not individually subjected to downstream BLAST, domain, or tree QC.
NP_001394519.1	9606	Homo sapiens	672	1883	1.010735	9	selected_species	present	not_selected	NOT_PROMOTED_ONE_PER_SPECIES_SET	Provider record inventoried but not promoted into the fixed one-per-species set; it was not individually subjected to downstream BLAST, domain, or tree QC.
NP_001394520.1	9606	Homo sapiens	672	1883	1.010735	9	selected_species	present	not_selected	NOT_PROMOTED_ONE_PER_SPECIES_SET	Provider record inventoried but not promoted into the fixed one-per-species set; it was not individually subjected to downstream BLAST, domain, or tree QC.
NP_001394522.1	9606	Homo sapiens	672	1863	1.000000	1	selected_species	present	not_selected	NOT_PROMOTED_ONE_PER_SPECIES_SET	Provider record inventoried but not promoted into the fixed one-per-species set; it was not individually subjected to downstream BLAST, domain, or tree QC.
NP_001394523.1	9606	Homo sapiens	672	1863	1.000000	1	selected_species	present	not_selected	NOT_PROMOTED_ONE_PER_SPECIES_SET	Provider record inventoried but not promoted into the fixed one-per-species set; it was not individually subjected to downstream BLAST, domain, or tree QC.
NP_001394525.1	9606	Homo sapiens	672	1863	1.000000	1	selected_species	present	not_selected	NOT_PROMOTED_ONE_PER_SPECIES_SET	Provider record inventoried but not promoted into the fixed one-per-species set; it was not individually subjected to downstream BLAST, domain, or tree QC.
NP_001394526.1	9606	Homo sapiens	672	1863	1.000000	1	selected_species	present	not_selected	NOT_PROMOTED_ONE_PER_SPECIES_SET	Provider record inventoried but not promoted into the fixed one-per-species set; it was not individually subjected to downstream BLAST, domain, or tree QC.
NP_001394527.1	9606	Homo sapiens	672	1863	1.000000	1	selected_species	present	not_selected	NOT_PROMOTED_ONE_PER_SPECIES_SET	Provider record inventoried but not promoted into the fixed one-per-species set; it was not individually subjected to downstream BLAST, domain, or tree QC.
NP_001394531.1	9606	Homo sapiens	672	1863	1.000000	1	selected_species	present	not_selected	NOT_PROMOTED_ONE_PER_SPECIES_SET	Provider record inventoried but not promoted into the fixed one-per-species set; it was not individually subjected to downstream BLAST, domain, or tree QC.
NP_001394532.1	9606	Homo sapiens	672	1863	1.000000	1	selected_species	present	not_selected	NOT_PROMOTED_ONE_PER_SPECIES_SET	Provider record inventoried but not promoted into the fixed one-per-species set; it was not individually subjected to downstream BLAST, domain, or tree QC.
NP_001394534.1	9606	Homo sapiens	672	1863	1.000000	1	selected_species	present	not_selected	NOT_PROMOTED_ONE_PER_SPECIES_SET	Provider record inventoried but not promoted into the fixed one-per-species set; it was not individually subjected to downstream BLAST, domain, or tree QC.
NP_001394539.1	9606	Homo sapiens	672	1862	0.999463	10	selected_species	present	not_selected	NOT_PROMOTED_ONE_PER_SPECIES_SET	Provider record inventoried but not promoted into the fixed one-per-species set; it was not individually subjected to downstream BLAST, domain, or tree QC.
NP_001394540.1	9606	Homo sapiens	672	1862	0.999463	10	selected_species	present	not_selected	NOT_PROMOTED_ONE_PER_SPECIES_SET	Provider record inventoried but not promoted into the fixed one-per-species set; it was not individually subjected to downstream BLAST, domain, or tree QC.
NP_001394541.1	9606	Homo sapiens	672	1862	0.999463	10	selected_species	present	not_selected	NOT_PROMOTED_ONE_PER_SPECIES_SET	Provider record inventoried but not promoted into the fixed one-per-species set; it was not individually subjected to downstream BLAST, domain, or tree QC.
NP_001394542.1	9606	Homo sapiens	672	1862	0.999463	10	selected_species	present	not_selected	NOT_PROMOTED_ONE_PER_SPECIES_SET	Provider record inventoried but not promoted into the fixed one-per-species set; it was not individually subjected to downstream BLAST, domain, or tree QC.
NP_001394543.1	9606	Homo sapiens	672	1862	0.999463	10	selected_species	present	not_selected	NOT_PROMOTED_ONE_PER_SPECIES_SET	Provider record inventoried but not promoted into the fixed one-per-species set; it was not individually subjected to downstream BLAST, domain, or tree QC.
NP_001394544.1	9606	Homo sapiens	672	1862	0.999463	10	selected_species	present	not_selected	NOT_PROMOTED_ONE_PER_SPECIES_SET	Provider record inventoried but not promoted into the fixed one-per-species set; it was not individually subjected to downstream BLAST, domain, or tree QC.
NP_001394545.1	9606	Homo sapiens	672	1862	0.999463	11	selected_species	present	not_selected	NOT_PROMOTED_ONE_PER_SPECIES_SET	Provider record inventoried but not promoted into the fixed one-per-species set; it was not individually subjected to downstream BLAST, domain, or tree QC.
NP_001394546.1	9606	Homo sapiens	672	1862	0.999463	11	selected_species	present	not_selected	NOT_PROMOTED_ONE_PER_SPECIES_SET	Provider record inventoried but not promoted into the fixed one-per-species set; it was not individually subjected to downstream BLAST, domain, or tree QC.
NP_001394547.1	9606	Homo sapiens	672	1862	0.999463	11	selected_species	present	not_selected	NOT_PROMOTED_ONE_PER_SPECIES_SET	Provider record inventoried but not promoted into the fixed one-per-species set; it was not individually subjected to downstream BLAST, domain, or tree QC.
NP_001394548.1	9606	Homo sapiens	672	1862	0.999463	11	selected_species	present	not_selected	NOT_PROMOTED_ONE_PER_SPECIES_SET	Provider record inventoried but not promoted into the fixed one-per-species set; it was not individually subjected to downstream BLAST, domain, or tree QC.
NP_001394549.1	9606	Homo sapiens	672	1862	0.999463	11	selected_species	present	not_selected	NOT_PROMOTED_ONE_PER_SPECIES_SET	Provider record inventoried but not promoted into the fixed one-per-species set; it was not individually subjected to downstream BLAST, domain, or tree QC.
NP_001394550.1	9606	Homo sapiens	672	1862	0.999463	11	selected_species	present	not_selected	NOT_PROMOTED_ONE_PER_SPECIES_SET	Provider record inventoried but not promoted into the fixed one-per-species set; it was not individually subjected to downstream BLAST, domain, or tree QC.
NP_001394551.1	9606	Homo sapiens	672	1862	0.999463	11	selected_species	present	not_selected	NOT_PROMOTED_ONE_PER_SPECIES_SET	Provider record inventoried but not promoted into the fixed one-per-species set; it was not individually subjected to downstream BLAST, domain, or tree QC.
NP_001394552.1	9606	Homo sapiens	672	1862	0.999463	11	selected_species	present	not_selected	NOT_PROMOTED_ONE_PER_SPECIES_SET	Provider record inventoried but not promoted into the fixed one-per-species set; it was not individually subjected to downstream BLAST, domain, or tree QC.
NP_001394553.1	9606	Homo sapiens	672	1862	0.999463	12	selected_species	present	not_selected	NOT_PROMOTED_ONE_PER_SPECIES_SET	Provider record inventoried but not promoted into the fixed one-per-species set; it was not individually subjected to downstream BLAST, domain, or tree QC.
NP_001394554.1	9606	Homo sapiens	672	1862	0.999463	12	selected_species	present	not_selected	NOT_PROMOTED_ONE_PER_SPECIES_SET	Provider record inventoried but not promoted into the fixed one-per-species set; it was not individually subjected to downstream BLAST, domain, or tree QC.
NP_001394555.1	9606	Homo sapiens	672	1862	0.999463	12	selected_species	present	not_selected	NOT_PROMOTED_ONE_PER_SPECIES_SET	Provider record inventoried but not promoted into the fixed one-per-species set; it was not individually subjected to downstream BLAST, domain, or tree QC.
NP_001394556.1	9606	Homo sapiens	672	1861	0.998926	13	selected_species	present	not_selected	NOT_PROMOTED_ONE_PER_SPECIES_SET	Provider record inventoried but not promoted into the fixed one-per-species set; it was not individually subjected to downstream BLAST, domain, or tree QC.
NP_001394557.1	9606	Homo sapiens	672	1861	0.998926	13	selected_species	present	not_selected	NOT_PROMOTED_ONE_PER_SPECIES_SET	Provider record inventoried but not promoted into the fixed one-per-species set; it was not individually subjected to downstream BLAST, domain, or tree QC.
NP_001394558.1	9606	Homo sapiens	672	1861	0.998926	13	selected_species	present	not_selected	NOT_PROMOTED_ONE_PER_SPECIES_SET	Provider record inventoried but not promoted into the fixed one-per-species set; it was not individually subjected to downstream BLAST, domain, or tree QC.
NP_001394559.1	9606	Homo sapiens	672	1861	0.998926	13	selected_species	present	not_selected	NOT_PROMOTED_ONE_PER_SPECIES_SET	Provider record inventoried but not promoted into the fixed one-per-species set; it was not individually subjected to downstream BLAST, domain, or tree QC.
NP_001394560.1	9606	Homo sapiens	672	1861	0.998926	13	selected_species	present	not_selected	NOT_PROMOTED_ONE_PER_SPECIES_SET	Provider record inventoried but not promoted into the fixed one-per-species set; it was not individually subjected to downstream BLAST, domain, or tree QC.
NP_001394561.1	9606	Homo sapiens	672	1861	0.998926	13	selected_species	present	not_selected	NOT_PROMOTED_ONE_PER_SPECIES_SET	Provider record inventoried but not promoted into the fixed one-per-species set; it was not individually subjected to downstream BLAST, domain, or tree QC.
NP_001394562.1	9606	Homo sapiens	672	1861	0.998926	14	selected_species	present	not_selected	NOT_PROMOTED_ONE_PER_SPECIES_SET	Provider record inventoried but not promoted into the fixed one-per-species set; it was not individually subjected to downstream BLAST, domain, or tree QC.
NP_001394563.1	9606	Homo sapiens	672	1861	0.998926	14	selected_species	present	not_selected	NOT_PROMOTED_ONE_PER_SPECIES_SET	Provider record inventoried but not promoted into the fixed one-per-species set; it was not individually subjected to downstream BLAST, domain, or tree QC.
NP_001394564.1	9606	Homo sapiens	672	1861	0.998926	14	selected_species	present	not_selected	NOT_PROMOTED_ONE_PER_SPECIES_SET	Provider record inventoried but not promoted into the fixed one-per-species set; it was not individually subjected to downstream BLAST, domain, or tree QC.
NP_001394565.1	9606	Homo sapiens	672	1861	0.998926	14	selected_species	present	not_selected	NOT_PROMOTED_ONE_PER_SPECIES_SET	Provider record inventoried but not promoted into the fixed one-per-species set; it was not individually subjected to downstream BLAST, domain, or tree QC.
NP_001394566.1	9606	Homo sapiens	672	1861	0.998926	14	selected_species	present	not_selected	NOT_PROMOTED_ONE_PER_SPECIES_SET	Provider record inventoried but not promoted into the fixed one-per-species set; it was not individually subjected to downstream BLAST, domain, or tree QC.
NP_001394567.1	9606	Homo sapiens	672	1861	0.998926	14	selected_species	present	not_selected	NOT_PROMOTED_ONE_PER_SPECIES_SET	Provider record inventoried but not promoted into the fixed one-per-species set; it was not individually subjected to downstream BLAST, domain, or tree QC.
NP_001394568.1	9606	Homo sapiens	672	1861	0.998926	15	selected_species	present	not_selected	NOT_PROMOTED_ONE_PER_SPECIES_SET	Provider record inventoried but not promoted into the fixed one-per-species set; it was not individually subjected to downstream BLAST, domain, or tree QC.
NP_001394569.1	9606	Homo sapiens	672	1861	0.998926	15	selected_species	present	not_selected	NOT_PROMOTED_ONE_PER_SPECIES_SET	Provider record inventoried but not promoted into the fixed one-per-species set; it was not individually subjected to downstream BLAST, domain, or tree QC.
NP_001394570.1	9606	Homo sapiens	672	1861	0.998926	15	selected_species	present	not_selected	NOT_PROMOTED_ONE_PER_SPECIES_SET	Provider record inventoried but not promoted into the fixed one-per-species set; it was not individually subjected to downstream BLAST, domain, or tree QC.
NP_001394571.1	9606	Homo sapiens	672	1861	0.998926	15	selected_species	present	not_selected	NOT_PROMOTED_ONE_PER_SPECIES_SET	Provider record inventoried but not promoted into the fixed one-per-species set; it was not individually subjected to downstream BLAST, domain, or tree QC.
NP_001394573.1	9606	Homo sapiens	672	1860	0.998390	16	selected_species	present	not_selected	NOT_PROMOTED_ONE_PER_SPECIES_SET	Provider record inventoried but not promoted into the fixed one-per-species set; it was not individually subjected to downstream BLAST, domain, or tree QC.
NP_001394574.1	9606	Homo sapiens	672	1860	0.998390	16	selected_species	present	not_selected	NOT_PROMOTED_ONE_PER_SPECIES_SET	Provider record inventoried but not promoted into the fixed one-per-species set; it was not individually subjected to downstream BLAST, domain, or tree QC.
NP_001394575.1	9606	Homo sapiens	672	1859	0.997853	17	selected_species	present	not_selected	NOT_PROMOTED_ONE_PER_SPECIES_SET	Provider record inventoried but not promoted into the fixed one-per-species set; it was not individually subjected to downstream BLAST, domain, or tree QC.
NP_001394576.1	9606	Homo sapiens	672	1858	0.997316	18	selected_species	present	not_selected	NOT_PROMOTED_ONE_PER_SPECIES_SET	Provider record inventoried but not promoted into the fixed one-per-species set; it was not individually subjected to downstream BLAST, domain, or tree QC.
NP_001394577.1	9606	Homo sapiens	672	1844	0.989801	19	selected_species	present	not_selected	NOT_PROMOTED_ONE_PER_SPECIES_SET	Provider record inventoried but not promoted into the fixed one-per-species set; it was not individually subjected to downstream BLAST, domain, or tree QC.
NP_001394578.1	9606	Homo sapiens	672	1843	0.989265	20	selected_species	present	not_selected	NOT_PROMOTED_ONE_PER_SPECIES_SET	Provider record inventoried but not promoted into the fixed one-per-species set; it was not individually subjected to downstream BLAST, domain, or tree QC.
NP_001394581.1	9606	Homo sapiens	672	1837	0.986044	21	selected_species	present	not_selected	NOT_PROMOTED_ONE_PER_SPECIES_SET	Provider record inventoried but not promoted into the fixed one-per-species set; it was not individually subjected to downstream BLAST, domain, or tree QC.
NP_001394582.1	9606	Homo sapiens	672	1837	0.986044	22	selected_species	present	not_selected	NOT_PROMOTED_ONE_PER_SPECIES_SET	Provider record inventoried but not promoted into the fixed one-per-species set; it was not individually subjected to downstream BLAST, domain, or tree QC.
NP_001394583.1	9606	Homo sapiens	672	1837	0.986044	22	selected_species	present	not_selected	NOT_PROMOTED_ONE_PER_SPECIES_SET	Provider record inventoried but not promoted into the fixed one-per-species set; it was not individually subjected to downstream BLAST, domain, or tree QC.
NP_001394584.1	9606	Homo sapiens	672	1837	0.986044	22	selected_species	present	not_selected	NOT_PROMOTED_ONE_PER_SPECIES_SET	Provider record inventoried but not promoted into the fixed one-per-species set; it was not individually subjected to downstream BLAST, domain, or tree QC.
NP_001394585.1	9606	Homo sapiens	672	1836	0.985507	23	selected_species	present	not_selected	NOT_PROMOTED_ONE_PER_SPECIES_SET	Provider record inventoried but not promoted into the fixed one-per-species set; it was not individually subjected to downstream BLAST, domain, or tree QC.
NP_001394586.1	9606	Homo sapiens	672	1836	0.985507	24	selected_species	present	not_selected	NOT_PROMOTED_ONE_PER_SPECIES_SET	Provider record inventoried but not promoted into the fixed one-per-species set; it was not individually subjected to downstream BLAST, domain, or tree QC.
NP_001394587.1	9606	Homo sapiens	672	1836	0.985507	24	selected_species	present	not_selected	NOT_PROMOTED_ONE_PER_SPECIES_SET	Provider record inventoried but not promoted into the fixed one-per-species set; it was not individually subjected to downstream BLAST, domain, or tree QC.
NP_001394588.1	9606	Homo sapiens	672	1835	0.984970	25	selected_species	present	not_selected	NOT_PROMOTED_ONE_PER_SPECIES_SET	Provider record inventoried but not promoted into the fixed one-per-species set; it was not individually subjected to downstream BLAST, domain, or tree QC.
NP_001394589.1	9606	Homo sapiens	672	1835	0.984970	25	selected_species	present	not_selected	NOT_PROMOTED_ONE_PER_SPECIES_SET	Provider record inventoried but not promoted into the fixed one-per-species set; it was not individually subjected to downstream BLAST, domain, or tree QC.
NP_001394590.1	9606	Homo sapiens	672	1835	0.984970	26	selected_species	present	not_selected	NOT_PROMOTED_ONE_PER_SPECIES_SET	Provider record inventoried but not promoted into the fixed one-per-species set; it was not individually subjected to downstream BLAST, domain, or tree QC.
NP_001394591.1	9606	Homo sapiens	672	1835	0.984970	26	selected_species	present	not_selected	NOT_PROMOTED_ONE_PER_SPECIES_SET	Provider record inventoried but not promoted into the fixed one-per-species set; it was not individually subjected to downstream BLAST, domain, or tree QC.
NP_001394592.1	9606	Homo sapiens	672	1835	0.984970	93	selected_species	present	not_selected	NOT_PROMOTED_ONE_PER_SPECIES_SET	Provider record inventoried but not promoted into the fixed one-per-species set; it was not individually subjected to downstream BLAST, domain, or tree QC.
NP_001394593.1	9606	Homo sapiens	672	1822	0.977992	27	selected_species	present	not_selected	NOT_PROMOTED_ONE_PER_SPECIES_SET	Provider record inventoried but not promoted into the fixed one-per-species set; it was not individually subjected to downstream BLAST, domain, or tree QC.
NP_001394594.1	9606	Homo sapiens	672	1822	0.977992	27	selected_species	present	not_selected	NOT_PROMOTED_ONE_PER_SPECIES_SET	Provider record inventoried but not promoted into the fixed one-per-species set; it was not individually subjected to downstream BLAST, domain, or tree QC.
NP_001394595.1	9606	Homo sapiens	672	1822	0.977992	27	selected_species	present	not_selected	NOT_PROMOTED_ONE_PER_SPECIES_SET	Provider record inventoried but not promoted into the fixed one-per-species set; it was not individually subjected to downstream BLAST, domain, or tree QC.
NP_001394596.1	9606	Homo sapiens	672	1822	0.977992	27	selected_species	present	not_selected	NOT_PROMOTED_ONE_PER_SPECIES_SET	Provider record inventoried but not promoted into the fixed one-per-species set; it was not individually subjected to downstream BLAST, domain, or tree QC.
NP_001394597.1	9606	Homo sapiens	672	1822	0.977992	27	selected_species	present	not_selected	NOT_PROMOTED_ONE_PER_SPECIES_SET	Provider record inventoried but not promoted into the fixed one-per-species set; it was not individually subjected to downstream BLAST, domain, or tree QC.
NP_001394598.1	9606	Homo sapiens	672	1822	0.977992	27	selected_species	present	not_selected	NOT_PROMOTED_ONE_PER_SPECIES_SET	Provider record inventoried but not promoted into the fixed one-per-species set; it was not individually subjected to downstream BLAST, domain, or tree QC.
NP_001394599.1	9606	Homo sapiens	672	1821	0.977456	28	selected_species	present	not_selected	NOT_PROMOTED_ONE_PER_SPECIES_SET	Provider record inventoried but not promoted into the fixed one-per-species set; it was not individually subjected to downstream BLAST, domain, or tree QC.
NP_001394600.1	9606	Homo sapiens	672	1821	0.977456	28	selected_species	present	not_selected	NOT_PROMOTED_ONE_PER_SPECIES_SET	Provider record inventoried but not promoted into the fixed one-per-species set; it was not individually subjected to downstream BLAST, domain, or tree QC.
NP_001394601.1	9606	Homo sapiens	672	1821	0.977456	28	selected_species	present	not_selected	NOT_PROMOTED_ONE_PER_SPECIES_SET	Provider record inventoried but not promoted into the fixed one-per-species set; it was not individually subjected to downstream BLAST, domain, or tree QC.
NP_001394602.1	9606	Homo sapiens	672	1821	0.977456	28	selected_species	present	not_selected	NOT_PROMOTED_ONE_PER_SPECIES_SET	Provider record inventoried but not promoted into the fixed one-per-species set; it was not individually subjected to downstream BLAST, domain, or tree QC.
NP_001394603.1	9606	Homo sapiens	672	1821	0.977456	29	selected_species	present	not_selected	NOT_PROMOTED_ONE_PER_SPECIES_SET	Provider record inventoried but not promoted into the fixed one-per-species set; it was not individually subjected to downstream BLAST, domain, or tree QC.
NP_001394604.1	9606	Homo sapiens	672	1821	0.977456	29	selected_species	present	not_selected	NOT_PROMOTED_ONE_PER_SPECIES_SET	Provider record inventoried but not promoted into the fixed one-per-species set; it was not individually subjected to downstream BLAST, domain, or tree QC.
NP_001394605.1	9606	Homo sapiens	672	1821	0.977456	29	selected_species	present	not_selected	NOT_PROMOTED_ONE_PER_SPECIES_SET	Provider record inventoried but not promoted into the fixed one-per-species set; it was not individually subjected to downstream BLAST, domain, or tree QC.
NP_001394606.1	9606	Homo sapiens	672	1821	0.977456	30	selected_species	present	not_selected	NOT_PROMOTED_ONE_PER_SPECIES_SET	Provider record inventoried but not promoted into the fixed one-per-species set; it was not individually subjected to downstream BLAST, domain, or tree QC.
NP_001394607.1	9606	Homo sapiens	672	1821	0.977456	30	selected_species	present	not_selected	NOT_PROMOTED_ONE_PER_SPECIES_SET	Provider record inventoried but not promoted into the fixed one-per-species set; it was not individually subjected to downstream BLAST, domain, or tree QC.
NP_001394608.1	9606	Homo sapiens	672	1821	0.977456	30	selected_species	present	not_selected	NOT_PROMOTED_ONE_PER_SPECIES_SET	Provider record inventoried but not promoted into the fixed one-per-species set; it was not individually subjected to downstream BLAST, domain, or tree QC.
NP_001394609.1	9606	Homo sapiens	672	1821	0.977456	30	selected_species	present	not_selected	NOT_PROMOTED_ONE_PER_SPECIES_SET	Provider record inventoried but not promoted into the fixed one-per-species set; it was not individually subjected to downstream BLAST, domain, or tree QC.
NP_001394610.1	9606	Homo sapiens	672	1820	0.976919	31	selected_species	present	not_selected	NOT_PROMOTED_ONE_PER_SPECIES_SET	Provider record inventoried but not promoted into the fixed one-per-species set; it was not individually subjected to downstream BLAST, domain, or tree QC.
NP_001394611.1	9606	Homo sapiens	672	1820	0.976919	31	selected_species	present	not_selected	NOT_PROMOTED_ONE_PER_SPECIES_SET	Provider record inventoried but not promoted into the fixed one-per-species set; it was not individually subjected to downstream BLAST, domain, or tree QC.
NP_001394612.1	9606	Homo sapiens	672	1820	0.976919	31	selected_species	present	not_selected	NOT_PROMOTED_ONE_PER_SPECIES_SET	Provider record inventoried but not promoted into the fixed one-per-species set; it was not individually subjected to downstream BLAST, domain, or tree QC.
NP_001394613.1	9606	Homo sapiens	672	1820	0.976919	32	selected_species	present	not_selected	NOT_PROMOTED_ONE_PER_SPECIES_SET	Provider record inventoried but not promoted into the fixed one-per-species set; it was not individually subjected to downstream BLAST, domain, or tree QC.
NP_001394614.1	9606	Homo sapiens	672	1820	0.976919	33	selected_species	present	not_selected	NOT_PROMOTED_ONE_PER_SPECIES_SET	Provider record inventoried but not promoted into the fixed one-per-species set; it was not individually subjected to downstream BLAST, domain, or tree QC.
NP_001394615.1	9606	Homo sapiens	672	1820	0.976919	33	selected_species	present	not_selected	NOT_PROMOTED_ONE_PER_SPECIES_SET	Provider record inventoried but not promoted into the fixed one-per-species set; it was not individually subjected to downstream BLAST, domain, or tree QC.
NP_001394616.1	9606	Homo sapiens	672	1820	0.976919	33	selected_species	present	not_selected	NOT_PROMOTED_ONE_PER_SPECIES_SET	Provider record inventoried but not promoted into the fixed one-per-species set; it was not individually subjected to downstream BLAST, domain, or tree QC.
NP_001394617.1	9606	Homo sapiens	672	1820	0.976919	34	selected_species	present	not_selected	NOT_PROMOTED_ONE_PER_SPECIES_SET	Provider record inventoried but not promoted into the fixed one-per-species set; it was not individually subjected to downstream BLAST, domain, or tree QC.
NP_001394618.1	9606	Homo sapiens	672	1820	0.976919	34	selected_species	present	not_selected	NOT_PROMOTED_ONE_PER_SPECIES_SET	Provider record inventoried but not promoted into the fixed one-per-species set; it was not individually subjected to downstream BLAST, domain, or tree QC.
NP_001394619.1	9606	Homo sapiens	672	1819	0.976382	35	selected_species	present	not_selected	NOT_PROMOTED_ONE_PER_SPECIES_SET	Provider record inventoried but not promoted into the fixed one-per-species set; it was not individually subjected to downstream BLAST, domain, or tree QC.
NP_001394620.1	9606	Homo sapiens	672	1819	0.976382	35	selected_species	present	not_selected	NOT_PROMOTED_ONE_PER_SPECIES_SET	Provider record inventoried but not promoted into the fixed one-per-species set; it was not individually subjected to downstream BLAST, domain, or tree QC.
NP_001394621.1	9606	Homo sapiens	672	1816	0.974772	3	selected_species	present	not_selected	NOT_PROMOTED_ONE_PER_SPECIES_SET	Provider record inventoried but not promoted into the fixed one-per-species set; it was not individually subjected to downstream BLAST, domain, or tree QC.
NP_001394623.1	9606	Homo sapiens	672	1816	0.974772	3	selected_species	present	not_selected	NOT_PROMOTED_ONE_PER_SPECIES_SET	Provider record inventoried but not promoted into the fixed one-per-species set; it was not individually subjected to downstream BLAST, domain, or tree QC.
NP_001394624.1	9606	Homo sapiens	672	1816	0.974772	3	selected_species	present	not_selected	NOT_PROMOTED_ONE_PER_SPECIES_SET	Provider record inventoried but not promoted into the fixed one-per-species set; it was not individually subjected to downstream BLAST, domain, or tree QC.
NP_001394625.1	9606	Homo sapiens	672	1816	0.974772	3	selected_species	present	not_selected	NOT_PROMOTED_ONE_PER_SPECIES_SET	Provider record inventoried but not promoted into the fixed one-per-species set; it was not individually subjected to downstream BLAST, domain, or tree QC.
NP_001394626.1	9606	Homo sapiens	672	1816	0.974772	3	selected_species	present	not_selected	NOT_PROMOTED_ONE_PER_SPECIES_SET	Provider record inventoried but not promoted into the fixed one-per-species set; it was not individually subjected to downstream BLAST, domain, or tree QC.
NP_001394627.1	9606	Homo sapiens	672	1816	0.974772	3	selected_species	present	not_selected	NOT_PROMOTED_ONE_PER_SPECIES_SET	Provider record inventoried but not promoted into the fixed one-per-species set; it was not individually subjected to downstream BLAST, domain, or tree QC.
NP_001394653.1	9606	Homo sapiens	672	1816	0.974772	3	selected_species	present	not_selected	NOT_PROMOTED_ONE_PER_SPECIES_SET	Provider record inventoried but not promoted into the fixed one-per-species set; it was not individually subjected to downstream BLAST, domain, or tree QC.
NP_001394654.1	9606	Homo sapiens	672	1816	0.974772	3	selected_species	present	not_selected	NOT_PROMOTED_ONE_PER_SPECIES_SET	Provider record inventoried but not promoted into the fixed one-per-species set; it was not individually subjected to downstream BLAST, domain, or tree QC.
NP_001394655.1	9606	Homo sapiens	672	1816	0.974772	3	selected_species	present	not_selected	NOT_PROMOTED_ONE_PER_SPECIES_SET	Provider record inventoried but not promoted into the fixed one-per-species set; it was not individually subjected to downstream BLAST, domain, or tree QC.
NP_001394656.1	9606	Homo sapiens	672	1816	0.974772	3	selected_species	present	not_selected	NOT_PROMOTED_ONE_PER_SPECIES_SET	Provider record inventoried but not promoted into the fixed one-per-species set; it was not individually subjected to downstream BLAST, domain, or tree QC.
NP_001394657.1	9606	Homo sapiens	672	1816	0.974772	3	selected_species	present	not_selected	NOT_PROMOTED_ONE_PER_SPECIES_SET	Provider record inventoried but not promoted into the fixed one-per-species set; it was not individually subjected to downstream BLAST, domain, or tree QC.
NP_001394658.1	9606	Homo sapiens	672	1816	0.974772	3	selected_species	present	not_selected	NOT_PROMOTED_ONE_PER_SPECIES_SET	Provider record inventoried but not promoted into the fixed one-per-species set; it was not individually subjected to downstream BLAST, domain, or tree QC.
NP_001394659.1	9606	Homo sapiens	672	1816	0.974772	3	selected_species	present	not_selected	NOT_PROMOTED_ONE_PER_SPECIES_SET	Provider record inventoried but not promoted into the fixed one-per-species set; it was not individually subjected to downstream BLAST, domain, or tree QC.
NP_001394660.1	9606	Homo sapiens	672	1816	0.974772	3	selected_species	present	not_selected	NOT_PROMOTED_ONE_PER_SPECIES_SET	Provider record inventoried but not promoted into the fixed one-per-species set; it was not individually subjected to downstream BLAST, domain, or tree QC.
NP_001394661.1	9606	Homo sapiens	672	1815	0.974235	36	selected_species	present	not_selected	NOT_PROMOTED_ONE_PER_SPECIES_SET	Provider record inventoried but not promoted into the fixed one-per-species set; it was not individually subjected to downstream BLAST, domain, or tree QC.
NP_001394662.1	9606	Homo sapiens	672	1815	0.974235	36	selected_species	present	not_selected	NOT_PROMOTED_ONE_PER_SPECIES_SET	Provider record inventoried but not promoted into the fixed one-per-species set; it was not individually subjected to downstream BLAST, domain, or tree QC.
NP_001394663.1	9606	Homo sapiens	672	1815	0.974235	36	selected_species	present	not_selected	NOT_PROMOTED_ONE_PER_SPECIES_SET	Provider record inventoried but not promoted into the fixed one-per-species set; it was not individually subjected to downstream BLAST, domain, or tree QC.
NP_001394664.1	9606	Homo sapiens	672	1815	0.974235	36	selected_species	present	not_selected	NOT_PROMOTED_ONE_PER_SPECIES_SET	Provider record inventoried but not promoted into the fixed one-per-species set; it was not individually subjected to downstream BLAST, domain, or tree QC.
NP_001394665.1	9606	Homo sapiens	672	1815	0.974235	36	selected_species	present	not_selected	NOT_PROMOTED_ONE_PER_SPECIES_SET	Provider record inventoried but not promoted into the fixed one-per-species set; it was not individually subjected to downstream BLAST, domain, or tree QC.
NP_001394666.1	9606	Homo sapiens	672	1815	0.974235	36	selected_species	present	not_selected	NOT_PROMOTED_ONE_PER_SPECIES_SET	Provider record inventoried but not promoted into the fixed one-per-species set; it was not individually subjected to downstream BLAST, domain, or tree QC.
NP_001394667.1	9606	Homo sapiens	672	1815	0.974235	36	selected_species	present	not_selected	NOT_PROMOTED_ONE_PER_SPECIES_SET	Provider record inventoried but not promoted into the fixed one-per-species set; it was not individually subjected to downstream BLAST, domain, or tree QC.
NP_001394668.1	9606	Homo sapiens	672	1815	0.974235	36	selected_species	present	not_selected	NOT_PROMOTED_ONE_PER_SPECIES_SET	Provider record inventoried but not promoted into the fixed one-per-species set; it was not individually subjected to downstream BLAST, domain, or tree QC.
NP_001394669.1	9606	Homo sapiens	672	1815	0.974235	37	selected_species	present	not_selected	NOT_PROMOTED_ONE_PER_SPECIES_SET	Provider record inventoried but not promoted into the fixed one-per-species set; it was not individually subjected to downstream BLAST, domain, or tree QC.
NP_001394670.1	9606	Homo sapiens	672	1815	0.974235	37	selected_species	present	not_selected	NOT_PROMOTED_ONE_PER_SPECIES_SET	Provider record inventoried but not promoted into the fixed one-per-species set; it was not individually subjected to downstream BLAST, domain, or tree QC.
NP_001394671.1	9606	Homo sapiens	672	1815	0.974235	37	selected_species	present	not_selected	NOT_PROMOTED_ONE_PER_SPECIES_SET	Provider record inventoried but not promoted into the fixed one-per-species set; it was not individually subjected to downstream BLAST, domain, or tree QC.
NP_001394672.1	9606	Homo sapiens	672	1815	0.974235	37	selected_species	present	not_selected	NOT_PROMOTED_ONE_PER_SPECIES_SET	Provider record inventoried but not promoted into the fixed one-per-species set; it was not individually subjected to downstream BLAST, domain, or tree QC.
NP_001394673.1	9606	Homo sapiens	672	1815	0.974235	37	selected_species	present	not_selected	NOT_PROMOTED_ONE_PER_SPECIES_SET	Provider record inventoried but not promoted into the fixed one-per-species set; it was not individually subjected to downstream BLAST, domain, or tree QC.
NP_001394674.1	9606	Homo sapiens	672	1815	0.974235	37	selected_species	present	not_selected	NOT_PROMOTED_ONE_PER_SPECIES_SET	Provider record inventoried but not promoted into the fixed one-per-species set; it was not individually subjected to downstream BLAST, domain, or tree QC.
NP_001394675.1	9606	Homo sapiens	672	1815	0.974235	37	selected_species	present	not_selected	NOT_PROMOTED_ONE_PER_SPECIES_SET	Provider record inventoried but not promoted into the fixed one-per-species set; it was not individually subjected to downstream BLAST, domain, or tree QC.
NP_001394676.1	9606	Homo sapiens	672	1815	0.974235	37	selected_species	present	not_selected	NOT_PROMOTED_ONE_PER_SPECIES_SET	Provider record inventoried but not promoted into the fixed one-per-species set; it was not individually subjected to downstream BLAST, domain, or tree QC.
NP_001394677.1	9606	Homo sapiens	672	1815	0.974235	37	selected_species	present	not_selected	NOT_PROMOTED_ONE_PER_SPECIES_SET	Provider record inventoried but not promoted into the fixed one-per-species set; it was not individually subjected to downstream BLAST, domain, or tree QC.
NP_001394678.1	9606	Homo sapiens	672	1815	0.974235	37	selected_species	present	not_selected	NOT_PROMOTED_ONE_PER_SPECIES_SET	Provider record inventoried but not promoted into the fixed one-per-species set; it was not individually subjected to downstream BLAST, domain, or tree QC.
NP_001394679.1	9606	Homo sapiens	672	1815	0.974235	38	selected_species	present	not_selected	NOT_PROMOTED_ONE_PER_SPECIES_SET	Provider record inventoried but not promoted into the fixed one-per-species set; it was not individually subjected to downstream BLAST, domain, or tree QC.
NP_001394680.1	9606	Homo sapiens	672	1815	0.974235	38	selected_species	present	not_selected	NOT_PROMOTED_ONE_PER_SPECIES_SET	Provider record inventoried but not promoted into the fixed one-per-species set; it was not individually subjected to downstream BLAST, domain, or tree QC.
NP_001394681.1	9606	Homo sapiens	672	1815	0.974235	38	selected_species	present	not_selected	NOT_PROMOTED_ONE_PER_SPECIES_SET	Provider record inventoried but not promoted into the fixed one-per-species set; it was not individually subjected to downstream BLAST, domain, or tree QC.
NP_001394767.1	9606	Homo sapiens	672	1814	0.973698	39	selected_species	present	not_selected	NOT_PROMOTED_ONE_PER_SPECIES_SET	Provider record inventoried but not promoted into the fixed one-per-species set; it was not individually subjected to downstream BLAST, domain, or tree QC.
NP_001394768.1	9606	Homo sapiens	672	1814	0.973698	39	selected_species	present	not_selected	NOT_PROMOTED_ONE_PER_SPECIES_SET	Provider record inventoried but not promoted into the fixed one-per-species set; it was not individually subjected to downstream BLAST, domain, or tree QC.
NP_001394770.1	9606	Homo sapiens	672	1814	0.973698	39	selected_species	present	not_selected	NOT_PROMOTED_ONE_PER_SPECIES_SET	Provider record inventoried but not promoted into the fixed one-per-species set; it was not individually subjected to downstream BLAST, domain, or tree QC.
NP_001394771.1	9606	Homo sapiens	672	1814	0.973698	39	selected_species	present	not_selected	NOT_PROMOTED_ONE_PER_SPECIES_SET	Provider record inventoried but not promoted into the fixed one-per-species set; it was not individually subjected to downstream BLAST, domain, or tree QC.
NP_001394772.1	9606	Homo sapiens	672	1814	0.973698	39	selected_species	present	not_selected	NOT_PROMOTED_ONE_PER_SPECIES_SET	Provider record inventoried but not promoted into the fixed one-per-species set; it was not individually subjected to downstream BLAST, domain, or tree QC.
NP_001394773.1	9606	Homo sapiens	672	1814	0.973698	39	selected_species	present	not_selected	NOT_PROMOTED_ONE_PER_SPECIES_SET	Provider record inventoried but not promoted into the fixed one-per-species set; it was not individually subjected to downstream BLAST, domain, or tree QC.
NP_001394774.1	9606	Homo sapiens	672	1814	0.973698	39	selected_species	present	not_selected	NOT_PROMOTED_ONE_PER_SPECIES_SET	Provider record inventoried but not promoted into the fixed one-per-species set; it was not individually subjected to downstream BLAST, domain, or tree QC.
NP_001394775.1	9606	Homo sapiens	672	1814	0.973698	39	selected_species	present	not_selected	NOT_PROMOTED_ONE_PER_SPECIES_SET	Provider record inventoried but not promoted into the fixed one-per-species set; it was not individually subjected to downstream BLAST, domain, or tree QC.
NP_001394776.1	9606	Homo sapiens	672	1814	0.973698	40	selected_species	present	not_selected	NOT_PROMOTED_ONE_PER_SPECIES_SET	Provider record inventoried but not promoted into the fixed one-per-species set; it was not individually subjected to downstream BLAST, domain, or tree QC.
NP_001394777.1	9606	Homo sapiens	672	1814	0.973698	40	selected_species	present	not_selected	NOT_PROMOTED_ONE_PER_SPECIES_SET	Provider record inventoried but not promoted into the fixed one-per-species set; it was not individually subjected to downstream BLAST, domain, or tree QC.
NP_001394778.1	9606	Homo sapiens	672	1814	0.973698	40	selected_species	present	not_selected	NOT_PROMOTED_ONE_PER_SPECIES_SET	Provider record inventoried but not promoted into the fixed one-per-species set; it was not individually subjected to downstream BLAST, domain, or tree QC.
NP_001394779.1	9606	Homo sapiens	672	1814	0.973698	41	selected_species	present	not_selected	NOT_PROMOTED_ONE_PER_SPECIES_SET	Provider record inventoried but not promoted into the fixed one-per-species set; it was not individually subjected to downstream BLAST, domain, or tree QC.
NP_001394780.1	9606	Homo sapiens	672	1814	0.973698	41	selected_species	present	not_selected	NOT_PROMOTED_ONE_PER_SPECIES_SET	Provider record inventoried but not promoted into the fixed one-per-species set; it was not individually subjected to downstream BLAST, domain, or tree QC.
NP_001394781.1	9606	Homo sapiens	672	1814	0.973698	41	selected_species	present	not_selected	NOT_PROMOTED_ONE_PER_SPECIES_SET	Provider record inventoried but not promoted into the fixed one-per-species set; it was not individually subjected to downstream BLAST, domain, or tree QC.
NP_001394782.1	9606	Homo sapiens	672	1814	0.973698	42	selected_species	present	not_selected	NOT_PROMOTED_ONE_PER_SPECIES_SET	Provider record inventoried but not promoted into the fixed one-per-species set; it was not individually subjected to downstream BLAST, domain, or tree QC.
NP_001394783.1	9606	Homo sapiens	672	1803	0.967794	43	selected_species	present	not_selected	NOT_PROMOTED_ONE_PER_SPECIES_SET	Provider record inventoried but not promoted into the fixed one-per-species set; it was not individually subjected to downstream BLAST, domain, or tree QC.
NP_001394787.1	9606	Homo sapiens	672	1802	0.967257	44	selected_species	present	not_selected	NOT_PROMOTED_ONE_PER_SPECIES_SET	Provider record inventoried but not promoted into the fixed one-per-species set; it was not individually subjected to downstream BLAST, domain, or tree QC.
NP_001394788.1	9606	Homo sapiens	672	1802	0.967257	44	selected_species	present	not_selected	NOT_PROMOTED_ONE_PER_SPECIES_SET	Provider record inventoried but not promoted into the fixed one-per-species set; it was not individually subjected to downstream BLAST, domain, or tree QC.
NP_001394789.1	9606	Homo sapiens	672	1802	0.967257	45	selected_species	present	not_selected	NOT_PROMOTED_ONE_PER_SPECIES_SET	Provider record inventoried but not promoted into the fixed one-per-species set; it was not individually subjected to downstream BLAST, domain, or tree QC.
NP_001394790.1	9606	Homo sapiens	672	1801	0.966720	46	selected_species	present	not_selected	NOT_PROMOTED_ONE_PER_SPECIES_SET	Provider record inventoried but not promoted into the fixed one-per-species set; it was not individually subjected to downstream BLAST, domain, or tree QC.
NP_001394791.1	9606	Homo sapiens	672	1796	0.964037	47	selected_species	present	not_selected	NOT_PROMOTED_ONE_PER_SPECIES_SET	Provider record inventoried but not promoted into the fixed one-per-species set; it was not individually subjected to downstream BLAST, domain, or tree QC.
NP_001394792.1	9606	Homo sapiens	672	1795	0.963500	48	selected_species	present	not_selected	NOT_PROMOTED_ONE_PER_SPECIES_SET	Provider record inventoried but not promoted into the fixed one-per-species set; it was not individually subjected to downstream BLAST, domain, or tree QC.
NP_001394803.1	9606	Homo sapiens	672	1794	0.962963	49	selected_species	present	not_selected	NOT_PROMOTED_ONE_PER_SPECIES_SET	Provider record inventoried but not promoted into the fixed one-per-species set; it was not individually subjected to downstream BLAST, domain, or tree QC.
NP_001394804.1	9606	Homo sapiens	672	1794	0.962963	49	selected_species	present	not_selected	NOT_PROMOTED_ONE_PER_SPECIES_SET	Provider record inventoried but not promoted into the fixed one-per-species set; it was not individually subjected to downstream BLAST, domain, or tree QC.
NP_001394808.1	9606	Homo sapiens	672	1793	0.962426	50	selected_species	present	not_selected	NOT_PROMOTED_ONE_PER_SPECIES_SET	Provider record inventoried but not promoted into the fixed one-per-species set; it was not individually subjected to downstream BLAST, domain, or tree QC.
NP_001394810.1	9606	Homo sapiens	672	1793	0.962426	50	selected_species	present	not_selected	NOT_PROMOTED_ONE_PER_SPECIES_SET	Provider record inventoried but not promoted into the fixed one-per-species set; it was not individually subjected to downstream BLAST, domain, or tree QC.
NP_001394811.1	9606	Homo sapiens	672	1793	0.962426	50	selected_species	present	not_selected	NOT_PROMOTED_ONE_PER_SPECIES_SET	Provider record inventoried but not promoted into the fixed one-per-species set; it was not individually subjected to downstream BLAST, domain, or tree QC.
NP_001394813.1	9606	Homo sapiens	672	1793	0.962426	50	selected_species	present	not_selected	NOT_PROMOTED_ONE_PER_SPECIES_SET	Provider record inventoried but not promoted into the fixed one-per-species set; it was not individually subjected to downstream BLAST, domain, or tree QC.
NP_001394814.1	9606	Homo sapiens	672	1793	0.962426	50	selected_species	present	not_selected	NOT_PROMOTED_ONE_PER_SPECIES_SET	Provider record inventoried but not promoted into the fixed one-per-species set; it was not individually subjected to downstream BLAST, domain, or tree QC.
NP_001394815.1	9606	Homo sapiens	672	1793	0.962426	50	selected_species	present	not_selected	NOT_PROMOTED_ONE_PER_SPECIES_SET	Provider record inventoried but not promoted into the fixed one-per-species set; it was not individually subjected to downstream BLAST, domain, or tree QC.
NP_001394816.1	9606	Homo sapiens	672	1793	0.962426	50	selected_species	present	not_selected	NOT_PROMOTED_ONE_PER_SPECIES_SET	Provider record inventoried but not promoted into the fixed one-per-species set; it was not individually subjected to downstream BLAST, domain, or tree QC.
NP_001394818.1	9606	Homo sapiens	672	1793	0.962426	50	selected_species	present	not_selected	NOT_PROMOTED_ONE_PER_SPECIES_SET	Provider record inventoried but not promoted into the fixed one-per-species set; it was not individually subjected to downstream BLAST, domain, or tree QC.
NP_001394823.1	9606	Homo sapiens	672	1792	0.961889	6	selected_species	present	not_selected	NOT_PROMOTED_ONE_PER_SPECIES_SET	Provider record inventoried but not promoted into the fixed one-per-species set; it was not individually subjected to downstream BLAST, domain, or tree QC.
NP_001394824.1	9606	Homo sapiens	672	1792	0.961889	6	selected_species	present	not_selected	NOT_PROMOTED_ONE_PER_SPECIES_SET	Provider record inventoried but not promoted into the fixed one-per-species set; it was not individually subjected to downstream BLAST, domain, or tree QC.
NP_001394825.1	9606	Homo sapiens	672	1792	0.961889	6	selected_species	present	not_selected	NOT_PROMOTED_ONE_PER_SPECIES_SET	Provider record inventoried but not promoted into the fixed one-per-species set; it was not individually subjected to downstream BLAST, domain, or tree QC.
NP_001394826.1	9606	Homo sapiens	672	1792	0.961889	6	selected_species	present	not_selected	NOT_PROMOTED_ONE_PER_SPECIES_SET	Provider record inventoried but not promoted into the fixed one-per-species set; it was not individually subjected to downstream BLAST, domain, or tree QC.
NP_001394827.1	9606	Homo sapiens	672	1792	0.961889	6	selected_species	present	not_selected	NOT_PROMOTED_ONE_PER_SPECIES_SET	Provider record inventoried but not promoted into the fixed one-per-species set; it was not individually subjected to downstream BLAST, domain, or tree QC.
NP_001394828.1	9606	Homo sapiens	672	1792	0.961889	6	selected_species	present	not_selected	NOT_PROMOTED_ONE_PER_SPECIES_SET	Provider record inventoried but not promoted into the fixed one-per-species set; it was not individually subjected to downstream BLAST, domain, or tree QC.
NP_001394829.1	9606	Homo sapiens	672	1792	0.961889	52	selected_species	present	not_selected	NOT_PROMOTED_ONE_PER_SPECIES_SET	Provider record inventoried but not promoted into the fixed one-per-species set; it was not individually subjected to downstream BLAST, domain, or tree QC.
NP_001394831.1	9606	Homo sapiens	672	1792	0.961889	52	selected_species	present	not_selected	NOT_PROMOTED_ONE_PER_SPECIES_SET	Provider record inventoried but not promoted into the fixed one-per-species set; it was not individually subjected to downstream BLAST, domain, or tree QC.
NP_001394833.1	9606	Homo sapiens	672	1792	0.961889	52	selected_species	present	not_selected	NOT_PROMOTED_ONE_PER_SPECIES_SET	Provider record inventoried but not promoted into the fixed one-per-species set; it was not individually subjected to downstream BLAST, domain, or tree QC.
NP_001394835.1	9606	Homo sapiens	672	1792	0.961889	52	selected_species	present	not_selected	NOT_PROMOTED_ONE_PER_SPECIES_SET	Provider record inventoried but not promoted into the fixed one-per-species set; it was not individually subjected to downstream BLAST, domain, or tree QC.
NP_001394836.1	9606	Homo sapiens	672	1792	0.961889	53	selected_species	present	not_selected	NOT_PROMOTED_ONE_PER_SPECIES_SET	Provider record inventoried but not promoted into the fixed one-per-species set; it was not individually subjected to downstream BLAST, domain, or tree QC.
NP_001394837.1	9606	Homo sapiens	672	1792	0.961889	53	selected_species	present	not_selected	NOT_PROMOTED_ONE_PER_SPECIES_SET	Provider record inventoried but not promoted into the fixed one-per-species set; it was not individually subjected to downstream BLAST, domain, or tree QC.
NP_001394838.1	9606	Homo sapiens	672	1792	0.961889	53	selected_species	present	not_selected	NOT_PROMOTED_ONE_PER_SPECIES_SET	Provider record inventoried but not promoted into the fixed one-per-species set; it was not individually subjected to downstream BLAST, domain, or tree QC.
NP_001394839.1	9606	Homo sapiens	672	1792	0.961889	53	selected_species	present	not_selected	NOT_PROMOTED_ONE_PER_SPECIES_SET	Provider record inventoried but not promoted into the fixed one-per-species set; it was not individually subjected to downstream BLAST, domain, or tree QC.
NP_001394844.1	9606	Homo sapiens	672	1791	0.961353	54	selected_species	present	not_selected	NOT_PROMOTED_ONE_PER_SPECIES_SET	Provider record inventoried but not promoted into the fixed one-per-species set; it was not individually subjected to downstream BLAST, domain, or tree QC.
NP_001394845.1	9606	Homo sapiens	672	1791	0.961353	55	selected_species	present	not_selected	NOT_PROMOTED_ONE_PER_SPECIES_SET	Provider record inventoried but not promoted into the fixed one-per-species set; it was not individually subjected to downstream BLAST, domain, or tree QC.
NP_001394846.1	9606	Homo sapiens	672	1791	0.961353	55	selected_species	present	not_selected	NOT_PROMOTED_ONE_PER_SPECIES_SET	Provider record inventoried but not promoted into the fixed one-per-species set; it was not individually subjected to downstream BLAST, domain, or tree QC.
NP_001394847.1	9606	Homo sapiens	672	1791	0.961353	55	selected_species	present	not_selected	NOT_PROMOTED_ONE_PER_SPECIES_SET	Provider record inventoried but not promoted into the fixed one-per-species set; it was not individually subjected to downstream BLAST, domain, or tree QC.
NP_001394848.1	9606	Homo sapiens	672	1779	0.954911	56	selected_species	present	not_selected	NOT_PROMOTED_ONE_PER_SPECIES_SET	Provider record inventoried but not promoted into the fixed one-per-species set; it was not individually subjected to downstream BLAST, domain, or tree QC.
NP_001394849.1	9606	Homo sapiens	672	1775	0.952764	57	selected_species	present	not_selected	NOT_PROMOTED_ONE_PER_SPECIES_SET	Provider record inventoried but not promoted into the fixed one-per-species set; it was not individually subjected to downstream BLAST, domain, or tree QC.
NP_001394850.1	9606	Homo sapiens	672	1775	0.952764	57	selected_species	present	not_selected	NOT_PROMOTED_ONE_PER_SPECIES_SET	Provider record inventoried but not promoted into the fixed one-per-species set; it was not individually subjected to downstream BLAST, domain, or tree QC.
NP_001394851.1	9606	Homo sapiens	672	1775	0.952764	57	selected_species	present	not_selected	NOT_PROMOTED_ONE_PER_SPECIES_SET	Provider record inventoried but not promoted into the fixed one-per-species set; it was not individually subjected to downstream BLAST, domain, or tree QC.
NP_001394852.1	9606	Homo sapiens	672	1775	0.952764	57	selected_species	present	not_selected	NOT_PROMOTED_ONE_PER_SPECIES_SET	Provider record inventoried but not promoted into the fixed one-per-species set; it was not individually subjected to downstream BLAST, domain, or tree QC.
NP_001394853.1	9606	Homo sapiens	672	1775	0.952764	57	selected_species	present	not_selected	NOT_PROMOTED_ONE_PER_SPECIES_SET	Provider record inventoried but not promoted into the fixed one-per-species set; it was not individually subjected to downstream BLAST, domain, or tree QC.
NP_001394854.1	9606	Homo sapiens	672	1775	0.952764	57	selected_species	present	not_selected	NOT_PROMOTED_ONE_PER_SPECIES_SET	Provider record inventoried but not promoted into the fixed one-per-species set; it was not individually subjected to downstream BLAST, domain, or tree QC.
NP_001394855.1	9606	Homo sapiens	672	1775	0.952764	57	selected_species	present	not_selected	NOT_PROMOTED_ONE_PER_SPECIES_SET	Provider record inventoried but not promoted into the fixed one-per-species set; it was not individually subjected to downstream BLAST, domain, or tree QC.
NP_001394856.1	9606	Homo sapiens	672	1774	0.952228	58	selected_species	present	not_selected	NOT_PROMOTED_ONE_PER_SPECIES_SET	Provider record inventoried but not promoted into the fixed one-per-species set; it was not individually subjected to downstream BLAST, domain, or tree QC.
NP_001394857.1	9606	Homo sapiens	672	1774	0.952228	58	selected_species	present	not_selected	NOT_PROMOTED_ONE_PER_SPECIES_SET	Provider record inventoried but not promoted into the fixed one-per-species set; it was not individually subjected to downstream BLAST, domain, or tree QC.
NP_001394858.1	9606	Homo sapiens	672	1774	0.952228	58	selected_species	present	not_selected	NOT_PROMOTED_ONE_PER_SPECIES_SET	Provider record inventoried but not promoted into the fixed one-per-species set; it was not individually subjected to downstream BLAST, domain, or tree QC.
NP_001394859.1	9606	Homo sapiens	672	1774	0.952228	59	selected_species	present	not_selected	NOT_PROMOTED_ONE_PER_SPECIES_SET	Provider record inventoried but not promoted into the fixed one-per-species set; it was not individually subjected to downstream BLAST, domain, or tree QC.
NP_001394860.1	9606	Homo sapiens	672	1774	0.952228	59	selected_species	present	not_selected	NOT_PROMOTED_ONE_PER_SPECIES_SET	Provider record inventoried but not promoted into the fixed one-per-species set; it was not individually subjected to downstream BLAST, domain, or tree QC.
NP_001394861.1	9606	Homo sapiens	672	1774	0.952228	59	selected_species	present	not_selected	NOT_PROMOTED_ONE_PER_SPECIES_SET	Provider record inventoried but not promoted into the fixed one-per-species set; it was not individually subjected to downstream BLAST, domain, or tree QC.
NP_001394862.1	9606	Homo sapiens	672	1774	0.952228	60	selected_species	present	not_selected	NOT_PROMOTED_ONE_PER_SPECIES_SET	Provider record inventoried but not promoted into the fixed one-per-species set; it was not individually subjected to downstream BLAST, domain, or tree QC.
NP_001394863.1	9606	Homo sapiens	672	1773	0.951691	61	selected_species	present	not_selected	NOT_PROMOTED_ONE_PER_SPECIES_SET	Provider record inventoried but not promoted into the fixed one-per-species set; it was not individually subjected to downstream BLAST, domain, or tree QC.
NP_001394864.1	9606	Homo sapiens	672	1773	0.951691	62	selected_species	present	not_selected	NOT_PROMOTED_ONE_PER_SPECIES_SET	Provider record inventoried but not promoted into the fixed one-per-species set; it was not individually subjected to downstream BLAST, domain, or tree QC.
NP_001394865.1	9606	Homo sapiens	672	1773	0.951691	63	selected_species	present	not_selected	NOT_PROMOTED_ONE_PER_SPECIES_SET	Provider record inventoried but not promoted into the fixed one-per-species set; it was not individually subjected to downstream BLAST, domain, or tree QC.
NP_001394866.1	9606	Homo sapiens	672	1762	0.945786	64	selected_species	present	not_selected	NOT_PROMOTED_ONE_PER_SPECIES_SET	Provider record inventoried but not promoted into the fixed one-per-species set; it was not individually subjected to downstream BLAST, domain, or tree QC.
NP_001394867.1	9606	Homo sapiens	672	1762	0.945786	64	selected_species	present	not_selected	NOT_PROMOTED_ONE_PER_SPECIES_SET	Provider record inventoried but not promoted into the fixed one-per-species set; it was not individually subjected to downstream BLAST, domain, or tree QC.
NP_001394868.1	9606	Homo sapiens	672	1761	0.945250	65	selected_species	present	not_selected	NOT_PROMOTED_ONE_PER_SPECIES_SET	Provider record inventoried but not promoted into the fixed one-per-species set; it was not individually subjected to downstream BLAST, domain, or tree QC.
NP_001394869.1	9606	Homo sapiens	672	1761	0.945250	66	selected_species	present	not_selected	NOT_PROMOTED_ONE_PER_SPECIES_SET	Provider record inventoried but not promoted into the fixed one-per-species set; it was not individually subjected to downstream BLAST, domain, or tree QC.
NP_001394870.1	9606	Homo sapiens	672	1760	0.944713	67	selected_species	present	not_selected	NOT_PROMOTED_ONE_PER_SPECIES_SET	Provider record inventoried but not promoted into the fixed one-per-species set; it was not individually subjected to downstream BLAST, domain, or tree QC.
NP_001394871.1	9606	Homo sapiens	672	1756	0.942566	68	selected_species	present	not_selected	NOT_PROMOTED_ONE_PER_SPECIES_SET	Provider record inventoried but not promoted into the fixed one-per-species set; it was not individually subjected to downstream BLAST, domain, or tree QC.
NP_001394872.1	9606	Homo sapiens	672	1755	0.942029	69	selected_species	present	not_selected	NOT_PROMOTED_ONE_PER_SPECIES_SET	Provider record inventoried but not promoted into the fixed one-per-species set; it was not individually subjected to downstream BLAST, domain, or tree QC.
NP_001394873.1	9606	Homo sapiens	672	1755	0.942029	70	selected_species	present	not_selected	NOT_PROMOTED_ONE_PER_SPECIES_SET	Provider record inventoried but not promoted into the fixed one-per-species set; it was not individually subjected to downstream BLAST, domain, or tree QC.
NP_001394874.1	9606	Homo sapiens	672	1755	0.942029	70	selected_species	present	not_selected	NOT_PROMOTED_ONE_PER_SPECIES_SET	Provider record inventoried but not promoted into the fixed one-per-species set; it was not individually subjected to downstream BLAST, domain, or tree QC.
NP_001394875.1	9606	Homo sapiens	672	1752	0.940419	71	selected_species	present	not_selected	NOT_PROMOTED_ONE_PER_SPECIES_SET	Provider record inventoried but not promoted into the fixed one-per-species set; it was not individually subjected to downstream BLAST, domain, or tree QC.
NP_001394876.1	9606	Homo sapiens	672	1752	0.940419	71	selected_species	present	not_selected	NOT_PROMOTED_ONE_PER_SPECIES_SET	Provider record inventoried but not promoted into the fixed one-per-species set; it was not individually subjected to downstream BLAST, domain, or tree QC.
NP_001394877.1	9606	Homo sapiens	672	1752	0.940419	71	selected_species	present	not_selected	NOT_PROMOTED_ONE_PER_SPECIES_SET	Provider record inventoried but not promoted into the fixed one-per-species set; it was not individually subjected to downstream BLAST, domain, or tree QC.
NP_001394878.1	9606	Homo sapiens	672	1752	0.940419	71	selected_species	present	not_selected	NOT_PROMOTED_ONE_PER_SPECIES_SET	Provider record inventoried but not promoted into the fixed one-per-species set; it was not individually subjected to downstream BLAST, domain, or tree QC.
NP_001394879.1	9606	Homo sapiens	672	1751	0.939882	72	selected_species	present	not_selected	NOT_PROMOTED_ONE_PER_SPECIES_SET	Provider record inventoried but not promoted into the fixed one-per-species set; it was not individually subjected to downstream BLAST, domain, or tree QC.
NP_001394880.1	9606	Homo sapiens	672	1751	0.939882	72	selected_species	present	not_selected	NOT_PROMOTED_ONE_PER_SPECIES_SET	Provider record inventoried but not promoted into the fixed one-per-species set; it was not individually subjected to downstream BLAST, domain, or tree QC.
NP_001394881.1	9606	Homo sapiens	672	1751	0.939882	73	selected_species	present	not_selected	NOT_PROMOTED_ONE_PER_SPECIES_SET	Provider record inventoried but not promoted into the fixed one-per-species set; it was not individually subjected to downstream BLAST, domain, or tree QC.
NP_001394882.1	9606	Homo sapiens	672	1751	0.939882	73	selected_species	present	not_selected	NOT_PROMOTED_ONE_PER_SPECIES_SET	Provider record inventoried but not promoted into the fixed one-per-species set; it was not individually subjected to downstream BLAST, domain, or tree QC.
NP_001394883.1	9606	Homo sapiens	672	1751	0.939882	74	selected_species	present	not_selected	NOT_PROMOTED_ONE_PER_SPECIES_SET	Provider record inventoried but not promoted into the fixed one-per-species set; it was not individually subjected to downstream BLAST, domain, or tree QC.
NP_001394884.1	9606	Homo sapiens	672	1751	0.939882	74	selected_species	present	not_selected	NOT_PROMOTED_ONE_PER_SPECIES_SET	Provider record inventoried but not promoted into the fixed one-per-species set; it was not individually subjected to downstream BLAST, domain, or tree QC.
NP_001394885.1	9606	Homo sapiens	672	1750	0.939345	75	selected_species	present	not_selected	NOT_PROMOTED_ONE_PER_SPECIES_SET	Provider record inventoried but not promoted into the fixed one-per-species set; it was not individually subjected to downstream BLAST, domain, or tree QC.
NP_001394886.1	9606	Homo sapiens	672	1750	0.939345	76	selected_species	present	not_selected	NOT_PROMOTED_ONE_PER_SPECIES_SET	Provider record inventoried but not promoted into the fixed one-per-species set; it was not individually subjected to downstream BLAST, domain, or tree QC.
NP_001394887.1	9606	Homo sapiens	672	1750	0.939345	77	selected_species	present	not_selected	NOT_PROMOTED_ONE_PER_SPECIES_SET	Provider record inventoried but not promoted into the fixed one-per-species set; it was not individually subjected to downstream BLAST, domain, or tree QC.
NP_001394888.1	9606	Homo sapiens	672	1736	0.931830	78	selected_species	present	not_selected	NOT_PROMOTED_ONE_PER_SPECIES_SET	Provider record inventoried but not promoted into the fixed one-per-species set; it was not individually subjected to downstream BLAST, domain, or tree QC.
NP_001394889.1	9606	Homo sapiens	672	1735	0.931294	79	selected_species	present	not_selected	NOT_PROMOTED_ONE_PER_SPECIES_SET	Provider record inventoried but not promoted into the fixed one-per-species set; it was not individually subjected to downstream BLAST, domain, or tree QC.
NP_001394891.1	9606	Homo sapiens	672	1735	0.931294	80	selected_species	present	not_selected	NOT_PROMOTED_ONE_PER_SPECIES_SET	Provider record inventoried but not promoted into the fixed one-per-species set; it was not individually subjected to downstream BLAST, domain, or tree QC.
NP_001394892.1	9606	Homo sapiens	672	1734	0.930757	81	selected_species	present	not_selected	NOT_PROMOTED_ONE_PER_SPECIES_SET	Provider record inventoried but not promoted into the fixed one-per-species set; it was not individually subjected to downstream BLAST, domain, or tree QC.
NP_001394893.1	9606	Homo sapiens	672	1709	0.917338	82	selected_species	present	not_selected	NOT_PROMOTED_ONE_PER_SPECIES_SET	Provider record inventoried but not promoted into the fixed one-per-species set; it was not individually subjected to downstream BLAST, domain, or tree QC.
NP_001394894.1	9606	Homo sapiens	672	1694	0.909286	83	selected_species	present	not_selected	NOT_PROMOTED_ONE_PER_SPECIES_SET	Provider record inventoried but not promoted into the fixed one-per-species set; it was not individually subjected to downstream BLAST, domain, or tree QC.
NP_001394895.1	9606	Homo sapiens	672	1567	0.841116	84	selected_species	present	not_selected	NOT_PROMOTED_ONE_PER_SPECIES_SET	Provider record inventoried but not promoted into the fixed one-per-species set; it was not individually subjected to downstream BLAST, domain, or tree QC.
NP_001394896.1	9606	Homo sapiens	672	1566	0.840580	85	selected_species	present	not_selected	NOT_PROMOTED_ONE_PER_SPECIES_SET	Provider record inventoried but not promoted into the fixed one-per-species set; it was not individually subjected to downstream BLAST, domain, or tree QC.
NP_001394897.1	9606	Homo sapiens	672	995	0.534085	86	selected_species	present	not_selected	NOT_PROMOTED_ONE_PER_SPECIES_SET	Provider record inventoried but not promoted into the fixed one-per-species set; it was not individually subjected to downstream BLAST, domain, or tree QC.
NP_001394898.1	9606	Homo sapiens	672	994	0.533548	87	selected_species	present	not_selected	NOT_PROMOTED_ONE_PER_SPECIES_SET	Provider record inventoried but not promoted into the fixed one-per-species set; it was not individually subjected to downstream BLAST, domain, or tree QC.
NP_001394899.1	9606	Homo sapiens	672	782	0.419753	88	selected_species	present	not_selected	NOT_PROMOTED_ONE_PER_SPECIES_SET	Provider record inventoried but not promoted into the fixed one-per-species set; it was not individually subjected to downstream BLAST, domain, or tree QC.
NP_001394900.1	9606	Homo sapiens	672	782	0.419753	88	selected_species	present	not_selected	NOT_PROMOTED_ONE_PER_SPECIES_SET	Provider record inventoried but not promoted into the fixed one-per-species set; it was not individually subjected to downstream BLAST, domain, or tree QC.
NP_001394901.1	9606	Homo sapiens	672	781	0.419216	89	selected_species	present	not_selected	NOT_PROMOTED_ONE_PER_SPECIES_SET	Provider record inventoried but not promoted into the fixed one-per-species set; it was not individually subjected to downstream BLAST, domain, or tree QC.
NP_001394902.1	9606	Homo sapiens	672	760	0.407944	90	selected_species	present	not_selected	NOT_PROMOTED_ONE_PER_SPECIES_SET	Provider record inventoried but not promoted into the fixed one-per-species set; it was not individually subjected to downstream BLAST, domain, or tree QC.
NP_001394903.1	9606	Homo sapiens	672	760	0.407944	90	selected_species	present	not_selected	NOT_PROMOTED_ONE_PER_SPECIES_SET	Provider record inventoried but not promoted into the fixed one-per-species set; it was not individually subjected to downstream BLAST, domain, or tree QC.
NP_001394904.1	9606	Homo sapiens	672	760	0.407944	90	selected_species	present	not_selected	NOT_PROMOTED_ONE_PER_SPECIES_SET	Provider record inventoried but not promoted into the fixed one-per-species set; it was not individually subjected to downstream BLAST, domain, or tree QC.
NP_001394905.1	9606	Homo sapiens	672	760	0.407944	90	selected_species	present	not_selected	NOT_PROMOTED_ONE_PER_SPECIES_SET	Provider record inventoried but not promoted into the fixed one-per-species set; it was not individually subjected to downstream BLAST, domain, or tree QC.
NP_001394906.1	9606	Homo sapiens	672	760	0.407944	90	selected_species	present	not_selected	NOT_PROMOTED_ONE_PER_SPECIES_SET	Provider record inventoried but not promoted into the fixed one-per-species set; it was not individually subjected to downstream BLAST, domain, or tree QC.
NP_001394907.1	9606	Homo sapiens	672	760	0.407944	90	selected_species	present	not_selected	NOT_PROMOTED_ONE_PER_SPECIES_SET	Provider record inventoried but not promoted into the fixed one-per-species set; it was not individually subjected to downstream BLAST, domain, or tree QC.
NP_001394908.1	9606	Homo sapiens	672	759	0.407407	91	selected_species	present	not_selected	NOT_PROMOTED_ONE_PER_SPECIES_SET	Provider record inventoried but not promoted into the fixed one-per-species set; it was not individually subjected to downstream BLAST, domain, or tree QC.
NP_001394909.1	9606	Homo sapiens	672	759	0.407407	91	selected_species	present	not_selected	NOT_PROMOTED_ONE_PER_SPECIES_SET	Provider record inventoried but not promoted into the fixed one-per-species set; it was not individually subjected to downstream BLAST, domain, or tree QC.
NP_001394910.1	9606	Homo sapiens	672	759	0.407407	91	selected_species	present	not_selected	NOT_PROMOTED_ONE_PER_SPECIES_SET	Provider record inventoried but not promoted into the fixed one-per-species set; it was not individually subjected to downstream BLAST, domain, or tree QC.
NP_001394911.1	9606	Homo sapiens	672	759	0.407407	91	selected_species	present	not_selected	NOT_PROMOTED_ONE_PER_SPECIES_SET	Provider record inventoried but not promoted into the fixed one-per-species set; it was not individually subjected to downstream BLAST, domain, or tree QC.
NP_001394912.1	9606	Homo sapiens	672	759	0.407407	91	selected_species	present	not_selected	NOT_PROMOTED_ONE_PER_SPECIES_SET	Provider record inventoried but not promoted into the fixed one-per-species set; it was not individually subjected to downstream BLAST, domain, or tree QC.
NP_001394913.1	9606	Homo sapiens	672	759	0.407407	92	selected_species	present	not_selected	NOT_PROMOTED_ONE_PER_SPECIES_SET	Provider record inventoried but not promoted into the fixed one-per-species set; it was not individually subjected to downstream BLAST, domain, or tree QC.
NP_001394914.1	9606	Homo sapiens	672	759	0.407407	92	selected_species	present	not_selected	NOT_PROMOTED_ONE_PER_SPECIES_SET	Provider record inventoried but not promoted into the fixed one-per-species set; it was not individually subjected to downstream BLAST, domain, or tree QC.
NP_001394915.1	9606	Homo sapiens	672	759	0.407407	92	selected_species	present	not_selected	NOT_PROMOTED_ONE_PER_SPECIES_SET	Provider record inventoried but not promoted into the fixed one-per-species set; it was not individually subjected to downstream BLAST, domain, or tree QC.
NP_001394919.1	9606	Homo sapiens	672	759	0.407407	91	selected_species	present	not_selected	NOT_PROMOTED_ONE_PER_SPECIES_SET	Provider record inventoried but not promoted into the fixed one-per-species set; it was not individually subjected to downstream BLAST, domain, or tree QC.
NP_001394920.1	9606	Homo sapiens	672	759	0.407407	92	selected_species	present	not_selected	NOT_PROMOTED_ONE_PER_SPECIES_SET	Provider record inventoried but not promoted into the fixed one-per-species set; it was not individually subjected to downstream BLAST, domain, or tree QC.
NP_001394921.1	9606	Homo sapiens	672	759	0.407407	92	selected_species	present	not_selected	NOT_PROMOTED_ONE_PER_SPECIES_SET	Provider record inventoried but not promoted into the fixed one-per-species set; it was not individually subjected to downstream BLAST, domain, or tree QC.
NP_001394922.1	9606	Homo sapiens	672	759	0.407407	4	selected_species	present	not_selected	NOT_PROMOTED_ONE_PER_SPECIES_SET	Provider record inventoried but not promoted into the fixed one-per-species set; it was not individually subjected to downstream BLAST, domain, or tree QC.
NP_001395321.1	9606	Homo sapiens	672	758	0.406871	94	selected_species	present	not_selected	NOT_PROMOTED_ONE_PER_SPECIES_SET	Provider record inventoried but not promoted into the fixed one-per-species set; it was not individually subjected to downstream BLAST, domain, or tree QC.
NP_001395325.1	9606	Homo sapiens	672	758	0.406871	94	selected_species	present	not_selected	NOT_PROMOTED_ONE_PER_SPECIES_SET	Provider record inventoried but not promoted into the fixed one-per-species set; it was not individually subjected to downstream BLAST, domain, or tree QC.
NP_001395326.1	9606	Homo sapiens	672	758	0.406871	94	selected_species	present	not_selected	NOT_PROMOTED_ONE_PER_SPECIES_SET	Provider record inventoried but not promoted into the fixed one-per-species set; it was not individually subjected to downstream BLAST, domain, or tree QC.
NP_001395327.1	9606	Homo sapiens	672	758	0.406871	94	selected_species	present	not_selected	NOT_PROMOTED_ONE_PER_SPECIES_SET	Provider record inventoried but not promoted into the fixed one-per-species set; it was not individually subjected to downstream BLAST, domain, or tree QC.
NP_001395328.1	9606	Homo sapiens	672	758	0.406871	94	selected_species	present	not_selected	NOT_PROMOTED_ONE_PER_SPECIES_SET	Provider record inventoried but not promoted into the fixed one-per-species set; it was not individually subjected to downstream BLAST, domain, or tree QC.
NP_001395329.1	9606	Homo sapiens	672	758	0.406871	95	selected_species	present	not_selected	NOT_PROMOTED_ONE_PER_SPECIES_SET	Provider record inventoried but not promoted into the fixed one-per-species set; it was not individually subjected to downstream BLAST, domain, or tree QC.
NP_001395330.1	9606	Homo sapiens	672	758	0.406871	95	selected_species	present	not_selected	NOT_PROMOTED_ONE_PER_SPECIES_SET	Provider record inventoried but not promoted into the fixed one-per-species set; it was not individually subjected to downstream BLAST, domain, or tree QC.
NP_001395331.1	9606	Homo sapiens	672	758	0.406871	95	selected_species	present	not_selected	NOT_PROMOTED_ONE_PER_SPECIES_SET	Provider record inventoried but not promoted into the fixed one-per-species set; it was not individually subjected to downstream BLAST, domain, or tree QC.
NP_001395332.1	9606	Homo sapiens	672	758	0.406871	96	selected_species	present	not_selected	NOT_PROMOTED_ONE_PER_SPECIES_SET	Provider record inventoried but not promoted into the fixed one-per-species set; it was not individually subjected to downstream BLAST, domain, or tree QC.
NP_001395333.1	9606	Homo sapiens	672	758	0.406871	96	selected_species	present	not_selected	NOT_PROMOTED_ONE_PER_SPECIES_SET	Provider record inventoried but not promoted into the fixed one-per-species set; it was not individually subjected to downstream BLAST, domain, or tree QC.
NP_001395335.1	9606	Homo sapiens	672	757	0.406334	97	selected_species	present	not_selected	NOT_PROMOTED_ONE_PER_SPECIES_SET	Provider record inventoried but not promoted into the fixed one-per-species set; it was not individually subjected to downstream BLAST, domain, or tree QC.
NP_001395336.1	9606	Homo sapiens	672	757	0.406334	98	selected_species	present	not_selected	NOT_PROMOTED_ONE_PER_SPECIES_SET	Provider record inventoried but not promoted into the fixed one-per-species set; it was not individually subjected to downstream BLAST, domain, or tree QC.
NP_001395337.1	9606	Homo sapiens	672	757	0.406334	99	selected_species	present	not_selected	NOT_PROMOTED_ONE_PER_SPECIES_SET	Provider record inventoried but not promoted into the fixed one-per-species set; it was not individually subjected to downstream BLAST, domain, or tree QC.
NP_001395338.1	9606	Homo sapiens	672	756	0.405797	100	selected_species	present	not_selected	NOT_PROMOTED_ONE_PER_SPECIES_SET	Provider record inventoried but not promoted into the fixed one-per-species set; it was not individually subjected to downstream BLAST, domain, or tree QC.
NP_001395339.1	9606	Homo sapiens	672	735	0.394525	101	selected_species	present	not_selected	NOT_PROMOTED_ONE_PER_SPECIES_SET	Provider record inventoried but not promoted into the fixed one-per-species set; it was not individually subjected to downstream BLAST, domain, or tree QC.
NP_001395340.1	9606	Homo sapiens	672	734	0.393988	102	selected_species	present	not_selected	NOT_PROMOTED_ONE_PER_SPECIES_SET	Provider record inventoried but not promoted into the fixed one-per-species set; it was not individually subjected to downstream BLAST, domain, or tree QC.
NP_001395341.1	9606	Homo sapiens	672	733	0.393451	103	selected_species	present	not_selected	NOT_PROMOTED_ONE_PER_SPECIES_SET	Provider record inventoried but not promoted into the fixed one-per-species set; it was not individually subjected to downstream BLAST, domain, or tree QC.
NP_001395342.1	9606	Homo sapiens	672	733	0.393451	104	selected_species	present	not_selected	NOT_PROMOTED_ONE_PER_SPECIES_SET	Provider record inventoried but not promoted into the fixed one-per-species set; it was not individually subjected to downstream BLAST, domain, or tree QC.
NP_001395343.1	9606	Homo sapiens	672	733	0.393451	103	selected_species	present	not_selected	NOT_PROMOTED_ONE_PER_SPECIES_SET	Provider record inventoried but not promoted into the fixed one-per-species set; it was not individually subjected to downstream BLAST, domain, or tree QC.
NP_001395344.1	9606	Homo sapiens	672	733	0.393451	103	selected_species	present	not_selected	NOT_PROMOTED_ONE_PER_SPECIES_SET	Provider record inventoried but not promoted into the fixed one-per-species set; it was not individually subjected to downstream BLAST, domain, or tree QC.
NP_001395345.1	9606	Homo sapiens	672	733	0.393451	104	selected_species	present	not_selected	NOT_PROMOTED_ONE_PER_SPECIES_SET	Provider record inventoried but not promoted into the fixed one-per-species set; it was not individually subjected to downstream BLAST, domain, or tree QC.
NP_001395347.1	9606	Homo sapiens	672	721	0.387010	105	selected_species	present	not_selected	NOT_PROMOTED_ONE_PER_SPECIES_SET	Provider record inventoried but not promoted into the fixed one-per-species set; it was not individually subjected to downstream BLAST, domain, or tree QC.
NP_001395348.1	9606	Homo sapiens	672	721	0.387010	105	selected_species	present	not_selected	NOT_PROMOTED_ONE_PER_SPECIES_SET	Provider record inventoried but not promoted into the fixed one-per-species set; it was not individually subjected to downstream BLAST, domain, or tree QC.
NP_001395349.1	9606	Homo sapiens	672	721	0.387010	105	selected_species	present	not_selected	NOT_PROMOTED_ONE_PER_SPECIES_SET	Provider record inventoried but not promoted into the fixed one-per-species set; it was not individually subjected to downstream BLAST, domain, or tree QC.
NP_001395350.1	9606	Homo sapiens	672	720	0.386473	106	selected_species	present	not_selected	NOT_PROMOTED_ONE_PER_SPECIES_SET	Provider record inventoried but not promoted into the fixed one-per-species set; it was not individually subjected to downstream BLAST, domain, or tree QC.
NP_001395351.1	9606	Homo sapiens	672	720	0.386473	107	selected_species	present	not_selected	NOT_PROMOTED_ONE_PER_SPECIES_SET	Provider record inventoried but not promoted into the fixed one-per-species set; it was not individually subjected to downstream BLAST, domain, or tree QC.
NP_001395352.1	9606	Homo sapiens	672	720	0.386473	107	selected_species	present	not_selected	NOT_PROMOTED_ONE_PER_SPECIES_SET	Provider record inventoried but not promoted into the fixed one-per-species set; it was not individually subjected to downstream BLAST, domain, or tree QC.
NP_001395353.1	9606	Homo sapiens	672	720	0.386473	106	selected_species	present	not_selected	NOT_PROMOTED_ONE_PER_SPECIES_SET	Provider record inventoried but not promoted into the fixed one-per-species set; it was not individually subjected to downstream BLAST, domain, or tree QC.
NP_001395354.1	9606	Homo sapiens	672	719	0.385937	108	selected_species	present	not_selected	NOT_PROMOTED_ONE_PER_SPECIES_SET	Provider record inventoried but not promoted into the fixed one-per-species set; it was not individually subjected to downstream BLAST, domain, or tree QC.
NP_001395355.1	9606	Homo sapiens	672	719	0.385937	108	selected_species	present	not_selected	NOT_PROMOTED_ONE_PER_SPECIES_SET	Provider record inventoried but not promoted into the fixed one-per-species set; it was not individually subjected to downstream BLAST, domain, or tree QC.
NP_001395356.1	9606	Homo sapiens	672	719	0.385937	108	selected_species	present	not_selected	NOT_PROMOTED_ONE_PER_SPECIES_SET	Provider record inventoried but not promoted into the fixed one-per-species set; it was not individually subjected to downstream BLAST, domain, or tree QC.
NP_001395357.1	9606	Homo sapiens	672	719	0.385937	108	selected_species	present	not_selected	NOT_PROMOTED_ONE_PER_SPECIES_SET	Provider record inventoried but not promoted into the fixed one-per-species set; it was not individually subjected to downstream BLAST, domain, or tree QC.
NP_001395358.1	9606	Homo sapiens	672	719	0.385937	108	selected_species	present	not_selected	NOT_PROMOTED_ONE_PER_SPECIES_SET	Provider record inventoried but not promoted into the fixed one-per-species set; it was not individually subjected to downstream BLAST, domain, or tree QC.
NP_001395359.1	9606	Homo sapiens	672	719	0.385937	108	selected_species	present	not_selected	NOT_PROMOTED_ONE_PER_SPECIES_SET	Provider record inventoried but not promoted into the fixed one-per-species set; it was not individually subjected to downstream BLAST, domain, or tree QC.
NP_001395360.1	9606	Homo sapiens	672	719	0.385937	109	selected_species	present	not_selected	NOT_PROMOTED_ONE_PER_SPECIES_SET	Provider record inventoried but not promoted into the fixed one-per-species set; it was not individually subjected to downstream BLAST, domain, or tree QC.
NP_001395361.1	9606	Homo sapiens	672	718	0.385400	110	selected_species	present	not_selected	NOT_PROMOTED_ONE_PER_SPECIES_SET	Provider record inventoried but not promoted into the fixed one-per-species set; it was not individually subjected to downstream BLAST, domain, or tree QC.
NP_001395362.1	9606	Homo sapiens	672	718	0.385400	110	selected_species	present	not_selected	NOT_PROMOTED_ONE_PER_SPECIES_SET	Provider record inventoried but not promoted into the fixed one-per-species set; it was not individually subjected to downstream BLAST, domain, or tree QC.
NP_001395363.1	9606	Homo sapiens	672	718	0.385400	110	selected_species	present	not_selected	NOT_PROMOTED_ONE_PER_SPECIES_SET	Provider record inventoried but not promoted into the fixed one-per-species set; it was not individually subjected to downstream BLAST, domain, or tree QC.
NP_001395364.1	9606	Homo sapiens	672	718	0.385400	110	selected_species	present	not_selected	NOT_PROMOTED_ONE_PER_SPECIES_SET	Provider record inventoried but not promoted into the fixed one-per-species set; it was not individually subjected to downstream BLAST, domain, or tree QC.
NP_001395365.1	9606	Homo sapiens	672	718	0.385400	111	selected_species	present	not_selected	NOT_PROMOTED_ONE_PER_SPECIES_SET	Provider record inventoried but not promoted into the fixed one-per-species set; it was not individually subjected to downstream BLAST, domain, or tree QC.
NP_001395366.1	9606	Homo sapiens	672	718	0.385400	111	selected_species	present	not_selected	NOT_PROMOTED_ONE_PER_SPECIES_SET	Provider record inventoried but not promoted into the fixed one-per-species set; it was not individually subjected to downstream BLAST, domain, or tree QC.
NP_001395367.1	9606	Homo sapiens	672	718	0.385400	111	selected_species	present	not_selected	NOT_PROMOTED_ONE_PER_SPECIES_SET	Provider record inventoried but not promoted into the fixed one-per-species set; it was not individually subjected to downstream BLAST, domain, or tree QC.
NP_001395368.1	9606	Homo sapiens	672	718	0.385400	111	selected_species	present	not_selected	NOT_PROMOTED_ONE_PER_SPECIES_SET	Provider record inventoried but not promoted into the fixed one-per-species set; it was not individually subjected to downstream BLAST, domain, or tree QC.
NP_001395369.1	9606	Homo sapiens	672	718	0.385400	111	selected_species	present	not_selected	NOT_PROMOTED_ONE_PER_SPECIES_SET	Provider record inventoried but not promoted into the fixed one-per-species set; it was not individually subjected to downstream BLAST, domain, or tree QC.
NP_001395370.1	9606	Homo sapiens	672	718	0.385400	112	selected_species	present	not_selected	NOT_PROMOTED_ONE_PER_SPECIES_SET	Provider record inventoried but not promoted into the fixed one-per-species set; it was not individually subjected to downstream BLAST, domain, or tree QC.
NP_001395371.1	9606	Homo sapiens	672	718	0.385400	112	selected_species	present	not_selected	NOT_PROMOTED_ONE_PER_SPECIES_SET	Provider record inventoried but not promoted into the fixed one-per-species set; it was not individually subjected to downstream BLAST, domain, or tree QC.
NP_001395372.1	9606	Homo sapiens	672	718	0.385400	112	selected_species	present	not_selected	NOT_PROMOTED_ONE_PER_SPECIES_SET	Provider record inventoried but not promoted into the fixed one-per-species set; it was not individually subjected to downstream BLAST, domain, or tree QC.
NP_001395373.1	9606	Homo sapiens	672	718	0.385400	112	selected_species	present	not_selected	NOT_PROMOTED_ONE_PER_SPECIES_SET	Provider record inventoried but not promoted into the fixed one-per-species set; it was not individually subjected to downstream BLAST, domain, or tree QC.
NP_001395374.1	9606	Homo sapiens	672	717	0.384863	113	selected_species	present	not_selected	NOT_PROMOTED_ONE_PER_SPECIES_SET	Provider record inventoried but not promoted into the fixed one-per-species set; it was not individually subjected to downstream BLAST, domain, or tree QC.
NP_001395375.1	9606	Homo sapiens	672	717	0.384863	113	selected_species	present	not_selected	NOT_PROMOTED_ONE_PER_SPECIES_SET	Provider record inventoried but not promoted into the fixed one-per-species set; it was not individually subjected to downstream BLAST, domain, or tree QC.
NP_001395376.1	9606	Homo sapiens	672	717	0.384863	113	selected_species	present	not_selected	NOT_PROMOTED_ONE_PER_SPECIES_SET	Provider record inventoried but not promoted into the fixed one-per-species set; it was not individually subjected to downstream BLAST, domain, or tree QC.
NP_001395377.1	9606	Homo sapiens	672	717	0.384863	113	selected_species	present	not_selected	NOT_PROMOTED_ONE_PER_SPECIES_SET	Provider record inventoried but not promoted into the fixed one-per-species set; it was not individually subjected to downstream BLAST, domain, or tree QC.
NP_001395379.1	9606	Homo sapiens	672	717	0.384863	113	selected_species	present	not_selected	NOT_PROMOTED_ONE_PER_SPECIES_SET	Provider record inventoried but not promoted into the fixed one-per-species set; it was not individually subjected to downstream BLAST, domain, or tree QC.
NP_001395380.1	9606	Homo sapiens	672	715	0.383790	114	selected_species	present	not_selected	NOT_PROMOTED_ONE_PER_SPECIES_SET	Provider record inventoried but not promoted into the fixed one-per-species set; it was not individually subjected to downstream BLAST, domain, or tree QC.
NP_001395381.1	9606	Homo sapiens	672	713	0.382716	115	selected_species	present	not_selected	NOT_PROMOTED_ONE_PER_SPECIES_SET	Provider record inventoried but not promoted into the fixed one-per-species set; it was not individually subjected to downstream BLAST, domain, or tree QC.
NP_001395382.1	9606	Homo sapiens	672	713	0.382716	115	selected_species	present	not_selected	NOT_PROMOTED_ONE_PER_SPECIES_SET	Provider record inventoried but not promoted into the fixed one-per-species set; it was not individually subjected to downstream BLAST, domain, or tree QC.
NP_001395383.1	9606	Homo sapiens	672	713	0.382716	115	selected_species	present	not_selected	NOT_PROMOTED_ONE_PER_SPECIES_SET	Provider record inventoried but not promoted into the fixed one-per-species set; it was not individually subjected to downstream BLAST, domain, or tree QC.
NP_001395384.1	9606	Homo sapiens	672	713	0.382716	115	selected_species	present	not_selected	NOT_PROMOTED_ONE_PER_SPECIES_SET	Provider record inventoried but not promoted into the fixed one-per-species set; it was not individually subjected to downstream BLAST, domain, or tree QC.
NP_001395385.1	9606	Homo sapiens	672	713	0.382716	115	selected_species	present	not_selected	NOT_PROMOTED_ONE_PER_SPECIES_SET	Provider record inventoried but not promoted into the fixed one-per-species set; it was not individually subjected to downstream BLAST, domain, or tree QC.
NP_001395386.1	9606	Homo sapiens	672	713	0.382716	115	selected_species	present	not_selected	NOT_PROMOTED_ONE_PER_SPECIES_SET	Provider record inventoried but not promoted into the fixed one-per-species set; it was not individually subjected to downstream BLAST, domain, or tree QC.
NP_001395387.1	9606	Homo sapiens	672	712	0.382179	116	selected_species	present	not_selected	NOT_PROMOTED_ONE_PER_SPECIES_SET	Provider record inventoried but not promoted into the fixed one-per-species set; it was not individually subjected to downstream BLAST, domain, or tree QC.
NP_001395388.1	9606	Homo sapiens	672	712	0.382179	116	selected_species	present	not_selected	NOT_PROMOTED_ONE_PER_SPECIES_SET	Provider record inventoried but not promoted into the fixed one-per-species set; it was not individually subjected to downstream BLAST, domain, or tree QC.
NP_001395389.1	9606	Homo sapiens	672	712	0.382179	116	selected_species	present	not_selected	NOT_PROMOTED_ONE_PER_SPECIES_SET	Provider record inventoried but not promoted into the fixed one-per-species set; it was not individually subjected to downstream BLAST, domain, or tree QC.
NP_001395390.1	9606	Homo sapiens	672	712	0.382179	116	selected_species	present	not_selected	NOT_PROMOTED_ONE_PER_SPECIES_SET	Provider record inventoried but not promoted into the fixed one-per-species set; it was not individually subjected to downstream BLAST, domain, or tree QC.
NP_001395391.1	9606	Homo sapiens	672	712	0.382179	117	selected_species	present	not_selected	NOT_PROMOTED_ONE_PER_SPECIES_SET	Provider record inventoried but not promoted into the fixed one-per-species set; it was not individually subjected to downstream BLAST, domain, or tree QC.
NP_001395392.1	9606	Homo sapiens	672	712	0.382179	117	selected_species	present	not_selected	NOT_PROMOTED_ONE_PER_SPECIES_SET	Provider record inventoried but not promoted into the fixed one-per-species set; it was not individually subjected to downstream BLAST, domain, or tree QC.
NP_001395393.1	9606	Homo sapiens	672	712	0.382179	117	selected_species	present	not_selected	NOT_PROMOTED_ONE_PER_SPECIES_SET	Provider record inventoried but not promoted into the fixed one-per-species set; it was not individually subjected to downstream BLAST, domain, or tree QC.
NP_001395394.1	9606	Homo sapiens	672	712	0.382179	117	selected_species	present	not_selected	NOT_PROMOTED_ONE_PER_SPECIES_SET	Provider record inventoried but not promoted into the fixed one-per-species set; it was not individually subjected to downstream BLAST, domain, or tree QC.
NP_001395395.1	9606	Homo sapiens	672	712	0.382179	118	selected_species	present	not_selected	NOT_PROMOTED_ONE_PER_SPECIES_SET	Provider record inventoried but not promoted into the fixed one-per-species set; it was not individually subjected to downstream BLAST, domain, or tree QC.
NP_001395396.1	9606	Homo sapiens	672	712	0.382179	118	selected_species	present	not_selected	NOT_PROMOTED_ONE_PER_SPECIES_SET	Provider record inventoried but not promoted into the fixed one-per-species set; it was not individually subjected to downstream BLAST, domain, or tree QC.
NP_001395397.1	9606	Homo sapiens	672	711	0.381643	119	selected_species	present	not_selected	NOT_PROMOTED_ONE_PER_SPECIES_SET	Provider record inventoried but not promoted into the fixed one-per-species set; it was not individually subjected to downstream BLAST, domain, or tree QC.
NP_001395398.1	9606	Homo sapiens	672	711	0.381643	120	selected_species	present	not_selected	NOT_PROMOTED_ONE_PER_SPECIES_SET	Provider record inventoried but not promoted into the fixed one-per-species set; it was not individually subjected to downstream BLAST, domain, or tree QC.
NP_001395399.1	9606	Homo sapiens	672	711	0.381643	121	selected_species	present	not_selected	NOT_PROMOTED_ONE_PER_SPECIES_SET	Provider record inventoried but not promoted into the fixed one-per-species set; it was not individually subjected to downstream BLAST, domain, or tree QC.
NP_001395401.1	9606	Homo sapiens	672	699	0.375201	122	selected_species	present	not_selected	NOT_PROMOTED_ONE_PER_SPECIES_SET	Provider record inventoried but not promoted into the fixed one-per-species set; it was not individually subjected to downstream BLAST, domain, or tree QC.
NP_001395402.1	9606	Homo sapiens	672	698	0.374665	123	selected_species	present	not_selected	NOT_PROMOTED_ONE_PER_SPECIES_SET	Provider record inventoried but not promoted into the fixed one-per-species set; it was not individually subjected to downstream BLAST, domain, or tree QC.
NP_001395403.1	9606	Homo sapiens	672	693	0.371981	124	selected_species	present	not_selected	NOT_PROMOTED_ONE_PER_SPECIES_SET	Provider record inventoried but not promoted into the fixed one-per-species set; it was not individually subjected to downstream BLAST, domain, or tree QC.
NP_001395404.1	9606	Homo sapiens	672	692	0.371444	125	selected_species	present	not_selected	NOT_PROMOTED_ONE_PER_SPECIES_SET	Provider record inventoried but not promoted into the fixed one-per-species set; it was not individually subjected to downstream BLAST, domain, or tree QC.
NP_001395405.1	9606	Homo sapiens	672	692	0.371444	126	selected_species	present	not_selected	NOT_PROMOTED_ONE_PER_SPECIES_SET	Provider record inventoried but not promoted into the fixed one-per-species set; it was not individually subjected to downstream BLAST, domain, or tree QC.
NP_001395407.1	9606	Homo sapiens	672	690	0.370370	127	selected_species	present	not_selected	NOT_PROMOTED_ONE_PER_SPECIES_SET	Provider record inventoried but not promoted into the fixed one-per-species set; it was not individually subjected to downstream BLAST, domain, or tree QC.
NP_001395408.1	9606	Homo sapiens	672	690	0.370370	127	selected_species	present	not_selected	NOT_PROMOTED_ONE_PER_SPECIES_SET	Provider record inventoried but not promoted into the fixed one-per-species set; it was not individually subjected to downstream BLAST, domain, or tree QC.
NP_001395409.1	9606	Homo sapiens	672	690	0.370370	127	selected_species	present	not_selected	NOT_PROMOTED_ONE_PER_SPECIES_SET	Provider record inventoried but not promoted into the fixed one-per-species set; it was not individually subjected to downstream BLAST, domain, or tree QC.
NP_001395410.1	9606	Homo sapiens	672	689	0.369834	128	selected_species	present	not_selected	NOT_PROMOTED_ONE_PER_SPECIES_SET	Provider record inventoried but not promoted into the fixed one-per-species set; it was not individually subjected to downstream BLAST, domain, or tree QC.
NP_001395411.1	9606	Homo sapiens	672	689	0.369834	128	selected_species	present	not_selected	NOT_PROMOTED_ONE_PER_SPECIES_SET	Provider record inventoried but not promoted into the fixed one-per-species set; it was not individually subjected to downstream BLAST, domain, or tree QC.
NP_001395412.1	9606	Homo sapiens	672	689	0.369834	128	selected_species	present	not_selected	NOT_PROMOTED_ONE_PER_SPECIES_SET	Provider record inventoried but not promoted into the fixed one-per-species set; it was not individually subjected to downstream BLAST, domain, or tree QC.
NP_001395413.1	9606	Homo sapiens	672	689	0.369834	128	selected_species	present	not_selected	NOT_PROMOTED_ONE_PER_SPECIES_SET	Provider record inventoried but not promoted into the fixed one-per-species set; it was not individually subjected to downstream BLAST, domain, or tree QC.
NP_001395414.1	9606	Homo sapiens	672	689	0.369834	128	selected_species	present	not_selected	NOT_PROMOTED_ONE_PER_SPECIES_SET	Provider record inventoried but not promoted into the fixed one-per-species set; it was not individually subjected to downstream BLAST, domain, or tree QC.
NP_001395418.1	9606	Homo sapiens	672	689	0.369834	129	selected_species	present	not_selected	NOT_PROMOTED_ONE_PER_SPECIES_SET	Provider record inventoried but not promoted into the fixed one-per-species set; it was not individually subjected to downstream BLAST, domain, or tree QC.
NP_001395419.1	9606	Homo sapiens	672	689	0.369834	130	selected_species	present	not_selected	NOT_PROMOTED_ONE_PER_SPECIES_SET	Provider record inventoried but not promoted into the fixed one-per-species set; it was not individually subjected to downstream BLAST, domain, or tree QC.
NP_001395420.1	9606	Homo sapiens	672	689	0.369834	130	selected_species	present	not_selected	NOT_PROMOTED_ONE_PER_SPECIES_SET	Provider record inventoried but not promoted into the fixed one-per-species set; it was not individually subjected to downstream BLAST, domain, or tree QC.
NP_001395421.1	9606	Homo sapiens	672	688	0.369297	131	selected_species	present	not_selected	NOT_PROMOTED_ONE_PER_SPECIES_SET	Provider record inventoried but not promoted into the fixed one-per-species set; it was not individually subjected to downstream BLAST, domain, or tree QC.
NP_001395422.1	9606	Homo sapiens	672	688	0.369297	132	selected_species	present	not_selected	NOT_PROMOTED_ONE_PER_SPECIES_SET	Provider record inventoried but not promoted into the fixed one-per-species set; it was not individually subjected to downstream BLAST, domain, or tree QC.
NP_001395423.1	9606	Homo sapiens	672	680	0.365003	133	selected_species	present	not_selected	NOT_PROMOTED_ONE_PER_SPECIES_SET	Provider record inventoried but not promoted into the fixed one-per-species set; it was not individually subjected to downstream BLAST, domain, or tree QC.
NP_001395424.1	9606	Homo sapiens	672	678	0.363929	134	selected_species	present	not_selected	NOT_PROMOTED_ONE_PER_SPECIES_SET	Provider record inventoried but not promoted into the fixed one-per-species set; it was not individually subjected to downstream BLAST, domain, or tree QC.
NP_001395425.1	9606	Homo sapiens	672	672	0.360709	135	selected_species	present	not_selected	NOT_PROMOTED_ONE_PER_SPECIES_SET	Provider record inventoried but not promoted into the fixed one-per-species set; it was not individually subjected to downstream BLAST, domain, or tree QC.
NP_001395426.1	9606	Homo sapiens	672	672	0.360709	135	selected_species	present	not_selected	NOT_PROMOTED_ONE_PER_SPECIES_SET	Provider record inventoried but not promoted into the fixed one-per-species set; it was not individually subjected to downstream BLAST, domain, or tree QC.
NP_001395427.1	9606	Homo sapiens	672	672	0.360709	135	selected_species	present	not_selected	NOT_PROMOTED_ONE_PER_SPECIES_SET	Provider record inventoried but not promoted into the fixed one-per-species set; it was not individually subjected to downstream BLAST, domain, or tree QC.
NP_001395428.1	9606	Homo sapiens	672	672	0.360709	135	selected_species	present	not_selected	NOT_PROMOTED_ONE_PER_SPECIES_SET	Provider record inventoried but not promoted into the fixed one-per-species set; it was not individually subjected to downstream BLAST, domain, or tree QC.
NP_001395429.1	9606	Homo sapiens	672	672	0.360709	135	selected_species	present	not_selected	NOT_PROMOTED_ONE_PER_SPECIES_SET	Provider record inventoried but not promoted into the fixed one-per-species set; it was not individually subjected to downstream BLAST, domain, or tree QC.
NP_001395430.1	9606	Homo sapiens	672	672	0.360709	135	selected_species	present	not_selected	NOT_PROMOTED_ONE_PER_SPECIES_SET	Provider record inventoried but not promoted into the fixed one-per-species set; it was not individually subjected to downstream BLAST, domain, or tree QC.
NP_001395431.1	9606	Homo sapiens	672	671	0.360172	136	selected_species	present	not_selected	NOT_PROMOTED_ONE_PER_SPECIES_SET	Provider record inventoried but not promoted into the fixed one-per-species set; it was not individually subjected to downstream BLAST, domain, or tree QC.
NP_001395432.1	9606	Homo sapiens	672	671	0.360172	137	selected_species	present	not_selected	NOT_PROMOTED_ONE_PER_SPECIES_SET	Provider record inventoried but not promoted into the fixed one-per-species set; it was not individually subjected to downstream BLAST, domain, or tree QC.
NP_001395433.1	9606	Homo sapiens	672	671	0.360172	137	selected_species	present	not_selected	NOT_PROMOTED_ONE_PER_SPECIES_SET	Provider record inventoried but not promoted into the fixed one-per-species set; it was not individually subjected to downstream BLAST, domain, or tree QC.
NP_001395434.1	9606	Homo sapiens	672	670	0.359635	138	selected_species	present	not_selected	NOT_PROMOTED_ONE_PER_SPECIES_SET	Provider record inventoried but not promoted into the fixed one-per-species set; it was not individually subjected to downstream BLAST, domain, or tree QC.
NP_001395435.1	9606	Homo sapiens	672	651	0.349436	139	selected_species	present	not_selected	NOT_PROMOTED_ONE_PER_SPECIES_SET	Provider record inventoried but not promoted into the fixed one-per-species set; it was not individually subjected to downstream BLAST, domain, or tree QC.
NP_001395436.1	9606	Homo sapiens	672	650	0.348900	140	selected_species	present	not_selected	NOT_PROMOTED_ONE_PER_SPECIES_SET	Provider record inventoried but not promoted into the fixed one-per-species set; it was not individually subjected to downstream BLAST, domain, or tree QC.
NP_001395437.1	9606	Homo sapiens	672	647	0.347289	141	selected_species	present	not_selected	NOT_PROMOTED_ONE_PER_SPECIES_SET	Provider record inventoried but not promoted into the fixed one-per-species set; it was not individually subjected to downstream BLAST, domain, or tree QC.
NP_001395438.1	9606	Homo sapiens	672	646	0.346753	142	selected_species	present	not_selected	NOT_PROMOTED_ONE_PER_SPECIES_SET	Provider record inventoried but not promoted into the fixed one-per-species set; it was not individually subjected to downstream BLAST, domain, or tree QC.
NP_001395439.1	9606	Homo sapiens	672	633	0.339775	143	selected_species	present	not_selected	NOT_PROMOTED_ONE_PER_SPECIES_SET	Provider record inventoried but not promoted into the fixed one-per-species set; it was not individually subjected to downstream BLAST, domain, or tree QC.
NP_001395440.1	9606	Homo sapiens	672	632	0.339238	144	selected_species	present	not_selected	NOT_PROMOTED_ONE_PER_SPECIES_SET	Provider record inventoried but not promoted into the fixed one-per-species set; it was not individually subjected to downstream BLAST, domain, or tree QC.
NP_001395441.1	9606	Homo sapiens	672	592	0.317767	145	selected_species	present	not_selected	NOT_PROMOTED_ONE_PER_SPECIES_SET	Provider record inventoried but not promoted into the fixed one-per-species set; it was not individually subjected to downstream BLAST, domain, or tree QC.
NP_001395442.1	9606	Homo sapiens	672	583	0.312936	146	selected_species	present	not_selected	NOT_PROMOTED_ONE_PER_SPECIES_SET	Provider record inventoried but not promoted into the fixed one-per-species set; it was not individually subjected to downstream BLAST, domain, or tree QC.
NP_001395443.1	9606	Homo sapiens	672	451	0.242083	147	selected_species	present	not_selected	NOT_PROMOTED_ONE_PER_SPECIES_SET	Provider record inventoried but not promoted into the fixed one-per-species set; it was not individually subjected to downstream BLAST, domain, or tree QC.
NP_009228.2	9606	Homo sapiens	672	1816	0.974772	3	selected_species	present	not_selected	NOT_PROMOTED_ONE_PER_SPECIES_SET	Provider record inventoried but not promoted into the fixed one-per-species set; it was not individually subjected to downstream BLAST, domain, or tree QC.
NP_009229.2	9606	Homo sapiens	672	759	0.407407	4	selected_species	present	not_selected	NOT_PROMOTED_ONE_PER_SPECIES_SET	Provider record inventoried but not promoted into the fixed one-per-species set; it was not individually subjected to downstream BLAST, domain, or tree QC.
NP_009230.2	9606	Homo sapiens	672	699	0.375201	5	selected_species	present	not_selected	NOT_PROMOTED_ONE_PER_SPECIES_SET	Provider record inventoried but not promoted into the fixed one-per-species set; it was not individually subjected to downstream BLAST, domain, or tree QC.
NP_009231.2	9606	Homo sapiens	672	1884	1.011272	2	selected_species	present	not_selected	NOT_PROMOTED_ONE_PER_SPECIES_SET	Provider record inventoried but not promoted into the fixed one-per-species set; it was not individually subjected to downstream BLAST, domain, or tree QC.
XP_003414318.3	9785	Loxodonta africana	100653763	1858	0.997316		selected_species	present	selected	FIXED_ANALYSIS_SET	Member of the committed 18-tip set; downstream sequence and domain QC is reported in the separate QC artifacts.
XP_010592788.2	9785	Loxodonta africana	100653763	1858	0.997316		selected_species	present	not_selected	NOT_PROMOTED_ONE_PER_SPECIES_SET	Provider record inventoried but not promoted into the fixed one-per-species set; it was not individually subjected to downstream BLAST, domain, or tree QC.
NP_001029141.1	13616	Monodelphis domestica	554178	1840	0.987654		selected_species	present	selected	FIXED_ANALYSIS_SET	Member of the committed 18-tip set; downstream sequence and domain QC is reported in the separate QC artifacts.
XP_007482190.2	13616	Monodelphis domestica	554178	1840	0.987654	X1	selected_species	present	not_selected	NOT_PROMOTED_ONE_PER_SPECIES_SET	Provider record inventoried but not promoted into the fixed one-per-species set; it was not individually subjected to downstream BLAST, domain, or tree QC.
XP_007482191.2	13616	Monodelphis domestica	554178	1838	0.986581	X2	selected_species	present	not_selected	NOT_PROMOTED_ONE_PER_SPECIES_SET	Provider record inventoried but not promoted into the fixed one-per-species set; it was not individually subjected to downstream BLAST, domain, or tree QC.
XP_016284352.2	13616	Monodelphis domestica	554178	1840	0.987654	X1	selected_species	present	not_selected	NOT_PROMOTED_ONE_PER_SPECIES_SET	Provider record inventoried but not promoted into the fixed one-per-species set; it was not individually subjected to downstream BLAST, domain, or tree QC.
NP_033894.3	10090	Mus musculus	12189	1812	0.972625		selected_species	present	selected	FIXED_ANALYSIS_SET	Member of the committed 18-tip set; downstream sequence and domain QC is reported in the separate QC artifacts.
XP_006532127.1	10090	Mus musculus	12189	1767	0.948470	X2	selected_species	present	not_selected	NOT_PROMOTED_ONE_PER_SPECIES_SET	Provider record inventoried but not promoted into the fixed one-per-species set; it was not individually subjected to downstream BLAST, domain, or tree QC.
XP_006532131.1	10090	Mus musculus	12189	707	0.379495	X4	selected_species	present	not_selected	NOT_PROMOTED_ONE_PER_SPECIES_SET	Provider record inventoried but not promoted into the fixed one-per-species set; it was not individually subjected to downstream BLAST, domain, or tree QC.
XP_030101355.1	10090	Mus musculus	12189	1812	0.972625	X1	selected_species	present	not_selected	NOT_PROMOTED_ONE_PER_SPECIES_SET	Provider record inventoried but not promoted into the fixed one-per-species set; it was not individually subjected to downstream BLAST, domain, or tree QC.
XP_036012146.1	10090	Mus musculus	12189	1765	0.947397	X3	selected_species	present	not_selected	NOT_PROMOTED_ONE_PER_SPECIES_SET	Provider record inventoried but not promoted into the fixed one-per-species set; it was not individually subjected to downstream BLAST, domain, or tree QC.
XP_028930515.1	9258	Ornithorhynchus anatinus	103167900	1346	0.722491		screened_extra_taxon	present	not_selected	BELOW_CONFIGURED_LENGTH_RATIO	Length ratio 0.722491 is below request min_length_ratio 0.750000; no domain-failure claim was made.
XP_028930516.1	9258	Ornithorhynchus anatinus	103167900	1346	0.722491		screened_extra_taxon	present	not_selected	BELOW_CONFIGURED_LENGTH_RATIO	Length ratio 0.722491 is below request min_length_ratio 0.750000; no domain-failure claim was made.
XP_017204702.2	9986	Oryctolagus cuniculus	100347269	1853	0.994632	X1	selected_species	present	selected	FIXED_ANALYSIS_SET	Member of the committed 18-tip set; downstream sequence and domain QC is reported in the separate QC artifacts.
XP_008269770.2	9986	Oryctolagus cuniculus	100347269	1852	0.994096	X2	selected_species	present	not_selected	NOT_PROMOTED_ONE_PER_SPECIES_SET	Provider record inventoried but not promoted into the fixed one-per-species set; it was not individually subjected to downstream BLAST, domain, or tree QC.
XP_008269771.2	9986	Oryctolagus cuniculus	100347269	762	0.409018	X3	selected_species	present	not_selected	NOT_PROMOTED_ONE_PER_SPECIES_SET	Provider record inventoried but not promoted into the fixed one-per-species set; it was not individually subjected to downstream BLAST, domain, or tree QC.
XP_008269772.2	9986	Oryctolagus cuniculus	100347269	761	0.408481	X4	selected_species	present	not_selected	NOT_PROMOTED_ONE_PER_SPECIES_SET	Provider record inventoried but not promoted into the fixed one-per-species set; it was not individually subjected to downstream BLAST, domain, or tree QC.
NP_001038958.1	9598	Pan troglodytes	449497	1863	1.000000		selected_species	present	selected	FIXED_ANALYSIS_SET	Member of the committed 18-tip set; downstream sequence and domain QC is reported in the separate QC artifacts.
XP_009430355.4	9598	Pan troglodytes	449497	1863	1.000000	X1	selected_species	present	not_selected	NOT_PROMOTED_ONE_PER_SPECIES_SET	Provider record inventoried but not promoted into the fixed one-per-species set; it was not individually subjected to downstream BLAST, domain, or tree QC.
XP_009430356.4	9598	Pan troglodytes	449497	1863	1.000000	X1	selected_species	present	not_selected	NOT_PROMOTED_ONE_PER_SPECIES_SET	Provider record inventoried but not promoted into the fixed one-per-species set; it was not individually subjected to downstream BLAST, domain, or tree QC.
XP_009430359.4	9598	Pan troglodytes	449497	1862	0.999463	X3	selected_species	present	not_selected	NOT_PROMOTED_ONE_PER_SPECIES_SET	Provider record inventoried but not promoted into the fixed one-per-species set; it was not individually subjected to downstream BLAST, domain, or tree QC.
XP_009430376.3	9598	Pan troglodytes	449497	759	0.407407	X18	selected_species	present	not_selected	NOT_PROMOTED_ONE_PER_SPECIES_SET	Provider record inventoried but not promoted into the fixed one-per-species set; it was not individually subjected to downstream BLAST, domain, or tree QC.
XP_024205855.2	9598	Pan troglodytes	449497	1861	0.998926	X6	selected_species	present	not_selected	NOT_PROMOTED_ONE_PER_SPECIES_SET	Provider record inventoried but not promoted into the fixed one-per-species set; it was not individually subjected to downstream BLAST, domain, or tree QC.
XP_054525683.1	9598	Pan troglodytes	449497	1862	0.999463	X2	selected_species	present	not_selected	NOT_PROMOTED_ONE_PER_SPECIES_SET	Provider record inventoried but not promoted into the fixed one-per-species set; it was not individually subjected to downstream BLAST, domain, or tree QC.
XP_054525684.1	9598	Pan troglodytes	449497	1862	0.999463	X2	selected_species	present	not_selected	NOT_PROMOTED_ONE_PER_SPECIES_SET	Provider record inventoried but not promoted into the fixed one-per-species set; it was not individually subjected to downstream BLAST, domain, or tree QC.
XP_054525685.1	9598	Pan troglodytes	449497	1862	0.999463	X3	selected_species	present	not_selected	NOT_PROMOTED_ONE_PER_SPECIES_SET	Provider record inventoried but not promoted into the fixed one-per-species set; it was not individually subjected to downstream BLAST, domain, or tree QC.
XP_054525686.1	9598	Pan troglodytes	449497	1862	0.999463	X4	selected_species	present	not_selected	NOT_PROMOTED_ONE_PER_SPECIES_SET	Provider record inventoried but not promoted into the fixed one-per-species set; it was not individually subjected to downstream BLAST, domain, or tree QC.
XP_054525687.1	9598	Pan troglodytes	449497	1862	0.999463	X4	selected_species	present	not_selected	NOT_PROMOTED_ONE_PER_SPECIES_SET	Provider record inventoried but not promoted into the fixed one-per-species set; it was not individually subjected to downstream BLAST, domain, or tree QC.
XP_054525688.1	9598	Pan troglodytes	449497	1861	0.998926	X5	selected_species	present	not_selected	NOT_PROMOTED_ONE_PER_SPECIES_SET	Provider record inventoried but not promoted into the fixed one-per-species set; it was not individually subjected to downstream BLAST, domain, or tree QC.
XP_054525689.1	9598	Pan troglodytes	449497	1861	0.998926	X5	selected_species	present	not_selected	NOT_PROMOTED_ONE_PER_SPECIES_SET	Provider record inventoried but not promoted into the fixed one-per-species set; it was not individually subjected to downstream BLAST, domain, or tree QC.
XP_054525690.1	9598	Pan troglodytes	449497	1861	0.998926	X6	selected_species	present	not_selected	NOT_PROMOTED_ONE_PER_SPECIES_SET	Provider record inventoried but not promoted into the fixed one-per-species set; it was not individually subjected to downstream BLAST, domain, or tree QC.
XP_054525691.1	9598	Pan troglodytes	449497	1861	0.998926	X7	selected_species	present	not_selected	NOT_PROMOTED_ONE_PER_SPECIES_SET	Provider record inventoried but not promoted into the fixed one-per-species set; it was not individually subjected to downstream BLAST, domain, or tree QC.
XP_054525692.1	9598	Pan troglodytes	449497	1861	0.998926	X7	selected_species	present	not_selected	NOT_PROMOTED_ONE_PER_SPECIES_SET	Provider record inventoried but not promoted into the fixed one-per-species set; it was not individually subjected to downstream BLAST, domain, or tree QC.
XP_054525693.1	9598	Pan troglodytes	449497	1860	0.998390	X8	selected_species	present	not_selected	NOT_PROMOTED_ONE_PER_SPECIES_SET	Provider record inventoried but not promoted into the fixed one-per-species set; it was not individually subjected to downstream BLAST, domain, or tree QC.
XP_054525694.1	9598	Pan troglodytes	449497	1860	0.998390	X8	selected_species	present	not_selected	NOT_PROMOTED_ONE_PER_SPECIES_SET	Provider record inventoried but not promoted into the fixed one-per-species set; it was not individually subjected to downstream BLAST, domain, or tree QC.
XP_054525695.1	9598	Pan troglodytes	449497	1822	0.977992	X9	selected_species	present	not_selected	NOT_PROMOTED_ONE_PER_SPECIES_SET	Provider record inventoried but not promoted into the fixed one-per-species set; it was not individually subjected to downstream BLAST, domain, or tree QC.
XP_054525696.1	9598	Pan troglodytes	449497	1822	0.977992	X9	selected_species	present	not_selected	NOT_PROMOTED_ONE_PER_SPECIES_SET	Provider record inventoried but not promoted into the fixed one-per-species set; it was not individually subjected to downstream BLAST, domain, or tree QC.
XP_054525697.1	9598	Pan troglodytes	449497	1821	0.977456	X10	selected_species	present	not_selected	NOT_PROMOTED_ONE_PER_SPECIES_SET	Provider record inventoried but not promoted into the fixed one-per-species set; it was not individually subjected to downstream BLAST, domain, or tree QC.
XP_054525698.1	9598	Pan troglodytes	449497	1821	0.977456	X10	selected_species	present	not_selected	NOT_PROMOTED_ONE_PER_SPECIES_SET	Provider record inventoried but not promoted into the fixed one-per-species set; it was not individually subjected to downstream BLAST, domain, or tree QC.
XP_054525699.1	9598	Pan troglodytes	449497	1821	0.977456	X11	selected_species	present	not_selected	NOT_PROMOTED_ONE_PER_SPECIES_SET	Provider record inventoried but not promoted into the fixed one-per-species set; it was not individually subjected to downstream BLAST, domain, or tree QC.
XP_054525700.1	9598	Pan troglodytes	449497	1821	0.977456	X11	selected_species	present	not_selected	NOT_PROMOTED_ONE_PER_SPECIES_SET	Provider record inventoried but not promoted into the fixed one-per-species set; it was not individually subjected to downstream BLAST, domain, or tree QC.
XP_054525701.1	9598	Pan troglodytes	449497	1821	0.977456	X12	selected_species	present	not_selected	NOT_PROMOTED_ONE_PER_SPECIES_SET	Provider record inventoried but not promoted into the fixed one-per-species set; it was not individually subjected to downstream BLAST, domain, or tree QC.
XP_054525702.1	9598	Pan troglodytes	449497	1821	0.977456	X12	selected_species	present	not_selected	NOT_PROMOTED_ONE_PER_SPECIES_SET	Provider record inventoried but not promoted into the fixed one-per-species set; it was not individually subjected to downstream BLAST, domain, or tree QC.
XP_054525704.1	9598	Pan troglodytes	449497	1820	0.976919	X13	selected_species	present	not_selected	NOT_PROMOTED_ONE_PER_SPECIES_SET	Provider record inventoried but not promoted into the fixed one-per-species set; it was not individually subjected to downstream BLAST, domain, or tree QC.
XP_054525705.1	9598	Pan troglodytes	449497	1820	0.976919	X13	selected_species	present	not_selected	NOT_PROMOTED_ONE_PER_SPECIES_SET	Provider record inventoried but not promoted into the fixed one-per-species set; it was not individually subjected to downstream BLAST, domain, or tree QC.
XP_054525706.1	9598	Pan troglodytes	449497	1820	0.976919	X14	selected_species	present	not_selected	NOT_PROMOTED_ONE_PER_SPECIES_SET	Provider record inventoried but not promoted into the fixed one-per-species set; it was not individually subjected to downstream BLAST, domain, or tree QC.
XP_054525707.1	9598	Pan troglodytes	449497	1820	0.976919	X15	selected_species	present	not_selected	NOT_PROMOTED_ONE_PER_SPECIES_SET	Provider record inventoried but not promoted into the fixed one-per-species set; it was not individually subjected to downstream BLAST, domain, or tree QC.
XP_054525708.1	9598	Pan troglodytes	449497	1820	0.976919	X15	selected_species	present	not_selected	NOT_PROMOTED_ONE_PER_SPECIES_SET	Provider record inventoried but not promoted into the fixed one-per-species set; it was not individually subjected to downstream BLAST, domain, or tree QC.
XP_054525709.1	9598	Pan troglodytes	449497	1819	0.976382	X16	selected_species	present	not_selected	NOT_PROMOTED_ONE_PER_SPECIES_SET	Provider record inventoried but not promoted into the fixed one-per-species set; it was not individually subjected to downstream BLAST, domain, or tree QC.
XP_054525710.1	9598	Pan troglodytes	449497	760	0.407944	X17	selected_species	present	not_selected	NOT_PROMOTED_ONE_PER_SPECIES_SET	Provider record inventoried but not promoted into the fixed one-per-species set; it was not individually subjected to downstream BLAST, domain, or tree QC.
XP_054525711.1	9598	Pan troglodytes	449497	760	0.407944	X17	selected_species	present	not_selected	NOT_PROMOTED_ONE_PER_SPECIES_SET	Provider record inventoried but not promoted into the fixed one-per-species set; it was not individually subjected to downstream BLAST, domain, or tree QC.
XP_054525712.1	9598	Pan troglodytes	449497	759	0.407407	X18	selected_species	present	not_selected	NOT_PROMOTED_ONE_PER_SPECIES_SET	Provider record inventoried but not promoted into the fixed one-per-species set; it was not individually subjected to downstream BLAST, domain, or tree QC.
XP_054525713.1	9598	Pan troglodytes	449497	759	0.407407	X19	selected_species	present	not_selected	NOT_PROMOTED_ONE_PER_SPECIES_SET	Provider record inventoried but not promoted into the fixed one-per-species set; it was not individually subjected to downstream BLAST, domain, or tree QC.
XP_054525714.1	9598	Pan troglodytes	449497	759	0.407407	X20	selected_species	present	not_selected	NOT_PROMOTED_ONE_PER_SPECIES_SET	Provider record inventoried but not promoted into the fixed one-per-species set; it was not individually subjected to downstream BLAST, domain, or tree QC.
XP_054525715.1	9598	Pan troglodytes	449497	759	0.407407	X20	selected_species	present	not_selected	NOT_PROMOTED_ONE_PER_SPECIES_SET	Provider record inventoried but not promoted into the fixed one-per-species set; it was not individually subjected to downstream BLAST, domain, or tree QC.
XP_054525716.1	9598	Pan troglodytes	449497	758	0.406871	X21	selected_species	present	not_selected	NOT_PROMOTED_ONE_PER_SPECIES_SET	Provider record inventoried but not promoted into the fixed one-per-species set; it was not individually subjected to downstream BLAST, domain, or tree QC.
XP_054525717.1	9598	Pan troglodytes	449497	758	0.406871	X21	selected_species	present	not_selected	NOT_PROMOTED_ONE_PER_SPECIES_SET	Provider record inventoried but not promoted into the fixed one-per-species set; it was not individually subjected to downstream BLAST, domain, or tree QC.
XP_054525719.1	9598	Pan troglodytes	449497	758	0.406871	X23	selected_species	present	not_selected	NOT_PROMOTED_ONE_PER_SPECIES_SET	Provider record inventoried but not promoted into the fixed one-per-species set; it was not individually subjected to downstream BLAST, domain, or tree QC.
XP_054525720.1	9598	Pan troglodytes	449497	758	0.406871	X22	selected_species	present	not_selected	NOT_PROMOTED_ONE_PER_SPECIES_SET	Provider record inventoried but not promoted into the fixed one-per-species set; it was not individually subjected to downstream BLAST, domain, or tree QC.
XP_054525721.1	9598	Pan troglodytes	449497	758	0.406871	X23	selected_species	present	not_selected	NOT_PROMOTED_ONE_PER_SPECIES_SET	Provider record inventoried but not promoted into the fixed one-per-species set; it was not individually subjected to downstream BLAST, domain, or tree QC.
XP_054525722.1	9598	Pan troglodytes	449497	758	0.406871	X22	selected_species	present	not_selected	NOT_PROMOTED_ONE_PER_SPECIES_SET	Provider record inventoried but not promoted into the fixed one-per-species set; it was not individually subjected to downstream BLAST, domain, or tree QC.
XP_054525723.1	9598	Pan troglodytes	449497	757	0.406334	X24	selected_species	present	not_selected	NOT_PROMOTED_ONE_PER_SPECIES_SET	Provider record inventoried but not promoted into the fixed one-per-species set; it was not individually subjected to downstream BLAST, domain, or tree QC.
XP_054525724.1	9598	Pan troglodytes	449497	719	0.385937	X25	selected_species	present	not_selected	NOT_PROMOTED_ONE_PER_SPECIES_SET	Provider record inventoried but not promoted into the fixed one-per-species set; it was not individually subjected to downstream BLAST, domain, or tree QC.
XP_054525725.1	9598	Pan troglodytes	449497	719	0.385937	X25	selected_species	present	not_selected	NOT_PROMOTED_ONE_PER_SPECIES_SET	Provider record inventoried but not promoted into the fixed one-per-species set; it was not individually subjected to downstream BLAST, domain, or tree QC.
XP_054525727.1	9598	Pan troglodytes	449497	718	0.385400	X26	selected_species	present	not_selected	NOT_PROMOTED_ONE_PER_SPECIES_SET	Provider record inventoried but not promoted into the fixed one-per-species set; it was not individually subjected to downstream BLAST, domain, or tree QC.
XP_054525728.1	9598	Pan troglodytes	449497	718	0.385400	X27	selected_species	present	not_selected	NOT_PROMOTED_ONE_PER_SPECIES_SET	Provider record inventoried but not promoted into the fixed one-per-species set; it was not individually subjected to downstream BLAST, domain, or tree QC.
XP_054525729.1	9598	Pan troglodytes	449497	718	0.385400	X27	selected_species	present	not_selected	NOT_PROMOTED_ONE_PER_SPECIES_SET	Provider record inventoried but not promoted into the fixed one-per-species set; it was not individually subjected to downstream BLAST, domain, or tree QC.
XP_063654061.1	9598	Pan troglodytes	449497	759	0.407407	X19	selected_species	present	not_selected	NOT_PROMOTED_ONE_PER_SPECIES_SET	Provider record inventoried but not promoted into the fixed one-per-species set; it was not individually subjected to downstream BLAST, domain, or tree QC.
XP_026576759.1	8673	Pseudonaja textilis	113449821	1563	0.838969		selected_species	present	selected	FIXED_ANALYSIS_SET	Member of the committed 18-tip set; downstream sequence and domain QC is reported in the separate QC artifacts.
XP_029429046.1	194408	Rhinatrema bivittatum	115074072	1920	1.030596	X1	selected_species	present	selected	FIXED_ANALYSIS_SET	Member of the committed 18-tip set; downstream sequence and domain QC is reported in the separate QC artifacts.
XP_029429047.1	194408	Rhinatrema bivittatum	115074072	1920	1.030596	X1	selected_species	present	not_selected	NOT_PROMOTED_ONE_PER_SPECIES_SET	Provider record inventoried but not promoted into the fixed one-per-species set; it was not individually subjected to downstream BLAST, domain, or tree QC.
XP_029429048.1	194408	Rhinatrema bivittatum	115074072	1916	1.028449	X2	selected_species	present	not_selected	NOT_PROMOTED_ONE_PER_SPECIES_SET	Provider record inventoried but not promoted into the fixed one-per-species set; it was not individually subjected to downstream BLAST, domain, or tree QC.
XP_029429049.1	194408	Rhinatrema bivittatum	115074072	1913	1.026838	X3	selected_species	present	not_selected	NOT_PROMOTED_ONE_PER_SPECIES_SET	Provider record inventoried but not promoted into the fixed one-per-species set; it was not individually subjected to downstream BLAST, domain, or tree QC.
	8508	Sphenodon punctatus					screened_extra_taxon	absent	not_selected	NO_RECORD_IN_FROZEN_NCBI_PACKAGE	Exact scientific-name TaxID was present in the frozen names.dmp, but no matching gene-report or protein-FASTA record was present in the frozen package.
XP_072775070.1	59729	Taeniopygia guttata	100224649	1803	0.967794	X1	selected_species	present	selected	FIXED_ANALYSIS_SET	Member of the committed 18-tip set; downstream sequence and domain QC is reported in the separate QC artifacts.
XP_030112190.4	59729	Taeniopygia guttata	100224649	1804	0.968331	X2	selected_species	present	not_selected	NOT_PROMOTED_ONE_PER_SPECIES_SET	Provider record inventoried but not promoted into the fixed one-per-species set; it was not individually subjected to downstream BLAST, domain, or tree QC.
NP_001107963.1	8364	Xenopus tropicalis	733513	1592	0.854536		selected_species	present	selected	FIXED_ANALYSIS_SET	Member of the committed 18-tip set; downstream sequence and domain QC is reported in the separate QC artifacts.
XP_012807962.2	8364	Xenopus tropicalis	733513	1655	0.888352	X1	selected_species	present	not_selected	NOT_PROMOTED_ONE_PER_SPECIES_SET	Provider record inventoried but not promoted into the fixed one-per-species set; it was not individually subjected to downstream BLAST, domain, or tree QC.
