taxon_id	species	gene_id	provider_protein_count	minimum_sequence_length	maximum_sequence_length	within_declared_length_gate_count	selected_accession	rejected_accession	selection_status	reason_code	evidence_note
57068	Acanthisitta chloris	103809371	1	1794	1794	1			not_selected	NOT_SELECTED_TAXONOMIC_BALANCE	Provider species inventoried but not selected for the balanced 50-tip review set; no QC failure is asserted.
32536	Acinonyx jubatus	106972629	12	764	1874	7			not_selected	NOT_SELECTED_TAXONOMIC_BALANCE	Provider species inventoried but not selected for the balanced 50-tip review set; no QC failure is asserted.
83528	Acomys minous	311580111	8	696	1792	7			not_selected	NOT_SELECTED_TAXONOMIC_BALANCE	Provider species inventoried but not selected for the balanced 50-tip review set; no QC failure is asserted.
60746	Acomys russatus	127200450	1	1787	1787	1			not_selected	NOT_SELECTED_TAXONOMIC_BALANCE	Provider species inventoried but not selected for the balanced 50-tip review set; no QC failure is asserted.
39638	Agelaius phoeniceus	129130887	3	1659	1776	3			not_selected	NOT_SELECTED_TAXONOMIC_BALANCE	Provider species inventoried but not selected for the balanced 50-tip review set; no QC failure is asserted.
9191	Agelaius tricolor	139601785	2	1774	1775	2			not_selected	NOT_SELECTED_TAXONOMIC_BALANCE	Provider species inventoried but not selected for the balanced 50-tip review set; no QC failure is asserted.
499056	Ahaetulla prasina	131198349	3	2074	2110	0			not_selected	NO_SEQUENCE_WITHIN_LENGTH_GATE	No provider protein for this species passed the declared 0.75-1.10 query-length gate; no terminal-domain failure is asserted.
9646	Ailuropoda melanoleuca	100480891	12	763	1869	9			not_selected	NOT_SELECTED_TAXONOMIC_BALANCE	Provider species inventoried but not selected for the balanced 50-tip review set; no QC failure is asserted.
100897	Alexandromys fortis	126510109	8	1512	1802	8			not_selected	NOT_SELECTED_TAXONOMIC_BALANCE	Provider species inventoried but not selected for the balanced 50-tip review set; no QC failure is asserted.
8496	Alligator mississippiensis	102573178	8	1715	1877	8	XP_014464710.1		selected_for_reference_review	TAXONOMICALLY_BALANCED_REVIEW_SET	Selected for executable TaxID, similarity, and terminal-domain review; not yet approved for inference.
38654	Alligator sinensis	102369036	1	1877	1877	1			not_selected	NOT_SELECTED_TAXONOMIC_BALANCE	Provider species inventoried but not selected for the balanced 50-tip review set; no QC failure is asserted.
386614	Amblyraja radiata	116981998	1	1951	1951	1			not_selected	NOT_SELECTED_TAXONOMIC_BALANCE	Provider species inventoried but not selected for the balanced 50-tip review set; no QC failure is asserted.
8296	Ambystoma mexicanum	138521410	3	1487	1955	3	XP_069490300.1		selected_for_reference_review	TAXONOMICALLY_BALANCED_REVIEW_SET	Selected for executable TaxID, similarity, and terminal-domain review; not yet approved for inference.
2857398	Ammospiza caudacuta	131568673	2	1790	1791	2			not_selected	NOT_SELECTED_TAXONOMIC_BALANCE	Provider species inventoried but not selected for the balanced 50-tip review set; no QC failure is asserted.
2857394	Ammospiza nelsoni	132084136	2	1790	1791	2			not_selected	NOT_SELECTED_TAXONOMIC_BALANCE	Provider species inventoried but not selected for the balanced 50-tip review set; no QC failure is asserted.
28680	Anas acuta	137844406	3	1846	1846	3			not_selected	NOT_SELECTED_TAXONOMIC_BALANCE	Provider species inventoried but not selected for the balanced 50-tip review set; no QC failure is asserted.
8839	Anas platyrhynchos	101789679	6	1847	1848	6	XP_027301205.3		selected_for_reference_review	TAXONOMICALLY_BALANCED_REVIEW_SET	Selected for executable TaxID, similarity, and terminal-domain review; not yet approved for inference.
28377	Anolis carolinensis	100553919	2	1696	1697	2	XP_008111382.1		selected_for_reference_review	TAXONOMICALLY_BALANCED_REVIEW_SET	Selected for executable TaxID, similarity, and terminal-domain review; not yet approved for inference.
38937	Anolis sagrei	132778368	2	1691	1692	2			not_selected	NOT_SELECTED_TAXONOMIC_BALANCE	Provider species inventoried but not selected for the balanced 50-tip review set; no QC failure is asserted.
238106	Anomaloglossus baeobatrachus	142311493	2	1648	1649	2			not_selected	NOT_SELECTED_TAXONOMIC_BALANCE	Provider species inventoried but not selected for the balanced 50-tip review set; no QC failure is asserted.
187417	Anomalospiza imberbis	137486862	2	1797	1798	2			not_selected	NOT_SELECTED_TAXONOMIC_BALANCE	Provider species inventoried but not selected for the balanced 50-tip review set; no QC failure is asserted.
8843	Anser anser	310885446	4	1840	1901	4			not_selected	NOT_SELECTED_TAXONOMIC_BALANCE	Provider species inventoried but not selected for the balanced 50-tip review set; no QC failure is asserted.
132585	Anser brachyrhynchus	308181755	4	1841	1865	4			not_selected	NOT_SELECTED_TAXONOMIC_BALANCE	Provider species inventoried but not selected for the balanced 50-tip review set; no QC failure is asserted.
8845	Anser cygnoides	106048796	4	1841	1865	4			not_selected	NOT_SELECTED_TAXONOMIC_BALANCE	Provider species inventoried but not selected for the balanced 50-tip review set; no QC failure is asserted.
38775	Antechinus flavipes	127560081	1	1826	1826	1			not_selected	NOT_SELECTED_TAXONOMIC_BALANCE	Provider species inventoried but not selected for the balanced 50-tip review set; no QC failure is asserted.
279965	Antrostomus carolinensis	104520963	1	1755	1755	1			not_selected	NOT_SELECTED_TAXONOMIC_BALANCE	Provider species inventoried but not selected for the balanced 50-tip review set; no QC failure is asserted.
37293	Aotus nancymaae	105711233	9	716	1863	7			not_selected	NOT_SELECTED_TAXONOMIC_BALANCE	Provider species inventoried but not selected for the balanced 50-tip review set; no QC failure is asserted.
57397	Apaloderma vittatum	104279026	1	1754	1754	1			not_selected	NOT_SELECTED_TAXONOMIC_BALANCE	Provider species inventoried but not selected for the balanced 50-tip review set; no QC failure is asserted.
39617	Aphelocoma coerulescens	138099161	5	1715	1803	5			not_selected	NOT_SELECTED_TAXONOMIC_BALANCE	Provider species inventoried but not selected for the balanced 50-tip review set; no QC failure is asserted.
10129	Apodemus sylvaticus	127693654	5	1802	1803	5			not_selected	NOT_SELECTED_TAXONOMIC_BALANCE	Provider species inventoried but not selected for the balanced 50-tip review set; no QC failure is asserted.
9233	Aptenodytes forsteri	103902465	1	1867	1867	1	XP_019328559.1		selected_for_reference_review	TAXONOMICALLY_BALANCED_REVIEW_SET	Selected for executable TaxID, similarity, and terminal-domain review; not yet approved for inference.
9234	Aptenodytes patagonicus	143169311	2	1866	1867	2			not_selected	NOT_SELECTED_TAXONOMIC_BALANCE	Provider species inventoried but not selected for the balanced 50-tip review set; no QC failure is asserted.
2696672	Apteryx mantelli	106491786	2	1518	1863	2			not_selected	NOT_SELECTED_TAXONOMIC_BALANCE	Provider species inventoried but not selected for the balanced 50-tip review set; no QC failure is asserted.
308060	Apteryx rowi	112968743	7	1725	1864	7			not_selected	NOT_SELECTED_TAXONOMIC_BALANCE	Provider species inventoried but not selected for the balanced 50-tip review set; no QC failure is asserted.
8895	Apus apus	127394327	5	619	1731	4			not_selected	NOT_SELECTED_TAXONOMIC_BALANCE	Provider species inventoried but not selected for the balanced 50-tip review set; no QC failure is asserted.
8400	Aquarana catesbeiana	141114582	3	1375	1644	2			not_selected	NOT_SELECTED_TAXONOMIC_BALANCE	Provider species inventoried but not selected for the balanced 50-tip review set; no QC failure is asserted.
223781	Aquila chrysaetos chrysaetos	115344989	4	739	1867	3	XP_029879002.1		selected_for_reference_review	TAXONOMICALLY_BALANCED_REVIEW_SET	Selected for executable TaxID, similarity, and terminal-domain review; not yet approved for inference.
9417	Artibeus jamaicensis	119051686	1	861	861	0			not_selected	NO_SEQUENCE_WITHIN_LENGTH_GATE	No provider protein for this species passed the declared 0.75-1.10 query-length gate; no terminal-domain failure is asserted.
61156	Arvicanthis niloticus	117711765	5	1668	1842	5			not_selected	NOT_SELECTED_TAXONOMIC_BALANCE	Provider species inventoried but not selected for the balanced 50-tip review set; no QC failure is asserted.
1047088	Arvicola amphibius	119813231	6	1755	1802	6			not_selected	NOT_SELECTED_TAXONOMIC_BALANCE	Provider species inventoried but not selected for the balanced 50-tip review set; no QC failure is asserted.
8439	Ascaphus truei	142473046	4	1794	1796	4		XP_075436319.1	rejected_during_reference_review	TERMINAL_DOMAIN_QC_FAILED	XP_075436319.1: Only one distinct C-terminal BRCT-related interval was detected by the frozen Pfam 37.1 and SMART 9.0 scan; two are required. Replacement: XP_053555561.1. Evidence: Public raw BLAST, InterProScan, exact inputs, software versions, and hashes are retained under qc/rejected-attempt/.
8957	Astur gentilis	126038513	7	740	1866	6			not_selected	NOT_SELECTED_TAXONOMIC_BALANCE	Provider species inventoried but not selected for the balanced 50-tip review set; no QC failure is asserted.
194338	Athene cunicularia	113489164	8	1495	1853	8			not_selected	NOT_SELECTED_TAXONOMIC_BALANCE	Provider species inventoried but not selected for the balanced 50-tip review set; no QC failure is asserted.
126797	Athene noctua	141970076	7	1488	1855	7			not_selected	NOT_SELECTED_TAXONOMIC_BALANCE	Provider species inventoried but not selected for the balanced 50-tip review set; no QC failure is asserted.
219593	Aythya ferina	311422942	5	1847	1848	5			not_selected	NOT_SELECTED_TAXONOMIC_BALANCE	Provider species inventoried but not selected for the balanced 50-tip review set; no QC failure is asserted.
219594	Aythya fuligula	116498528	3	1847	1848	3			not_selected	NOT_SELECTED_TAXONOMIC_BALANCE	Provider species inventoried but not selected for the balanced 50-tip review set; no QC failure is asserted.
189534	Aythya marila	309887318	5	1847	1848	5			not_selected	NOT_SELECTED_TAXONOMIC_BALANCE	Provider species inventoried but not selected for the balanced 50-tip review set; no QC failure is asserted.
9767	Balaenoptera acutorostrata	103005164	1	765	765	0			not_selected	NO_SEQUENCE_WITHIN_LENGTH_GATE	No provider protein for this species passed the declared 0.75-1.10 query-length gate; no terminal-domain failure is asserted.
9768	Balaenoptera borealis	309618684	8	757	1858	3			not_selected	NOT_SELECTED_TAXONOMIC_BALANCE	Provider species inventoried but not selected for the balanced 50-tip review set; no QC failure is asserted.
9771	Balaenoptera musculus	118887242	1	765	765	0			not_selected	NO_SEQUENCE_WITHIN_LENGTH_GATE	No provider protein for this species passed the declared 0.75-1.10 query-length gate; no terminal-domain failure is asserted.
9770	Balaenoptera physalus	309650013	8	757	1861	3			not_selected	NOT_SELECTED_TAXONOMIC_BALANCE	Provider species inventoried but not selected for the balanced 50-tip review set; no QC failure is asserted.
2746895	Balaenoptera ricei	132355076	2	1857	1857	2			not_selected	NOT_SELECTED_TAXONOMIC_BALANCE	Provider species inventoried but not selected for the balanced 50-tip review set; no QC failure is asserted.
100784	Balearica regulorum gibbericeps	104643551	5	734	1835	3			not_selected	NOT_SELECTED_TAXONOMIC_BALANCE	Provider species inventoried but not selected for the balanced 50-tip review set; no QC failure is asserted.
43346	Bison bison bison	104990403	6	751	1850	5			not_selected	NOT_SELECTED_TAXONOMIC_BALANCE	Provider species inventoried but not selected for the balanced 50-tip review set; no QC failure is asserted.
8345	Bombina bombina	128646280	1	1660	1660	1	XP_053555561.1		selected_for_reference_review	TAXONOMICALLY_BALANCED_REVIEW_SET	Selected for executable TaxID, similarity, and terminal-domain review; not yet approved for inference.
30521	Bos grunniens	147351533	14	724	1850	9			not_selected	NOT_SELECTED_TAXONOMIC_BALANCE	Provider species inventoried but not selected for the balanced 50-tip review set; no QC failure is asserted.
9915	Bos indicus	109573698	15	724	1850	11			not_selected	NOT_SELECTED_TAXONOMIC_BALANCE	Provider species inventoried but not selected for the balanced 50-tip review set; no QC failure is asserted.
30522	Bos indicus x Bos taurus	113877153	10	698	1850	8			not_selected	NOT_SELECTED_TAXONOMIC_BALANCE	Provider species inventoried but not selected for the balanced 50-tip review set; no QC failure is asserted.
9906	Bos javanicus	133232500	12	724	1849	8			not_selected	NOT_SELECTED_TAXONOMIC_BALANCE	Provider species inventoried but not selected for the balanced 50-tip review set; no QC failure is asserted.
72004	Bos mutus	102266344	9	724	1850	5			not_selected	NOT_SELECTED_TAXONOMIC_BALANCE	Provider species inventoried but not selected for the balanced 50-tip review set; no QC failure is asserted.
9913	Bos taurus	353120	11	724	1849	7	NP_848668.1		selected_for_reference_review	TAXONOMICALLY_BALANCED_REVIEW_SET	Selected for executable TaxID, similarity, and terminal-domain review; not yet approved for inference.
8853	Branta canadensis	309430336	1	1840	1840	1			not_selected	NOT_SELECTED_TAXONOMIC_BALANCE	Provider species inventoried but not selected for the balanced 50-tip review set; no QC failure is asserted.
89462	Bubalus bubalis	102399547	8	758	1858	7			not_selected	NOT_SELECTED_TAXONOMIC_BALANCE	Provider species inventoried but not selected for the balanced 50-tip review set; no QC failure is asserted.
3119969	Bubalus kerabau	129648938	5	1858	1859	5			not_selected	NOT_SELECTED_TAXONOMIC_BALANCE	Provider species inventoried but not selected for the balanced 50-tip review set; no QC failure is asserted.
107022	Bucephala clangula	308452948	1	1795	1795	1			not_selected	NOT_SELECTED_TAXONOMIC_BALANCE	Provider species inventoried but not selected for the balanced 50-tip review set; no QC failure is asserted.
175836	Buceros rhinoceros silvestris	104499403	1	1816	1816	1			not_selected	NOT_SELECTED_TAXONOMIC_BALANCE	Provider species inventoried but not selected for the balanced 50-tip review set; no QC failure is asserted.
37181	Budorcas taxicolor	128065278	1	757	757	0			not_selected	NO_SEQUENCE_WITHIN_LENGTH_GATE	No provider protein for this species passed the declared 0.75-1.10 query-length gate; no terminal-domain failure is asserted.
8384	Bufo bufo	121004624	1	1655	1655	1			not_selected	NOT_SELECTED_TAXONOMIC_BALANCE	Provider species inventoried but not selected for the balanced 50-tip review set; no QC failure is asserted.
30331	Bufo gargarizans	122942380	1	1651	1651	1			not_selected	NOT_SELECTED_TAXONOMIC_BALANCE	Provider species inventoried but not selected for the balanced 50-tip review set; no QC failure is asserted.
30397	Buteo buteo	142034834	3	1823	1867	3			not_selected	NOT_SELECTED_TAXONOMIC_BALANCE	Provider species inventoried but not selected for the balanced 50-tip review set; no QC failure is asserted.
198806	Calidris pugnax	106898110	3	1856	1857	3			not_selected	NOT_SELECTED_TAXONOMIC_BALANCE	Provider species inventoried but not selected for the balanced 50-tip review set; no QC failure is asserted.
9483	Callithrix jacchus	100388186	33	718	1857	26			not_selected	NOT_SELECTED_TAXONOMIC_BALANCE	Provider species inventoried but not selected for the balanced 50-tip review set; no QC failure is asserted.
34884	Callorhinus ursinus	112815623	15	803	1913	11			not_selected	NOT_SELECTED_TAXONOMIC_BALANCE	Provider species inventoried but not selected for the balanced 50-tip review set; no QC failure is asserted.
76772	Callospermophilus lateralis	143409333	50	718	1875	27			not_selected	NOT_SELECTED_TAXONOMIC_BALANCE	Provider species inventoried but not selected for the balanced 50-tip review set; no QC failure is asserted.
187106	Caloenas nicobarica	135998222	1	1762	1762	1			not_selected	NOT_SELECTED_TAXONOMIC_BALANCE	Provider species inventoried but not selected for the balanced 50-tip review set; no QC failure is asserted.
1323832	Calonectris borealis	142092041	1	1862	1862	1			not_selected	NOT_SELECTED_TAXONOMIC_BALANCE	Provider species inventoried but not selected for the balanced 50-tip review set; no QC failure is asserted.
9244	Calypte anna	103539324	1	1689	1689	1			not_selected	NOT_SELECTED_TAXONOMIC_BALANCE	Provider species inventoried but not selected for the balanced 50-tip review set; no QC failure is asserted.
87175	Camarhynchus parvulus	115913844	2	1793	1794	2			not_selected	NOT_SELECTED_TAXONOMIC_BALANCE	Provider species inventoried but not selected for the balanced 50-tip review set; no QC failure is asserted.
9837	Camelus bactrianus	105080080	14	716	1859	5			not_selected	NOT_SELECTED_TAXONOMIC_BALANCE	Provider species inventoried but not selected for the balanced 50-tip review set; no QC failure is asserted.
9838	Camelus dromedarius	105090493	9	717	1859	4			not_selected	NOT_SELECTED_TAXONOMIC_BALANCE	Provider species inventoried but not selected for the balanced 50-tip review set; no QC failure is asserted.
419612	Camelus ferus	102512160	9	718	1859	5			not_selected	NOT_SELECTED_TAXONOMIC_BALANCE	Provider species inventoried but not selected for the balanced 50-tip review set; no QC failure is asserted.
51853	Candoia aspera	134495221	1	1449	1449	1			not_selected	NOT_SELECTED_TAXONOMIC_BALANCE	Provider species inventoried but not selected for the balanced 50-tip review set; no QC failure is asserted.
68724	Canis aureus	144286662	11	811	1934	9			not_selected	NOT_SELECTED_TAXONOMIC_BALANCE	Provider species inventoried but not selected for the balanced 50-tip review set; no QC failure is asserted.
143281	Canis lupus baileyi	140606786	11	811	1934	9			not_selected	NOT_SELECTED_TAXONOMIC_BALANCE	Provider species inventoried but not selected for the balanced 50-tip review set; no QC failure is asserted.
286419	Canis lupus dingo	112655359	10	811	1934	8			not_selected	NOT_SELECTED_TAXONOMIC_BALANCE	Provider species inventoried but not selected for the balanced 50-tip review set; no QC failure is asserted.
9615	Canis lupus familiaris	403437	12	811	1934	10	NP_001013434.1		selected_for_reference_review	TAXONOMICALLY_BALANCED_REVIEW_SET	Selected for executable TaxID, similarity, and terminal-domain review; not yet approved for inference.
9925	Capra hircus	102173121	4	752	1851	3			not_selected	NOT_SELECTED_TAXONOMIC_BALANCE	Provider species inventoried but not selected for the balanced 50-tip review set; no QC failure is asserted.
34865	Capricornis sumatraensis	138082685	37	586	1855	18			not_selected	NOT_SELECTED_TAXONOMIC_BALANCE	Provider species inventoried but not selected for the balanced 50-tip review set; no QC failure is asserted.
111811	Caprimulgus europaeus	306729140	1	1811	1811	1			not_selected	NOT_SELECTED_TAXONOMIC_BALANCE	Provider species inventoried but not selected for the balanced 50-tip review set; no QC failure is asserted.
8467	Caretta caretta	125626664	6	752	1904	5			not_selected	NOT_SELECTED_TAXONOMIC_BALANCE	Provider species inventoried but not selected for the balanced 50-tip review set; no QC failure is asserted.
44489	Carettochelys insculpta	142002888	1	1893	1893	1			not_selected	NOT_SELECTED_TAXONOMIC_BALANCE	Provider species inventoried but not selected for the balanced 50-tip review set; no QC failure is asserted.
54380	Cariama cristata	104161284	1	1759	1759	1			not_selected	NOT_SELECTED_TAXONOMIC_BALANCE	Provider species inventoried but not selected for the balanced 50-tip review set; no QC failure is asserted.
1868482	Carlito syrichta	103267879	1	1678	1678	1			not_selected	NOT_SELECTED_TAXONOMIC_BALANCE	Provider species inventoried but not selected for the balanced 50-tip review set; no QC failure is asserted.
51338	Castor canadensis	109687320	8	713	1844	4			not_selected	NOT_SELECTED_TAXONOMIC_BALANCE	Provider species inventoried but not selected for the balanced 50-tip review set; no QC failure is asserted.
91951	Catharus ustulatus	117006327	1	1800	1800	1			not_selected	NOT_SELECTED_TAXONOMIC_BALANCE	Provider species inventoried but not selected for the balanced 50-tip review set; no QC failure is asserted.
10141	Cavia porcellus	100722339	6	747	1754	5	XP_013005150.1		selected_for_reference_review	TAXONOMICALLY_BALANCED_REVIEW_SET	Selected for executable TaxID, similarity, and terminal-domain review; not yet approved for inference.
2715852	Cebus imitator	108289781	8	720	1864	7	XP_017364815.1		selected_for_reference_review	TAXONOMICALLY_BALANCED_REVIEW_SET	Selected for executable TaxID, similarity, and terminal-domain review; not yet approved for inference.
9002	Centrocercus urophasianus	122170061	6	681	1746	5			not_selected	NOT_SELECTED_TAXONOMIC_BALANCE	Provider species inventoried but not selected for the balanced 50-tip review set; no QC failure is asserted.
73337	Ceratotherium simum simum	101387147	1	1941	1941	1			not_selected	NOT_SELECTED_TAXONOMIC_BALANCE	Provider species inventoried but not selected for the balanced 50-tip review set; no QC failure is asserted.
9531	Cercocebus atys	105579705	11	573	1862	7			not_selected	NOT_SELECTED_TAXONOMIC_BALANCE	Provider species inventoried but not selected for the balanced 50-tip review set; no QC failure is asserted.
1574408	Cervus canadensis	122441015	5	89	1860	4			not_selected	NOT_SELECTED_TAXONOMIC_BALANCE	Provider species inventoried but not selected for the balanced 50-tip review set; no QC failure is asserted.
9860	Cervus elaphus	122695171	4	1859	1860	4			not_selected	NOT_SELECTED_TAXONOMIC_BALANCE	Provider species inventoried but not selected for the balanced 50-tip review set; no QC failure is asserted.
8897	Chaetura pelagica	104385645	1	1731	1731	1			not_selected	NOT_SELECTED_TAXONOMIC_BALANCE	Provider species inventoried but not selected for the balanced 50-tip review set; no QC failure is asserted.
190680	Chamaea fasciata	136301755	2	1807	1808	2			not_selected	NOT_SELECTED_TAXONOMIC_BALANCE	Provider species inventoried but not selected for the balanced 50-tip review set; no QC failure is asserted.
50402	Charadrius vociferus	104294439	1	1763	1763	1			not_selected	NOT_SELECTED_TAXONOMIC_BALANCE	Provider species inventoried but not selected for the balanced 50-tip review set; no QC failure is asserted.
8469	Chelonia mydas	102936790	5	752	1908	4	XP_027690803.2		selected_for_reference_review	TAXONOMICALLY_BALANCED_REVIEW_SET	Selected for executable TaxID, similarity, and terminal-domain review; not yet approved for inference.
106734	Chelonoidis abingdonii	116820339	4	747	1901	3			not_selected	NOT_SELECTED_TAXONOMIC_BALANCE	Provider species inventoried but not selected for the balanced 50-tip review set; no QC failure is asserted.
34839	Chinchilla lanigera	102029928	5	1773	1863	5			not_selected	NOT_SELECTED_TAXONOMIC_BALANCE	Provider species inventoried but not selected for the balanced 50-tip review set; no QC failure is asserted.
269649	Chionomys nivalis	130878070	1	1803	1803	1			not_selected	NOT_SELECTED_TAXONOMIC_BALANCE	Provider species inventoried but not selected for the balanced 50-tip review set; no QC failure is asserted.
296741	Chiroxiphia lanceolata	116798806	4	1807	1808	4			not_selected	NOT_SELECTED_TAXONOMIC_BALANCE	Provider species inventoried but not selected for the balanced 50-tip review set; no QC failure is asserted.
187382	Chlamydotis macqueenii	104480680	1	1861	1861	1			not_selected	NOT_SELECTED_TAXONOMIC_BALANCE	Provider species inventoried but not selected for the balanced 50-tip review set; no QC failure is asserted.
60711	Chlorocebus sabaeus	103243855	21	719	1863	11			not_selected	NOT_SELECTED_TAXONOMIC_BALANCE	Provider species inventoried but not selected for the balanced 50-tip review set; no QC failure is asserted.
27675	Choloepus didactylus	119514151	8	760	1862	5	XP_037665688.1		selected_for_reference_review	TAXONOMICALLY_BALANCED_REVIEW_SET	Selected for executable TaxID, similarity, and terminal-domain review; not yet approved for inference.
1192867	Chroicocephalus ridibundus	134524464	3	1865	1866	3			not_selected	NOT_SELECTED_TAXONOMIC_BALANCE	Provider species inventoried but not selected for the balanced 50-tip review set; no QC failure is asserted.
8478	Chrysemys picta bellii	101942702	5	1861	1908	5	XP_023967135.2		selected_for_reference_review	TAXONOMICALLY_BALANCED_REVIEW_SET	Selected for executable TaxID, similarity, and terminal-domain review; not yet approved for inference.
185453	Chrysochloris asiatica	102833170	2	740	1815	1			not_selected	NOT_SELECTED_TAXONOMIC_BALANCE	Provider species inventoried but not selected for the balanced 50-tip review set; no QC failure is asserted.
52775	Ciconia boyciana	140662377	6	736	1864	4			not_selected	NOT_SELECTED_TAXONOMIC_BALANCE	Provider species inventoried but not selected for the balanced 50-tip review set; no QC failure is asserted.
127875	Cinclus cinclus	134053387	1	1804	1804	1			not_selected	NOT_SELECTED_TAXONOMIC_BALANCE	Provider species inventoried but not selected for the balanced 50-tip review set; no QC failure is asserted.
197941	Clangula hyemalis	310978814	1	1812	1812	1			not_selected	NOT_SELECTED_TAXONOMIC_BALANCE	Provider species inventoried but not selected for the balanced 50-tip review set; no QC failure is asserted.
3371016	Cnephaeus nilssonii	307115566	2	1864	1865	2			not_selected	NOT_SELECTED_TAXONOMIC_BALANCE	Provider species inventoried but not selected for the balanced 50-tip review set; no QC failure is asserted.
57412	Colius striatus	104555031	1	1808	1808	1			not_selected	NOT_SELECTED_TAXONOMIC_BALANCE	Provider species inventoried but not selected for the balanced 50-tip review set; no QC failure is asserted.
336983	Colobus angolensis palliatus	105503134	1	1825	1825	1			not_selected	NOT_SELECTED_TAXONOMIC_BALANCE	Provider species inventoried but not selected for the balanced 50-tip review set; no QC failure is asserted.
30423	Coloeus monedula	309582179	4	1616	1799	4			not_selected	NOT_SELECTED_TAXONOMIC_BALANCE	Provider species inventoried but not selected for the balanced 50-tip review set; no QC failure is asserted.
8932	Columba livia	102087906	7	1716	1739	7	XP_021136715.2		selected_for_reference_review	TAXONOMICALLY_BALANCED_REVIEW_SET	Selected for executable TaxID, similarity, and terminal-domain review; not yet approved for inference.
143302	Condylura cristata	101623561	2	694	753	0			not_selected	NO_SEQUENCE_WITHIN_LENGTH_GATE	No provider protein for this species passed the declared 0.75-1.10 query-length gate; no terminal-domain failure is asserted.
415028	Corapipo altera	113957400	1	1806	1806	1			not_selected	NOT_SELECTED_TAXONOMIC_BALANCE	Provider species inventoried but not selected for the balanced 50-tip review set; no QC failure is asserted.
932674	Corvus cornix cornix	104697774	5	1659	1804	5			not_selected	NOT_SELECTED_TAXONOMIC_BALANCE	Provider species inventoried but not selected for the balanced 50-tip review set; no QC failure is asserted.
134902	Corvus hawaiiensis	125331790	5	1767	1804	5			not_selected	NOT_SELECTED_TAXONOMIC_BALANCE	Provider species inventoried but not selected for the balanced 50-tip review set; no QC failure is asserted.
68294	Corvus kubaryi	121664487	6	1767	1804	6			not_selected	NOT_SELECTED_TAXONOMIC_BALANCE	Provider species inventoried but not selected for the balanced 50-tip review set; no QC failure is asserted.
1196302	Corvus moneduloides	116456006	6	1768	1804	6			not_selected	NOT_SELECTED_TAXONOMIC_BALANCE	Provider species inventoried but not selected for the balanced 50-tip review set; no QC failure is asserted.
93934	Coturnix japonica	107325322	9	620	1749	6			not_selected	NOT_SELECTED_TAXONOMIC_BALANCE	Provider species inventoried but not selected for the balanced 50-tip review set; no QC failure is asserted.
10029	Cricetulus griseus	100770724	15	718	1813	13			not_selected	NOT_SELECTED_TAXONOMIC_BALANCE	Provider species inventoried but not selected for the balanced 50-tip review set; no QC failure is asserted.
326986	Crinia signifera	146008345	3	1688	1716	3			not_selected	NOT_SELECTED_TAXONOMIC_BALANCE	Provider species inventoried but not selected for the balanced 50-tip review set; no QC failure is asserted.
8502	Crocodylus porosus	109320418	1	1845	1845	1	XP_019406054.1		selected_for_reference_review	TAXONOMICALLY_BALANCED_REVIEW_SET	Selected for executable TaxID, similarity, and terminal-domain review; not yet approved for inference.
9678	Crocuta crocuta	144224326	8	764	1871	4			not_selected	NOT_SELECTED_TAXONOMIC_BALANCE	Provider species inventoried but not selected for the balanced 50-tip review set; no QC failure is asserted.
88082	Crotalus tigris	120297989	3	1611	1611	3			not_selected	NOT_SELECTED_TAXONOMIC_BALANCE	Provider species inventoried but not selected for the balanced 50-tip review set; no QC failure is asserted.
55661	Cuculus canorus	104054453	2	1858	1859	2			not_selected	NOT_SELECTED_TAXONOMIC_BALANCE	Provider species inventoried but not selected for the balanced 50-tip review set; no QC failure is asserted.
156563	Cyanistes caeruleus	111940108	5	1803	1804	5			not_selected	NOT_SELECTED_TAXONOMIC_BALANCE	Provider species inventoried but not selected for the balanced 50-tip review set; no QC failure is asserted.
8868	Cygnus atratus	118259098	10	1797	1857	10			not_selected	NOT_SELECTED_TAXONOMIC_BALANCE	Provider species inventoried but not selected for the balanced 50-tip review set; no QC failure is asserted.
110926	Cygnus columbianus	309892091	11	1793	1854	11			not_selected	NOT_SELECTED_TAXONOMIC_BALANCE	Provider species inventoried but not selected for the balanced 50-tip review set; no QC failure is asserted.
8869	Cygnus olor	121059600	6	1843	1868	6			not_selected	NOT_SELECTED_TAXONOMIC_BALANCE	Provider species inventoried but not selected for the balanced 50-tip review set; no QC failure is asserted.
110931	Cynocephalus volans	134389599	1	731	731	0			not_selected	NO_SEQUENCE_WITHIN_LENGTH_GATE	No provider protein for this species passed the declared 0.75-1.10 query-length gate; no terminal-domain failure is asserted.
9017	Cyrtonyx montezumae	136056767	2	1528	1737	2			not_selected	NOT_SELECTED_TAXONOMIC_BALANCE	Provider species inventoried but not selected for the balanced 50-tip review set; no QC failure is asserted.
30532	Dama dama	133057534	9	758	1862	5			not_selected	NOT_SELECTED_TAXONOMIC_BALANCE	Provider species inventoried but not selected for the balanced 50-tip review set; no QC failure is asserted.
9361	Dasypus novemcinctus	101429125	6	754	1839	3	XP_058140293.1		selected_for_reference_review	TAXONOMICALLY_BALANCED_REVIEW_SET	Selected for executable TaxID, similarity, and terminal-domain review; not yet approved for inference.
9749	Delphinapterus leucas	111166258	7	765	1866	4			not_selected	NOT_SELECTED_TAXONOMIC_BALANCE	Provider species inventoried but not selected for the balanced 50-tip review set; no QC failure is asserted.
9728	Delphinus delphis	132414659	10	808	1862	9			not_selected	NOT_SELECTED_TAXONOMIC_BALANCE	Provider species inventoried but not selected for the balanced 50-tip review set; no QC failure is asserted.
92724	Dendrobates tinctorius	141075538	1	1525	1525	1			not_selected	NOT_SELECTED_TAXONOMIC_BALANCE	Provider species inventoried but not selected for the balanced 50-tip review set; no QC failure is asserted.
150705	Dendropsophus ebraccatus	138772990	1	1657	1657	1			not_selected	NOT_SELECTED_TAXONOMIC_BALANCE	Provider species inventoried but not selected for the balanced 50-tip review set; no QC failure is asserted.
27794	Dermochelys coriacea	119848890	4	1602	1891	4			not_selected	NOT_SELECTED_TAXONOMIC_BALANCE	Provider species inventoried but not selected for the balanced 50-tip review set; no QC failure is asserted.
9430	Desmodus rotundus	112298867	6	1790	1837	6			not_selected	NOT_SELECTED_TAXONOMIC_BALANCE	Provider species inventoried but not selected for the balanced 50-tip review set; no QC failure is asserted.
77932	Diceros bicornis minor	131417530	7	1859	1929	7			not_selected	NOT_SELECTED_TAXONOMIC_BALANCE	Provider species inventoried but not selected for the balanced 50-tip review set; no QC failure is asserted.
94247	Dipodomys merriami	138830896	6	1720	1800	6			not_selected	NOT_SELECTED_TAXONOMIC_BALANCE	Provider species inventoried but not selected for the balanced 50-tip review set; no QC failure is asserted.
10020	Dipodomys ordii	105997512	1	1753	1753	1			not_selected	NOT_SELECTED_TAXONOMIC_BALANCE	Provider species inventoried but not selected for the balanced 50-tip review set; no QC failure is asserted.
105255	Dipodomys spectabilis	122103440	4	1718	1800	4			not_selected	NOT_SELECTED_TAXONOMIC_BALANCE	Provider species inventoried but not selected for the balanced 50-tip review set; no QC failure is asserted.
8790	Dromaius novaehollandiae	112991230	6	739	1864	5	XP_025969353.2		selected_for_reference_review	TAXONOMICALLY_BALANCED_REVIEW_SET	Selected for executable TaxID, similarity, and terminal-domain review; not yet approved for inference.
33562	Dromiciops gliroides	122726560	1	1842	1842	1			not_selected	NOT_SELECTED_TAXONOMIC_BALANCE	Provider species inventoried but not selected for the balanced 50-tip review set; no QC failure is asserted.
118200	Dryobates pubescens	104300566	1	1729	1729	1			not_selected	NOT_SELECTED_TAXONOMIC_BALANCE	Provider species inventoried but not selected for the balanced 50-tip review set; no QC failure is asserted.
9371	Echinops telfairi	101639869	2	1758	1759	2			not_selected	NOT_SELECTED_TAXONOMIC_BALANCE	Provider species inventoried but not selected for the balanced 50-tip review set; no QC failure is asserted.
188379	Egretta garzetta	104134710	2	1723	1862	2			not_selected	NOT_SELECTED_TAXONOMIC_BALANCE	Provider species inventoried but not selected for the balanced 50-tip review set; no QC failure is asserted.
28737	Elephantulus edwardii	102867285	1	756	756	0			not_selected	NO_SEQUENCE_WITHIN_LENGTH_GATE	No provider protein for this species passed the declared 0.75-1.10 query-length gate; no terminal-domain failure is asserted.
99487	Elephas maximus indicus	126062563	3	1807	1858	3			not_selected	NOT_SELECTED_TAXONOMIC_BALANCE	Provider species inventoried but not selected for the balanced 50-tip review set; no QC failure is asserted.
57060	Eleutherodactylus coqui	136588483	4	1659	1666	4			not_selected	NOT_SELECTED_TAXONOMIC_BALANCE	Provider species inventoried but not selected for the balanced 50-tip review set; no QC failure is asserted.
159646	Elgaria multicarinata webbii	134399371	1	1702	1702	1			not_selected	NOT_SELECTED_TAXONOMIC_BALANCE	Provider species inventoried but not selected for the balanced 50-tip review set; no QC failure is asserted.
164674	Empidonax traillii	114063608	2	1789	1790	2			not_selected	NOT_SELECTED_TAXONOMIC_BALANCE	Provider species inventoried but not selected for the balanced 50-tip review set; no QC failure is asserted.
1129001	Emydura macquarii macquarii	137148532	2	1638	1902	2			not_selected	NOT_SELECTED_TAXONOMIC_BALANCE	Provider species inventoried but not selected for the balanced 50-tip review set; no QC failure is asserted.
82168	Emys orbicularis	135894453	1	1902	1902	1			not_selected	NOT_SELECTED_TAXONOMIC_BALANCE	Provider species inventoried but not selected for the balanced 50-tip review set; no QC failure is asserted.
76066	Engystomops pustulosus	140064664	4	1650	1651	4			not_selected	NOT_SELECTED_TAXONOMIC_BALANCE	Provider species inventoried but not selected for the balanced 50-tip review set; no QC failure is asserted.
391180	Enhydra lutris kenyoni	111151634	7	765	1886	5			not_selected	NOT_SELECTED_TAXONOMIC_BALANCE	Provider species inventoried but not selected for the balanced 50-tip review set; no QC failure is asserted.
7764	Eptatretus burgeri	147014290	2	2553	2579	0			not_selected	NO_SEQUENCE_WITHIN_LENGTH_GATE	No provider protein for this species passed the declared 0.75-1.10 query-length gate; no terminal-domain failure is asserted.
29078	Eptesicus fuscus	103293060	5	107	1885	4			not_selected	NOT_SELECTED_TAXONOMIC_BALANCE	Provider species inventoried but not selected for the balanced 50-tip review set; no QC failure is asserted.
9793	Equus asinus	106826352	9	755	1856	4			not_selected	NOT_SELECTED_TAXONOMIC_BALANCE	Provider species inventoried but not selected for the balanced 50-tip review set; no QC failure is asserted.
9796	Equus caballus	100051990	31	723	1856	10	XP_014595447.2		selected_for_reference_review	TAXONOMICALLY_BALANCED_REVIEW_SET	Selected for executable TaxID, similarity, and terminal-domain review; not yet approved for inference.
9798	Equus przewalskii	103566867	31	723	1856	10			not_selected	NOT_SELECTED_TAXONOMIC_BALANCE	Provider species inventoried but not selected for the balanced 50-tip review set; no QC failure is asserted.
89248	Equus quagga	124247451	3	992	1856	2			not_selected	NOT_SELECTED_TAXONOMIC_BALANCE	Provider species inventoried but not selected for the balanced 50-tip review set; no QC failure is asserted.
27787	Eretmochelys imbricata	144257952	2	702	752	0			not_selected	NO_SEQUENCE_WITHIN_LENGTH_GATE	No provider protein for this species passed the declared 0.75-1.10 query-length gate; no terminal-domain failure is asserted.
9365	Erinaceus europaeus	103125983	1	1838	1838	1	XP_060059410.1		selected_for_reference_review	TAXONOMICALLY_BALANCED_REVIEW_SET	Selected for executable TaxID, similarity, and terminal-domain review; not yet approved for inference.
37610	Erithacus rubecula	306812816	6	1798	1799	6			not_selected	NOT_SELECTED_TAXONOMIC_BALANCE	Provider species inventoried but not selected for the balanced 50-tip review set; no QC failure is asserted.
121349	Erythrolamprus reginae	139153272	3	588	1065	0			not_selected	NO_SEQUENCE_WITHIN_LENGTH_GATE	No provider protein for this species passed the declared 0.75-1.10 query-length gate; no terminal-domain failure is asserted.
9764	Eschrichtius robustus	137754227	11	757	1861	7			not_selected	NOT_SELECTED_TAXONOMIC_BALANCE	Provider species inventoried but not selected for the balanced 50-tip review set; no QC failure is asserted.
27606	Eubalaena glacialis	133080004	50	690	1861	29			not_selected	NOT_SELECTED_TAXONOMIC_BALANCE	Provider species inventoried but not selected for the balanced 50-tip review set; no QC failure is asserted.
481883	Eublepharis macularius	129339088	1	1699	1699	1			not_selected	NOT_SELECTED_TAXONOMIC_BALANCE	Provider species inventoried but not selected for the balanced 50-tip review set; no QC failure is asserted.
859984	Eulemur rufifrons	138392157	50	681	1860	22			not_selected	NOT_SELECTED_TAXONOMIC_BALANCE	Provider species inventoried but not selected for the balanced 50-tip review set; no QC failure is asserted.
34886	Eumetopias jubatus	114201332	12	804	1912	10			not_selected	NOT_SELECTED_TAXONOMIC_BALANCE	Provider species inventoried but not selected for the balanced 50-tip review set; no QC failure is asserted.
54383	Eurypyga helias	104513407	1	1424	1424	1			not_selected	NOT_SELECTED_TAXONOMIC_BALANCE	Provider species inventoried but not selected for the balanced 50-tip review set; no QC failure is asserted.
46218	Excalfactoria chinensis	140262266	3	1700	1747	3			not_selected	NOT_SELECTED_TAXONOMIC_BALANCE	Provider species inventoried but not selected for the balanced 50-tip review set; no QC failure is asserted.
345155	Falco biarmicus	130160230	4	738	1861	2			not_selected	NOT_SELECTED_TAXONOMIC_BALANCE	Provider species inventoried but not selected for the balanced 50-tip review set; no QC failure is asserted.
345164	Falco cherrug	102051878	4	738	1860	2			not_selected	NOT_SELECTED_TAXONOMIC_BALANCE	Provider species inventoried but not selected for the balanced 50-tip review set; no QC failure is asserted.
148594	Falco naumanni	121098859	4	738	1859	2			not_selected	NOT_SELECTED_TAXONOMIC_BALANCE	Provider species inventoried but not selected for the balanced 50-tip review set; no QC failure is asserted.
8954	Falco peregrinus	106112589	4	738	1861	2			not_selected	NOT_SELECTED_TAXONOMIC_BALANCE	Provider species inventoried but not selected for the balanced 50-tip review set; no QC failure is asserted.
148596	Falco punctatus	308055659	5	739	1849	3			not_selected	NOT_SELECTED_TAXONOMIC_BALANCE	Provider species inventoried but not selected for the balanced 50-tip review set; no QC failure is asserted.
120794	Falco rusticolus	119158747	4	738	1860	2			not_selected	NOT_SELECTED_TAXONOMIC_BALANCE	Provider species inventoried but not selected for the balanced 50-tip review set; no QC failure is asserted.
9685	Felis catus	101081937	9	765	1873	7	XP_019673492.2		selected_for_reference_review	TAXONOMICALLY_BALANCED_REVIEW_SET	Selected for executable TaxID, similarity, and terminal-domain review; not yet approved for inference.
59894	Ficedula albicollis	101814437	4	1804	1805	4			not_selected	NOT_SELECTED_TAXONOMIC_BALANCE	Provider species inventoried but not selected for the balanced 50-tip review set; no QC failure is asserted.
37598	Fringilla coelebs	311163314	1	1796	1796	1			not_selected	NOT_SELECTED_TAXONOMIC_BALANCE	Provider species inventoried but not selected for the balanced 50-tip review set; no QC failure is asserted.
885580	Fukomys damarensis	104875456	10	1690	1746	10			not_selected	NOT_SELECTED_TAXONOMIC_BALANCE	Provider species inventoried but not selected for the balanced 50-tip review set; no QC failure is asserted.
30455	Fulmarus glacialis	104083261	1	1860	1860	1			not_selected	NOT_SELECTED_TAXONOMIC_BALANCE	Provider species inventoried but not selected for the balanced 50-tip review set; no QC failure is asserted.
482537	Galeopterus variegatus	103589870	1	1780	1780	1			not_selected	NOT_SELECTED_TAXONOMIC_BALANCE	Provider species inventoried but not selected for the balanced 50-tip review set; no QC failure is asserted.
9123	Gallinula chloropus	311201123	1	1838	1838	1			not_selected	NOT_SELECTED_TAXONOMIC_BALANCE	Provider species inventoried but not selected for the balanced 50-tip review set; no QC failure is asserted.
9031	Gallus gallus	373983	5	1749	1750	5	NP_989500.1		selected_for_reference_review	TAXONOMICALLY_BALANCED_REVIEW_SET	Selected for executable TaxID, similarity, and terminal-domain review; not yet approved for inference.
37040	Gavia stellata	104256017	1	1856	1856	1			not_selected	NOT_SELECTED_TAXONOMIC_BALANCE	Provider species inventoried but not selected for the balanced 50-tip review set; no QC failure is asserted.
94835	Gavialis gangeticus	109289366	5	1847	1877	5	XP_019360910.1		selected_for_reference_review	TAXONOMICALLY_BALANCED_REVIEW_SET	Selected for executable TaxID, similarity, and terminal-domain review; not yet approved for inference.
146911	Gekko japonicus	107106320	1	167	167	0			not_selected	NO_SEQUENCE_WITHIN_LENGTH_GATE	No provider protein for this species passed the declared 0.75-1.10 query-length gate; no terminal-domain failure is asserted.
48883	Geospiza fortis	102034543	3	1793	1794	3			not_selected	NOT_SELECTED_TAXONOMIC_BALANCE	Provider species inventoried but not selected for the balanced 50-tip review set; no QC failure is asserted.
260995	Geotrypetes seraphini	117347289	3	1902	1903	3			not_selected	NOT_SELECTED_TAXONOMIC_BALANCE	Provider species inventoried but not selected for the balanced 50-tip review set; no QC failure is asserted.
439328	Giraffa tippelskirchi	145541291	16	758	1905	9			not_selected	NOT_SELECTED_TAXONOMIC_BALANCE	Provider species inventoried but not selected for the balanced 50-tip review set; no QC failure is asserted.
9731	Globicephala melas	115843746	17	738	1862	9			not_selected	NOT_SELECTED_TAXONOMIC_BALANCE	Provider species inventoried but not selected for the balanced 50-tip review set; no QC failure is asserted.
1825980	Gopherus evgoodei	115638951	6	749	1903	5			not_selected	NOT_SELECTED_TAXONOMIC_BALANCE	Provider species inventoried but not selected for the balanced 50-tip review set; no QC failure is asserted.
286002	Gopherus flavomarginatus	127040653	5	749	1903	4			not_selected	NOT_SELECTED_TAXONOMIC_BALANCE	Provider species inventoried but not selected for the balanced 50-tip review set; no QC failure is asserted.
9595	Gorilla gorilla gorilla	101138567	50	716	1863	24			not_selected	NOT_SELECTED_TAXONOMIC_BALANCE	Provider species inventoried but not selected for the balanced 50-tip review set; no QC failure is asserted.
191870	Gracilinanus agilis	123245322	1	1793	1793	1			not_selected	NOT_SELECTED_TAXONOMIC_BALANCE	Provider species inventoried but not selected for the balanced 50-tip review set; no QC failure is asserted.
491861	Grammomys surdaster	114632157	1	1812	1812	1			not_selected	NOT_SELECTED_TAXONOMIC_BALANCE	Provider species inventoried but not selected for the balanced 50-tip review set; no QC failure is asserted.
83653	Grampus griseus	309837579	8	764	1861	4			not_selected	NOT_SELECTED_TAXONOMIC_BALANCE	Provider species inventoried but not selected for the balanced 50-tip review set; no QC failure is asserted.
9117	Grus americana	129195550	7	735	1833	5			not_selected	NOT_SELECTED_TAXONOMIC_BALANCE	Provider species inventoried but not selected for the balanced 50-tip review set; no QC failure is asserted.
40816	Grus grus	308708164	5	736	1833	3			not_selected	NOT_SELECTED_TAXONOMIC_BALANCE	Provider species inventoried but not selected for the balanced 50-tip review set; no QC failure is asserted.
33616	Gymnogyps californianus	127026385	2	1865	1866	2			not_selected	NOT_SELECTED_TAXONOMIC_BALANCE	Provider species inventoried but not selected for the balanced 50-tip review set; no QC failure is asserted.
30427	Haemorhous mexicanus	132338959	3	692	1798	2			not_selected	NOT_SELECTED_TAXONOMIC_BALANCE	Provider species inventoried but not selected for the balanced 50-tip review set; no QC failure is asserted.
8969	Haliaeetus albicilla	104325729	3	739	1865	2			not_selected	NOT_SELECTED_TAXONOMIC_BALANCE	Provider species inventoried but not selected for the balanced 50-tip review set; no QC failure is asserted.
52644	Haliaeetus leucocephalus	104842963	1	1823	1823	1			not_selected	NOT_SELECTED_TAXONOMIC_BALANCE	Provider species inventoried but not selected for the balanced 50-tip review set; no QC failure is asserted.
9711	Halichoerus grypus	118537778	6	792	1903	5			not_selected	NOT_SELECTED_TAXONOMIC_BALANCE	Provider species inventoried but not selected for the balanced 50-tip review set; no QC failure is asserted.
202280	Harpia harpyja	128141042	4	739	1867	3			not_selected	NOT_SELECTED_TAXONOMIC_BALANCE	Provider species inventoried but not selected for the balanced 50-tip review set; no QC failure is asserted.
472823	Heliangelus exortis	139788410	2	1656	1657	2			not_selected	NOT_SELECTED_TAXONOMIC_BALANCE	Provider species inventoried but not selected for the balanced 50-tip review set; no QC failure is asserted.
8554	Heloderma suspectum	146344410	10	1455	1760	10			not_selected	NOT_SELECTED_TAXONOMIC_BALANCE	Provider species inventoried but not selected for the balanced 50-tip review set; no QC failure is asserted.
884348	Hemicordylus capensis	128329255	4	1737	1758	4			not_selected	NOT_SELECTED_TAXONOMIC_BALANCE	Provider species inventoried but not selected for the balanced 50-tip review set; no QC failure is asserted.
1608482	Herpailurus yagouaroundi	121045059	8	765	1874	6			not_selected	NOT_SELECTED_TAXONOMIC_BALANCE	Provider species inventoried but not selected for the balanced 50-tip review set; no QC failure is asserted.
10181	Heterocephalus glaber	101705460	18	713	1802	15			not_selected	NOT_SELECTED_TAXONOMIC_BALANCE	Provider species inventoried but not selected for the balanced 50-tip review set; no QC failure is asserted.
13085	Heteronotia binoei	132583653	1	1609	1609	1			not_selected	NOT_SELECTED_TAXONOMIC_BALANCE	Provider species inventoried but not selected for the balanced 50-tip review set; no QC failure is asserted.
575201	Hippopotamus amphibius kiboko	130839836	1	968	968	0			not_selected	NO_SEQUENCE_WITHIN_LENGTH_GATE	No provider protein for this species passed the declared 0.75-1.10 query-length gate; no terminal-domain failure is asserted.
186990	Hipposideros armiger	109395752	1	754	754	0			not_selected	NO_SEQUENCE_WITHIN_LENGTH_GATE	No provider protein for this species passed the declared 0.75-1.10 query-length gate; no terminal-domain failure is asserted.
43150	Hirundo rustica	120763879	5	1811	1812	5			not_selected	NOT_SELECTED_TAXONOMIC_BALANCE	Provider species inventoried but not selected for the balanced 50-tip review set; no QC failure is asserted.
9606	Homo sapiens	672	368	451	1885	231	NP_009225.1		selected_for_reference_review	TAXONOMICALLY_BALANCED_REVIEW_SET	Selected for executable TaxID, similarity, and terminal-domain review; not yet approved for inference.
95912	Hyaena hyaena	120226086	5	765	1871	3			not_selected	NOT_SELECTED_TAXONOMIC_BALANCE	Provider species inventoried but not selected for the balanced 50-tip review set; no QC failure is asserted.
327740	Hyla sarda	130296652	2	1714	1734	2			not_selected	NOT_SELECTED_TAXONOMIC_BALANCE	Provider species inventoried but not selected for the balanced 50-tip review set; no QC failure is asserted.
81572	Hylobates moloch	116474903	29	730	1861	18			not_selected	NOT_SELECTED_TAXONOMIC_BALANCE	Provider species inventoried but not selected for the balanced 50-tip review set; no QC failure is asserted.
752182	Hyperolius riggenbachi	137542479	9	1481	1643	9			not_selected	NOT_SELECTED_TAXONOMIC_BALANCE	Provider species inventoried but not selected for the balanced 50-tip review set; no QC failure is asserted.
48744	Hyperoodon ampullatus	307068191	1	1870	1870	1			not_selected	NOT_SELECTED_TAXONOMIC_BALANCE	Provider species inventoried but not selected for the balanced 50-tip review set; no QC failure is asserted.
43179	Ictidomys tridecemlineatus	101956834	5	770	1910	3			not_selected	NOT_SELECTED_TAXONOMIC_BALANCE	Provider species inventoried but not selected for the balanced 50-tip review set; no QC failure is asserted.
1002788	Indicator indicator	128978821	1	1736	1736	1			not_selected	NOT_SELECTED_TAXONOMIC_BALANCE	Provider species inventoried but not selected for the balanced 50-tip review set; no QC failure is asserted.
51337	Jaculus jaculus	101597778	2	1817	1818	2			not_selected	NOT_SELECTED_TAXONOMIC_BALANCE	Provider species inventoried but not selected for the balanced 50-tip review set; no QC failure is asserted.
27615	Kogia breviceps	131746627	2	731	757	0			not_selected	NO_SEQUENCE_WITHIN_LENGTH_GATE	No provider protein for this species passed the declared 0.75-1.10 query-length gate; no terminal-domain failure is asserted.
80427	Lacerta agilis	117058198	1	1691	1691	1			not_selected	NOT_SELECTED_TAXONOMIC_BALANCE	Provider species inventoried but not selected for the balanced 50-tip review set; no QC failure is asserted.
27610	Lagenorhynchus albirostris	132512024	35	725	1908	32			not_selected	NOT_SELECTED_TAXONOMIC_BALANCE	Provider species inventoried but not selected for the balanced 50-tip review set; no QC failure is asserted.
30410	Lagopus leucura	122189084	1	194	194	0			not_selected	NO_SEQUENCE_WITHIN_LENGTH_GATE	No provider protein for this species passed the declared 0.75-1.10 query-length gate; no terminal-domain failure is asserted.
64668	Lagopus muta	125684604	7	1686	1746	7			not_selected	NOT_SELECTED_TAXONOMIC_BALANCE	Provider species inventoried but not selected for the balanced 50-tip review set; no QC failure is asserted.
35669	Larus argentatus	309456578	11	1727	1866	11			not_selected	NOT_SELECTED_TAXONOMIC_BALANCE	Provider species inventoried but not selected for the balanced 50-tip review set; no QC failure is asserted.
119627	Larus michahellis	141732732	3	1865	1866	3			not_selected	NOT_SELECTED_TAXONOMIC_BALANCE	Provider species inventoried but not selected for the balanced 50-tip review set; no QC failure is asserted.
678569	Lathamus discolor	136023888	3	733	1816	1			not_selected	NOT_SELECTED_TAXONOMIC_BALANCE	Provider species inventoried but not selected for the balanced 50-tip review set; no QC failure is asserted.
9447	Lemur catta	123620994	7	761	1849	4	XP_045382602.1		selected_for_reference_review	TAXONOMICALLY_BALANCED_REVIEW_SET	Selected for executable TaxID, similarity, and terminal-domain review; not yet approved for inference.
46844	Leopardus geoffroyi	123603771	7	764	1873	5			not_selected	NOT_SELECTED_TAXONOMIC_BALANCE	Provider species inventoried but not selected for the balanced 50-tip review set; no QC failure is asserted.
8472	Lepidochelys kempii	140903989	5	1705	1906	5			not_selected	NOT_SELECTED_TAXONOMIC_BALANCE	Provider species inventoried but not selected for the balanced 50-tip review set; no QC failure is asserted.
27788	Lepidochelys olivacea	311513863	2	1766	1905	2			not_selected	NOT_SELECTED_TAXONOMIC_BALANCE	Provider species inventoried but not selected for the balanced 50-tip review set; no QC failure is asserted.
321398	Lepidothrix coronata	108506825	5	1762	1809	5			not_selected	NOT_SELECTED_TAXONOMIC_BALANCE	Provider species inventoried but not selected for the balanced 50-tip review set; no QC failure is asserted.
238119	Leptodactylus fuscus	142208659	1	1673	1673	1			not_selected	NOT_SELECTED_TAXONOMIC_BALANCE	Provider species inventoried but not selected for the balanced 50-tip review set; no QC failure is asserted.
9713	Leptonychotes weddellii	102739775	15	791	1904	10			not_selected	NOT_SELECTED_TAXONOMIC_BALANCE	Provider species inventoried but not selected for the balanced 50-tip review set; no QC failure is asserted.
188344	Leptosomus discolor	104347778	2	1750	1813	2			not_selected	NOT_SELECTED_TAXONOMIC_BALANCE	Provider species inventoried but not selected for the balanced 50-tip review set; no QC failure is asserted.
9983	Lepus europaeus	133746654	8	735	1853	4			not_selected	NOT_SELECTED_TAXONOMIC_BALANCE	Provider species inventoried but not selected for the balanced 50-tip review set; no QC failure is asserted.
7753	Lethenteron reissneri	133358380	2	300	300	0			not_selected	NO_SEQUENCE_WITHIN_LENGTH_GATE	No provider protein for this species passed the declared 0.75-1.10 query-length gate; no terminal-domain failure is asserted.
3371109	Leucopleurus acutus	309975841	29	684	1862	1			not_selected	NOT_SELECTED_TAXONOMIC_BALANCE	Provider species inventoried but not selected for the balanced 50-tip review set; no QC failure is asserted.
1497555	Lichenostomus cassidix	146426534	3	1779	1780	3			not_selected	NOT_SELECTED_TAXONOMIC_BALANCE	Provider species inventoried but not selected for the balanced 50-tip review set; no QC failure is asserted.
118797	Lipotes vexillifer	103081109	1	727	727	0			not_selected	NO_SEQUENCE_WITHIN_LENGTH_GATE	No provider protein for this species passed the declared 0.75-1.10 query-length gate; no terminal-domain failure is asserted.
256425	Lissotriton helveticus	144755917	2	1950	1951	2			not_selected	NOT_SELECTED_TAXONOMIC_BALANCE	Provider species inventoried but not selected for the balanced 50-tip review set; no QC failure is asserted.
8324	Lissotriton vulgaris	147717113	9	1908	1996	9			not_selected	NOT_SELECTED_TAXONOMIC_BALANCE	Provider species inventoried but not selected for the balanced 50-tip review set; no QC failure is asserted.
8404	Lithobates pipiens	143935551	2	1633	1633	2			not_selected	NOT_SELECTED_TAXONOMIC_BALANCE	Provider species inventoried but not selected for the balanced 50-tip review set; no QC failure is asserted.
40157	Lonchura striata	110471836	9	1799	1806	9			not_selected	NOT_SELECTED_TAXONOMIC_BALANCE	Provider species inventoried but not selected for the balanced 50-tip review set; no QC failure is asserted.
76717	Lontra canadensis	116875910	12	775	1886	9			not_selected	NOT_SELECTED_TAXONOMIC_BALANCE	Provider species inventoried but not selected for the balanced 50-tip review set; no QC failure is asserted.
9785	Loxodonta africana	100653763	2	1858	1858	2	XP_003414318.3		selected_for_reference_review	TAXONOMICALLY_BALANCED_REVIEW_SET	Selected for executable TaxID, similarity, and terminal-domain review; not yet approved for inference.
9657	Lutra lutra	125086735	12	770	1880	9			not_selected	NOT_SELECTED_TAXONOMIC_BALANCE	Provider species inventoried but not selected for the balanced 50-tip review set; no QC failure is asserted.
61383	Lynx canadensis	115500605	1	1873	1873	1			not_selected	NOT_SELECTED_TAXONOMIC_BALANCE	Provider species inventoried but not selected for the balanced 50-tip review set; no QC failure is asserted.
61384	Lynx rufus	124522205	5	1722	1874	5			not_selected	NOT_SELECTED_TAXONOMIC_BALANCE	Provider species inventoried but not selected for the balanced 50-tip review set; no QC failure is asserted.
9541	Macaca fascicularis	102121313	38	574	1893	33			not_selected	NOT_SELECTED_TAXONOMIC_BALANCE	Provider species inventoried but not selected for the balanced 50-tip review set; no QC failure is asserted.
9544	Macaca mulatta	712634	51	720	1885	12	NP_001108421.1		selected_for_reference_review	TAXONOMICALLY_BALANCED_REVIEW_SET	Selected for executable TaxID, similarity, and terminal-domain review; not yet approved for inference.
9545	Macaca nemestrina	105472075	17	574	1863	15			not_selected	NOT_SELECTED_TAXONOMIC_BALANCE	Provider species inventoried but not selected for the balanced 50-tip review set; no QC failure is asserted.
257877	Macaca thibetana thibetana	126938407	11	1816	1863	11			not_selected	NOT_SELECTED_TAXONOMIC_BALANCE	Provider species inventoried but not selected for the balanced 50-tip review set; no QC failure is asserted.
92651	Macrotis lagotis	141513703	4	1698	1835	4	XP_074079897.1		selected_for_reference_review	TAXONOMICALLY_BALANCED_REVIEW_SET	Selected for executable TaxID, similarity, and terminal-domain review; not yet approved for inference.
2991368	Malaclemys terrapin pileata	128828986	4	1857	1904	4			not_selected	NOT_SELECTED_TAXONOMIC_BALANCE	Provider species inventoried but not selected for the balanced 50-tip review set; no QC failure is asserted.
175006	Malurus melanocephalus	130581425	1	1767	1767	1			not_selected	NOT_SELECTED_TAXONOMIC_BALANCE	Provider species inventoried but not selected for the balanced 50-tip review set; no QC failure is asserted.
415023	Manacus candei	127474264	6	1666	1808	6			not_selected	NOT_SELECTED_TAXONOMIC_BALANCE	Provider species inventoried but not selected for the balanced 50-tip review set; no QC failure is asserted.
328815	Manacus vitellinus	103757826	1	1808	1808	1			not_selected	NOT_SELECTED_TAXONOMIC_BALANCE	Provider species inventoried but not selected for the balanced 50-tip review set; no QC failure is asserted.
9568	Mandrillus leucophaeus	105553071	1	688	688	0			not_selected	NO_SEQUENCE_WITHIN_LENGTH_GATE	No provider protein for this species passed the declared 0.75-1.10 query-length gate; no terminal-domain failure is asserted.
9974	Manis javanica	108394617	1	1016	1016	0			not_selected	NO_SEQUENCE_WITHIN_LENGTH_GATE	No provider protein for this species passed the declared 0.75-1.10 query-length gate; no terminal-domain failure is asserted.
143292	Manis pentadactyla	118911247	1	1014	1014	0			not_selected	NO_SEQUENCE_WITHIN_LENGTH_GATE	No provider protein for this species passed the declared 0.75-1.10 query-length gate; no terminal-domain failure is asserted.
93162	Marmota flaviventris	114101931	4	771	1875	3			not_selected	NOT_SELECTED_TAXONOMIC_BALANCE	Provider species inventoried but not selected for the balanced 50-tip review set; no QC failure is asserted.
9994	Marmota marmota marmota	107150537	4	771	1875	3			not_selected	NOT_SELECTED_TAXONOMIC_BALANCE	Provider species inventoried but not selected for the balanced 50-tip review set; no QC failure is asserted.
9995	Marmota monax	124094043	5	770	1868	3			not_selected	NOT_SELECTED_TAXONOMIC_BALANCE	Provider species inventoried but not selected for the balanced 50-tip review set; no QC failure is asserted.
29065	Martes martes	308356624	1	1876	1876	1			not_selected	NOT_SELECTED_TAXONOMIC_BALANCE	Provider species inventoried but not selected for the balanced 50-tip review set; no QC failure is asserted.
35658	Mastomys coucha	116078743	1	1820	1820	1			not_selected	NOT_SELECTED_TAXONOMIC_BALANCE	Provider species inventoried but not selected for the balanced 50-tip review set; no QC failure is asserted.
74926	Mauremys mutica	123356513	3	1899	1901	3			not_selected	NOT_SELECTED_TAXONOMIC_BALANCE	Provider species inventoried but not selected for the balanced 50-tip review set; no QC failure is asserted.
260615	Mauremys reevesii	120392042	3	1901	1901	3			not_selected	NOT_SELECTED_TAXONOMIC_BALANCE	Provider species inventoried but not selected for the balanced 50-tip review set; no QC failure is asserted.
211600	Melanerpes formicivorus	137455939	5	1516	1711	5			not_selected	NOT_SELECTED_TAXONOMIC_BALANCE	Provider species inventoried but not selected for the balanced 50-tip review set; no QC failure is asserted.
9103	Meleagris gallopavo	100548521	6	1500	1707	6			not_selected	NOT_SELECTED_TAXONOMIC_BALANCE	Provider species inventoried but not selected for the balanced 50-tip review set; no QC failure is asserted.
9662	Meles meles	123930182	5	1873	1885	5			not_selected	NOT_SELECTED_TAXONOMIC_BALANCE	Provider species inventoried but not selected for the balanced 50-tip review set; no QC failure is asserted.
13146	Melopsittacus undulatus	101870799	2	1817	1818	2	XP_030901062.1		selected_for_reference_review	TAXONOMICALLY_BALANCED_REVIEW_SET	Selected for executable TaxID, similarity, and terminal-domain review; not yet approved for inference.
44398	Melospiza georgiana	131094341	2	1788	1789	2			not_selected	NOT_SELECTED_TAXONOMIC_BALANCE	Provider species inventoried but not selected for the balanced 50-tip review set; no QC failure is asserted.
1914991	Melospiza melodia melodia	134431146	2	1789	1790	2			not_selected	NOT_SELECTED_TAXONOMIC_BALANCE	Provider species inventoried but not selected for the balanced 50-tip review set; no QC failure is asserted.
40204	Melozone crissalis	128940008	1	1785	1785	1			not_selected	NOT_SELECTED_TAXONOMIC_BALANCE	Provider species inventoried but not selected for the balanced 50-tip review set; no QC failure is asserted.
10047	Meriones unguiculatus	110550902	9	708	1827	6			not_selected	NOT_SELECTED_TAXONOMIC_BALANCE	Provider species inventoried but not selected for the balanced 50-tip review set; no QC failure is asserted.
57421	Merops nubicus	103774230	1	1811	1811	1			not_selected	NOT_SELECTED_TAXONOMIC_BALANCE	Provider species inventoried but not selected for the balanced 50-tip review set; no QC failure is asserted.
54374	Mesitornis unicolor	104537348	1	1818	1818	1			not_selected	NOT_SELECTED_TAXONOMIC_BALANCE	Provider species inventoried but not selected for the balanced 50-tip review set; no QC failure is asserted.
10036	Mesocricetus auratus	101840909	9	693	1806	6			not_selected	NOT_SELECTED_TAXONOMIC_BALANCE	Provider species inventoried but not selected for the balanced 50-tip review set; no QC failure is asserted.
48745	Mesoplodon bidens	308607939	1	765	765	0			not_selected	NO_SEQUENCE_WITHIN_LENGTH_GATE	No provider protein for this species passed the declared 0.75-1.10 query-length gate; no terminal-domain failure is asserted.
48708	Mesoplodon densirostris	132477900	4	758	1863	2			not_selected	NOT_SELECTED_TAXONOMIC_BALANCE	Provider species inventoried but not selected for the balanced 50-tip review set; no QC failure is asserted.
52113	Mesoplodon mirus	309793879	1	765	765	0			not_selected	NO_SEQUENCE_WITHIN_LENGTH_GATE	No provider protein for this species passed the declared 0.75-1.10 query-length gate; no terminal-domain failure is asserted.
1415580	Microcaecilia unicolor	115481752	1	1902	1902	1			not_selected	NOT_SELECTED_TAXONOMIC_BALANCE	Provider species inventoried but not selected for the balanced 50-tip review set; no QC failure is asserted.
30608	Microcebus murinus	105859393	8	754	1854	4			not_selected	NOT_SELECTED_TAXONOMIC_BALANCE	Provider species inventoried but not selected for the balanced 50-tip review set; no QC failure is asserted.
13151	Micromys minutus	308426606	1	1806	1806	1			not_selected	NOT_SELECTED_TAXONOMIC_BALANCE	Provider species inventoried but not selected for the balanced 50-tip review set; no QC failure is asserted.
79684	Microtus ochrogaster	101998006	2	1505	1795	2			not_selected	NOT_SELECTED_TAXONOMIC_BALANCE	Provider species inventoried but not selected for the balanced 50-tip review set; no QC failure is asserted.
111838	Microtus oregoni	121442452	5	1801	1816	5			not_selected	NOT_SELECTED_TAXONOMIC_BALANCE	Provider species inventoried but not selected for the balanced 50-tip review set; no QC failure is asserted.
10058	Microtus pennsylvanicus	142859976	5	1792	1807	5			not_selected	NOT_SELECTED_TAXONOMIC_BALANCE	Provider species inventoried but not selected for the balanced 50-tip review set; no QC failure is asserted.
291302	Miniopterus natalensis	107528909	10	750	1873	7			not_selected	NOT_SELECTED_TAXONOMIC_BALANCE	Provider species inventoried but not selected for the balanced 50-tip review set; no QC failure is asserted.
9433	Miniopterus schreibersii	308568551	12	759	1874	8			not_selected	NOT_SELECTED_TAXONOMIC_BALANCE	Provider species inventoried but not selected for the balanced 50-tip review set; no QC failure is asserted.
9716	Mirounga angustirostris	123853951	15	791	1903	10			not_selected	NOT_SELECTED_TAXONOMIC_BALANCE	Provider species inventoried but not selected for the balanced 50-tip review set; no QC failure is asserted.
9715	Mirounga leonina	118024950	2	811	1406	1			not_selected	NOT_SELECTED_TAXONOMIC_BALANCE	Provider species inventoried but not selected for the balanced 50-tip review set; no QC failure is asserted.
3061075	Mixophyes fleayi	142094849	2	1690	1690	2			not_selected	NOT_SELECTED_TAXONOMIC_BALANCE	Provider species inventoried but not selected for the balanced 50-tip review set; no QC failure is asserted.
27622	Molossus molossus	118634791	12	743	1863	7			not_selected	NOT_SELECTED_TAXONOMIC_BALANCE	Provider species inventoried but not selected for the balanced 50-tip review set; no QC failure is asserted.
84833	Molothrus aeneus	136567307	1	1782	1782	1			not_selected	NOT_SELECTED_TAXONOMIC_BALANCE	Provider species inventoried but not selected for the balanced 50-tip review set; no QC failure is asserted.
84834	Molothrus ater	118696767	1	1779	1779	1			not_selected	NOT_SELECTED_TAXONOMIC_BALANCE	Provider species inventoried but not selected for the balanced 50-tip review set; no QC failure is asserted.
13616	Monodelphis domestica	554178	4	1838	1840	4	NP_001029141.1		selected_for_reference_review	TAXONOMICALLY_BALANCED_REVIEW_SET	Selected for executable TaxID, similarity, and terminal-domain review; not yet approved for inference.
40151	Monodon monoceros	114889332	10	765	1868	6			not_selected	NOT_SELECTED_TAXONOMIC_BALANCE	Provider species inventoried but not selected for the balanced 50-tip review set; no QC failure is asserted.
68408	Moschus berezovskii	129544459	8	746	1844	6			not_selected	NOT_SELECTED_TAXONOMIC_BALANCE	Provider species inventoried but not selected for the balanced 50-tip review set; no QC failure is asserted.
1094192	Motacilla alba alba	119712206	8	1642	1787	8			not_selected	NOT_SELECTED_TAXONOMIC_BALANCE	Provider species inventoried but not selected for the balanced 50-tip review set; no QC failure is asserted.
9886	Muntiacus reevesi	136148989	1	758	758	0			not_selected	NO_SEQUENCE_WITHIN_LENGTH_GATE	No provider protein for this species passed the declared 0.75-1.10 query-length gate; no terminal-domain failure is asserted.
10089	Mus caroli	110304614	1	1809	1809	1			not_selected	NOT_SELECTED_TAXONOMIC_BALANCE	Provider species inventoried but not selected for the balanced 50-tip review set; no QC failure is asserted.
10090	Mus musculus	12189	5	707	1812	4	NP_033894.3		selected_for_reference_review	TAXONOMICALLY_BALANCED_REVIEW_SET	Selected for executable TaxID, similarity, and terminal-domain review; not yet approved for inference.
10093	Mus pahari	110331180	2	1813	1814	2			not_selected	NOT_SELECTED_TAXONOMIC_BALANCE	Provider species inventoried but not selected for the balanced 50-tip review set; no QC failure is asserted.
39082	Muscardinus avellanarius	308275725	1	726	726	0			not_selected	NO_SEQUENCE_WITHIN_LENGTH_GATE	No provider protein for this species passed the declared 0.75-1.10 query-length gate; no terminal-domain failure is asserted.
36723	Mustela erminea	116578513	10	775	1880	8			not_selected	NOT_SELECTED_TAXONOMIC_BALANCE	Provider species inventoried but not selected for the balanced 50-tip review set; no QC failure is asserted.
9666	Mustela lutreola	131816810	11	774	1879	7			not_selected	NOT_SELECTED_TAXONOMIC_BALANCE	Provider species inventoried but not selected for the balanced 50-tip review set; no QC failure is asserted.
77151	Mustela nigripes	132003500	10	774	1878	6			not_selected	NOT_SELECTED_TAXONOMIC_BALANCE	Provider species inventoried but not selected for the balanced 50-tip review set; no QC failure is asserted.
36239	Mustela nivalis	309851244	33	718	1880	25			not_selected	NOT_SELECTED_TAXONOMIC_BALANCE	Provider species inventoried but not selected for the balanced 50-tip review set; no QC failure is asserted.
9669	Mustela putorius furo	101671098	11	775	1879	8			not_selected	NOT_SELECTED_TAXONOMIC_BALANCE	Provider species inventoried but not selected for the balanced 50-tip review set; no QC failure is asserted.
33587	Mycteria americana	142419688	4	1776	1864	4			not_selected	NOT_SELECTED_TAXONOMIC_BALANCE	Provider species inventoried but not selected for the balanced 50-tip review set; no QC failure is asserted.
478635	Myiozetetes cayanensis	126646330	2	1792	1793	2			not_selected	NOT_SELECTED_TAXONOMIC_BALANCE	Provider species inventoried but not selected for the balanced 50-tip review set; no QC failure is asserted.
447135	Myodes glareolus	125407890	6	1761	1819	6			not_selected	NOT_SELECTED_TAXONOMIC_BALANCE	Provider species inventoried but not selected for the balanced 50-tip review set; no QC failure is asserted.
109478	Myotis brandtii	102250563	11	766	1856	10			not_selected	NOT_SELECTED_TAXONOMIC_BALANCE	Provider species inventoried but not selected for the balanced 50-tip review set; no QC failure is asserted.
98922	Myotis daubentonii	132218694	5	1809	1874	5			not_selected	NOT_SELECTED_TAXONOMIC_BALANCE	Provider species inventoried but not selected for the balanced 50-tip review set; no QC failure is asserted.
225400	Myotis davidii	102761726	8	766	1874	6			not_selected	NOT_SELECTED_TAXONOMIC_BALANCE	Provider species inventoried but not selected for the balanced 50-tip review set; no QC failure is asserted.
59463	Myotis lucifugus	102434930	2	1858	1876	2	XP_014314296.1		selected_for_reference_review	TAXONOMICALLY_BALANCED_REVIEW_SET	Selected for executable TaxID, similarity, and terminal-domain review; not yet approved for inference.
51298	Myotis myotis	118671456	8	766	1877	6			not_selected	NOT_SELECTED_TAXONOMIC_BALANCE	Provider species inventoried but not selected for the balanced 50-tip review set; no QC failure is asserted.
109481	Myotis nattereri	308532011	3	1807	1855	3			not_selected	NOT_SELECTED_TAXONOMIC_BALANCE	Provider species inventoried but not selected for the balanced 50-tip review set; no QC failure is asserted.
159337	Myotis yumanensis	138994789	2	1835	1856	2			not_selected	NOT_SELECTED_TAXONOMIC_BALANCE	Provider species inventoried but not selected for the balanced 50-tip review set; no QC failure is asserted.
7769	Myxine glutinosa	137437543	1	2410	2410	0			not_selected	NO_SEQUENCE_WITHIN_LENGTH_GATE	No provider protein for this species passed the declared 0.75-1.10 query-length gate; no terminal-domain failure is asserted.
1026970	Nannospalax galili	103751919	7	614	1710	6			not_selected	NOT_SELECTED_TAXONOMIC_BALANCE	Provider species inventoried but not selected for the balanced 50-tip review set; no QC failure is asserted.
125878	Nanorana parkeri	108786054	1	152	152	0			not_selected	NO_SEQUENCE_WITHIN_LENGTH_GATE	No provider protein for this species passed the declared 0.75-1.10 query-length gate; no terminal-domain failure is asserted.
27790	Natator depressus	141978698	1	1908	1908	1			not_selected	NOT_SELECTED_TAXONOMIC_BALANCE	Provider species inventoried but not selected for the balanced 50-tip review set; no QC failure is asserted.
2025560	Natrix helvetica	309382169	2	570	1434	1			not_selected	NOT_SELECTED_TAXONOMIC_BALANCE	Provider species inventoried but not selected for the balanced 50-tip review set; no QC failure is asserted.
61452	Neofelis nebulosa	131496864	12	764	1874	8			not_selected	NOT_SELECTED_TAXONOMIC_BALANCE	Provider species inventoried but not selected for the balanced 50-tip review set; no QC failure is asserted.
452646	Neogale vison	122906161	8	774	1884	5			not_selected	NOT_SELECTED_TAXONOMIC_BALANCE	Provider species inventoried but not selected for the balanced 50-tip review set; no QC failure is asserted.
29088	Neomonachus schauinslandi	110573207	3	698	1877	1			not_selected	NOT_SELECTED_TAXONOMIC_BALANCE	Provider species inventoried but not selected for the balanced 50-tip review set; no QC failure is asserted.
114329	Neopelma chrysocephalum	113976781	6	1765	1812	6			not_selected	NOT_SELECTED_TAXONOMIC_BALANCE	Provider species inventoried but not selected for the balanced 50-tip review set; no QC failure is asserted.
1706337	Neophocaena asiaeorientalis asiaeorientalis	112397998	9	765	1870	5			not_selected	NOT_SELECTED_TAXONOMIC_BALANCE	Provider species inventoried but not selected for the balanced 50-tip review set; no QC failure is asserted.
309878	Neopsephotus bourkii	133219578	6	1630	1819	6			not_selected	NOT_SELECTED_TAXONOMIC_BALANCE	Provider species inventoried but not selected for the balanced 50-tip review set; no QC failure is asserted.
187126	Nesoenas mayeri	308049887	1	1740	1740	1			not_selected	NOT_SELECTED_TAXONOMIC_BALANCE	Provider species inventoried but not selected for the balanced 50-tip review set; no QC failure is asserted.
176057	Nestor notabilis	104401552	1	1788	1788	1			not_selected	NOT_SELECTED_TAXONOMIC_BALANCE	Provider species inventoried but not selected for the balanced 50-tip review set; no QC failure is asserted.
30387	Netta rufina	311218416	1	1800	1800	1			not_selected	NOT_SELECTED_TAXONOMIC_BALANCE	Provider species inventoried but not selected for the balanced 50-tip review set; no QC failure is asserted.
128390	Nipponia nippon	104009881	1	1763	1763	1			not_selected	NOT_SELECTED_TAXONOMIC_BALANCE	Provider species inventoried but not selected for the balanced 50-tip review set; no QC failure is asserted.
61853	Nomascus leucogenys	100580360	3	1862	1863	3			not_selected	NOT_SELECTED_TAXONOMIC_BALANCE	Provider species inventoried but not selected for the balanced 50-tip review set; no QC failure is asserted.
9315	Notamacropus eugenii	140528617	2	1856	1856	2			not_selected	NOT_SELECTED_TAXONOMIC_BALANCE	Provider species inventoried but not selected for the balanced 50-tip review set; no QC failure is asserted.
8663	Notechis scutatus	113424430	1	1542	1542	1			not_selected	NOT_SELECTED_TAXONOMIC_BALANCE	Provider species inventoried but not selected for the balanced 50-tip review set; no QC failure is asserted.
30464	Nothoprocta perdicaria	112960276	2	1825	1826	2			not_selected	NOT_SELECTED_TAXONOMIC_BALANCE	Provider species inventoried but not selected for the balanced 50-tip review set; no QC failure is asserted.
31919	Numenius arquata	141474716	1	1868	1868	1			not_selected	NOT_SELECTED_TAXONOMIC_BALANCE	Provider species inventoried but not selected for the balanced 50-tip review set; no QC failure is asserted.
8996	Numida meleagris	110388719	12	368	1773	11			not_selected	NOT_SELECTED_TAXONOMIC_BALANCE	Provider species inventoried but not selected for the balanced 50-tip review set; no QC failure is asserted.
34880	Nyctereutes procyonoides	129508022	3	768	1880	2			not_selected	NOT_SELECTED_TAXONOMIC_BALANCE	Provider species inventoried but not selected for the balanced 50-tip review set; no QC failure is asserted.
48427	Nyctibius grandis	137673853	1	1763	1763	1			not_selected	NOT_SELECTED_TAXONOMIC_BALANCE	Provider species inventoried but not selected for the balanced 50-tip review set; no QC failure is asserted.
9470	Nycticebus coucang	128570037	1	748	748	0			not_selected	NO_SEQUENCE_WITHIN_LENGTH_GATE	No provider protein for this species passed the declared 0.75-1.10 query-length gate; no terminal-domain failure is asserted.
9978	Ochotona princeps	101523476	1	709	709	0			not_selected	NO_SEQUENCE_WITHIN_LENGTH_GATE	No provider protein for this species passed the declared 0.75-1.10 query-length gate; no terminal-domain failure is asserted.
10160	Octodon degus	101580224	1	1834	1834	1			not_selected	NOT_SELECTED_TAXONOMIC_BALANCE	Provider species inventoried but not selected for the balanced 50-tip review set; no QC failure is asserted.
9708	Odobenus rosmarus divergens	101362868	4	698	1881	2			not_selected	NOT_SELECTED_TAXONOMIC_BALANCE	Provider species inventoried but not selected for the balanced 50-tip review set; no QC failure is asserted.
9874	Odocoileus virginianus	110132914	11	654	1858	8			not_selected	NOT_SELECTED_TAXONOMIC_BALANCE	Provider species inventoried but not selected for the balanced 50-tip review set; no QC failure is asserted.
2939378	Oenanthe melanoleuca	130264186	1	1804	1804	1			not_selected	NOT_SELECTED_TAXONOMIC_BALANCE	Provider species inventoried but not selected for the balanced 50-tip review set; no QC failure is asserted.
38674	Onychomys torridus	118588272	1	1822	1822	1			not_selected	NOT_SELECTED_TAXONOMIC_BALANCE	Provider species inventoried but not selected for the balanced 50-tip review set; no QC failure is asserted.
356909	Onychostruthus taczanowskii	121347721	1	1796	1796	1			not_selected	NOT_SELECTED_TAXONOMIC_BALANCE	Provider species inventoried but not selected for the balanced 50-tip review set; no QC failure is asserted.
30419	Opisthocomus hoazin	104338704	4	1805	1852	4			not_selected	NOT_SELECTED_TAXONOMIC_BALANCE	Provider species inventoried but not selected for the balanced 50-tip review set; no QC failure is asserted.
9733	Orcinus orca	101269506	11	764	1862	7			not_selected	NOT_SELECTED_TAXONOMIC_BALANCE	Provider species inventoried but not selected for the balanced 50-tip review set; no QC failure is asserted.
9258	Ornithorhynchus anatinus	103167900	2	1346	1346	0			not_selected	NO_SEQUENCE_WITHIN_LENGTH_GATE	No provider protein for this species passed the declared 0.75-1.10 query-length gate; no terminal-domain failure is asserted.
1230840	Orycteropus afer afer	103211749	1	767	767	0			not_selected	NO_SEQUENCE_WITHIN_LENGTH_GATE	No provider protein for this species passed the declared 0.75-1.10 query-length gate; no terminal-domain failure is asserted.
9986	Oryctolagus cuniculus	100347269	4	761	1853	2	XP_017204702.2		selected_for_reference_review	TAXONOMICALLY_BALANCED_REVIEW_SET	Selected for executable TaxID, similarity, and terminal-domain review; not yet approved for inference.
59534	Oryx dammah	120867062	1	1855	1855	1			not_selected	NOT_SELECTED_TAXONOMIC_BALANCE	Provider species inventoried but not selected for the balanced 50-tip review set; no QC failure is asserted.
30611	Otolemur garnettii	100952916	1	1797	1797	1			not_selected	NOT_SELECTED_TAXONOMIC_BALANCE	Provider species inventoried but not selected for the balanced 50-tip review set; no QC failure is asserted.
9940	Ovis aries	101108584	50	714	1862	18			not_selected	NOT_SELECTED_TAXONOMIC_BALANCE	Provider species inventoried but not selected for the balanced 50-tip review set; no QC failure is asserted.
37174	Ovis canadensis	138447581	6	763	1862	2			not_selected	NOT_SELECTED_TAXONOMIC_BALANCE	Provider species inventoried but not selected for the balanced 50-tip review set; no QC failure is asserted.
8884	Oxyura jamaicensis	118178921	6	1845	1923	6			not_selected	NOT_SELECTED_TAXONOMIC_BALANCE	Provider species inventoried but not selected for the balanced 50-tip review set; no QC failure is asserted.
9597	Pan paniscus	100986197	51	692	1860	5			not_selected	NOT_SELECTED_TAXONOMIC_BALANCE	Provider species inventoried but not selected for the balanced 50-tip review set; no QC failure is asserted.
9598	Pan troglodytes	449497	51	718	1863	31	NP_001038958.1		selected_for_reference_review	TAXONOMICALLY_BALANCED_REVIEW_SET	Selected for executable TaxID, similarity, and terminal-domain review; not yet approved for inference.
9689	Panthera leo	122207223	11	765	1874	9			not_selected	NOT_SELECTED_TAXONOMIC_BALANCE	Provider species inventoried but not selected for the balanced 50-tip review set; no QC failure is asserted.
9690	Panthera onca	132687582	11	764	1874	7			not_selected	NOT_SELECTED_TAXONOMIC_BALANCE	Provider species inventoried but not selected for the balanced 50-tip review set; no QC failure is asserted.
9691	Panthera pardus	109258507	10	764	1874	6			not_selected	NOT_SELECTED_TAXONOMIC_BALANCE	Provider species inventoried but not selected for the balanced 50-tip review set; no QC failure is asserted.
9694	Panthera tigris	102966376	11	765	1874	8			not_selected	NOT_SELECTED_TAXONOMIC_BALANCE	Provider species inventoried but not selected for the balanced 50-tip review set; no QC failure is asserted.
29064	Panthera uncia	125926591	10	764	1874	6			not_selected	NOT_SELECTED_TAXONOMIC_BALANCE	Provider species inventoried but not selected for the balanced 50-tip review set; no QC failure is asserted.
94885	Pantherophis guttatus	117664858	2	1869	1869	2	XP_034272113.1		selected_for_reference_review	TAXONOMICALLY_BALANCED_REVIEW_SET	Selected for executable TaxID, similarity, and terminal-domain review; not yet approved for inference.
9555	Papio anubis	101022062	7	707	1863	5			not_selected	NOT_SELECTED_TAXONOMIC_BALANCE	Provider species inventoried but not selected for the balanced 50-tip review set; no QC failure is asserted.
143630	Paroedura picta	143825099	5	1568	1594	5			not_selected	NOT_SELECTED_TAXONOMIC_BALANCE	Provider species inventoried but not selected for the balanced 50-tip review set; no QC failure is asserted.
9157	Parus major	107215173	5	1805	1806	5			not_selected	NOT_SELECTED_TAXONOMIC_BALANCE	Provider species inventoried but not selected for the balanced 50-tip review set; no QC failure is asserted.
48849	Passer domesticus	135286642	3	1792	1793	3			not_selected	NOT_SELECTED_TAXONOMIC_BALANCE	Provider species inventoried but not selected for the balanced 50-tip review set; no QC failure is asserted.
9160	Passer montanus	120496693	4	1788	1794	4			not_selected	NOT_SELECTED_TAXONOMIC_BALANCE	Provider species inventoried but not selected for the balanced 50-tip review set; no QC failure is asserted.
372321	Patagioenas fasciata	136111618	6	1749	1751	6			not_selected	NOT_SELECTED_TAXONOMIC_BALANCE	Provider species inventoried but not selected for the balanced 50-tip review set; no QC failure is asserted.
36300	Pelecanus crispus	104037885	3	1722	1861	3			not_selected	NOT_SELECTED_TAXONOMIC_BALANCE	Provider species inventoried but not selected for the balanced 50-tip review set; no QC failure is asserted.
13735	Pelodiscus sinensis	102444617	6	1843	1890	6	XP_006125762.2		selected_for_reference_review	TAXONOMICALLY_BALANCED_REVIEW_SET	Selected for executable TaxID, similarity, and terminal-domain review; not yet approved for inference.
45623	Pelophylax lessonae	309566461	1	1624	1624	1			not_selected	NOT_SELECTED_TAXONOMIC_BALANCE	Provider species inventoried but not selected for the balanced 50-tip review set; no QC failure is asserted.
214514	Perognathus longimembris pacificus	125366407	1	1796	1796	1			not_selected	NOT_SELECTED_TAXONOMIC_BALANCE	Provider species inventoried but not selected for the balanced 50-tip review set; no QC failure is asserted.
564181	Peromyscus californicus insignis	128121514	3	503	1825	2			not_selected	NOT_SELECTED_TAXONOMIC_BALANCE	Provider species inventoried but not selected for the balanced 50-tip review set; no QC failure is asserted.
42410	Peromyscus eremicus	131917771	1	1823	1823	1			not_selected	NOT_SELECTED_TAXONOMIC_BALANCE	Provider species inventoried but not selected for the balanced 50-tip review set; no QC failure is asserted.
10041	Peromyscus leucopus	114682837	1	1824	1824	1			not_selected	NOT_SELECTED_TAXONOMIC_BALANCE	Provider species inventoried but not selected for the balanced 50-tip review set; no QC failure is asserted.
230844	Peromyscus maniculatus bairdii	102913874	8	712	1830	4			not_selected	NOT_SELECTED_TAXONOMIC_BALANCE	Provider species inventoried but not selected for the balanced 50-tip review set; no QC failure is asserted.
3040969	Petaurus breviceps papuanus	138145918	9	756	1864	8			not_selected	NOT_SELECTED_TAXONOMIC_BALANCE	Provider species inventoried but not selected for the balanced 50-tip review set; no QC failure is asserted.
7757	Petromyzon marinus	116954779	4	2038	2101	1			not_selected	NOT_SELECTED_TAXONOMIC_BALANCE	Provider species inventoried but not selected for the balanced 50-tip review set; no QC failure is asserted.
889875	Pezoporus flaviventris	133281797	5	1589	1812	5			not_selected	NOT_SELECTED_TAXONOMIC_BALANCE	Provider species inventoried but not selected for the balanced 50-tip review set; no QC failure is asserted.
407982	Pezoporus occidentalis	134168801	5	737	1816	3			not_selected	NOT_SELECTED_TAXONOMIC_BALANCE	Provider species inventoried but not selected for the balanced 50-tip review set; no QC failure is asserted.
35540	Pezoporus wallicus	130601843	4	1593	1816	4			not_selected	NOT_SELECTED_TAXONOMIC_BALANCE	Provider species inventoried but not selected for the balanced 50-tip review set; no QC failure is asserted.
41426	Phacochoerus africanus	125115246	8	759	1887	4			not_selected	NOT_SELECTED_TAXONOMIC_BALANCE	Provider species inventoried but not selected for the balanced 50-tip review set; no QC failure is asserted.
33595	Phaenicophaeus curvirostris	138731262	1	1835	1835	1			not_selected	NOT_SELECTED_TAXONOMIC_BALANCE	Provider species inventoried but not selected for the balanced 50-tip review set; no QC failure is asserted.
37045	Phaethon aethereus	309413490	1	1814	1814	1			not_selected	NOT_SELECTED_TAXONOMIC_BALANCE	Provider species inventoried but not selected for the balanced 50-tip review set; no QC failure is asserted.
97097	Phaethon lepturus	104625332	1	1858	1858	1			not_selected	NOT_SELECTED_TAXONOMIC_BALANCE	Provider species inventoried but not selected for the balanced 50-tip review set; no QC failure is asserted.
126867	Phalacrocorax aristotelis	142067769	10	1822	1872	10			not_selected	NOT_SELECTED_TAXONOMIC_BALANCE	Provider species inventoried but not selected for the balanced 50-tip review set; no QC failure is asserted.
9209	Phalacrocorax carbo	104049732	10	744	1872	9			not_selected	NOT_SELECTED_TAXONOMIC_BALANCE	Provider species inventoried but not selected for the balanced 50-tip review set; no QC failure is asserted.
38626	Phascolarctos cinereus	110198384	2	754	1857	1	XP_020828279.1		selected_for_reference_review	TAXONOMICALLY_BALANCED_REVIEW_SET	Selected for executable TaxID, similarity, and terminal-domain review; not yet approved for inference.
9054	Phasianus colchicus	116233569	2	1746	1753	2			not_selected	NOT_SELECTED_TAXONOMIC_BALANCE	Provider species inventoried but not selected for the balanced 50-tip review set; no QC failure is asserted.
9720	Phoca vitulina	116626875	10	792	1903	9			not_selected	NOT_SELECTED_TAXONOMIC_BALANCE	Provider species inventoried but not selected for the balanced 50-tip review set; no QC failure is asserted.
9742	Phocoena phocoena	136139049	1	859	859	0			not_selected	NO_SEQUENCE_WITHIN_LENGTH_GATE	No provider protein for this species passed the declared 0.75-1.10 query-length gate; no terminal-domain failure is asserted.
42100	Phocoena sinus	116745065	14	765	1870	9			not_selected	NOT_SELECTED_TAXONOMIC_BALANCE	Provider species inventoried but not selected for the balanced 50-tip review set; no QC failure is asserted.
109678	Phodopus roborovskii	127216728	1	1801	1801	1			not_selected	NOT_SELECTED_TAXONOMIC_BALANCE	Provider species inventoried but not selected for the balanced 50-tip review set; no QC failure is asserted.
111132	Phyllobates terribilis	141272670	1	1670	1670	1			not_selected	NOT_SELECTED_TAXONOMIC_BALANCE	Provider species inventoried but not selected for the balanced 50-tip review set; no QC failure is asserted.
89673	Phyllostomus discolor	114502888	7	758	1839	5			not_selected	NOT_SELECTED_TAXONOMIC_BALANCE	Provider species inventoried but not selected for the balanced 50-tip review set; no QC failure is asserted.
9423	Phyllostomus hastatus	123817357	6	1836	1837	6			not_selected	NOT_SELECTED_TAXONOMIC_BALANCE	Provider species inventoried but not selected for the balanced 50-tip review set; no QC failure is asserted.
9755	Physeter macrocephalus	102986597	1	1690	1690	1			not_selected	NOT_SELECTED_TAXONOMIC_BALANCE	Provider species inventoried but not selected for the balanced 50-tip review set; no QC failure is asserted.
591936	Piliocolobus tephrosceles	111537329	8	721	1864	7			not_selected	NOT_SELECTED_TAXONOMIC_BALANCE	Provider species inventoried but not selected for the balanced 50-tip review set; no QC failure is asserted.
412090	Pipistrellus hanaki	311611672	2	1866	1867	2			not_selected	NOT_SELECTED_TAXONOMIC_BALANCE	Provider species inventoried but not selected for the balanced 50-tip review set; no QC failure is asserted.
59472	Pipistrellus kuhlii	118726420	2	1866	1867	2			not_selected	NOT_SELECTED_TAXONOMIC_BALANCE	Provider species inventoried but not selected for the balanced 50-tip review set; no QC failure is asserted.
649802	Pipra filicauda	114000788	4	1810	1811	4			not_selected	NOT_SELECTED_TAXONOMIC_BALANCE	Provider species inventoried but not selected for the balanced 50-tip review set; no QC failure is asserted.
3385563	Pithys albifrons albifrons	139682932	3	1803	1803	3			not_selected	NOT_SELECTED_TAXONOMIC_BALANCE	Provider species inventoried but not selected for the balanced 50-tip review set; no QC failure is asserted.
257867	Platalea leucorodia	309600148	1	1816	1816	1			not_selected	NOT_SELECTED_TAXONOMIC_BALANCE	Provider species inventoried but not selected for the balanced 50-tip review set; no QC failure is asserted.
61862	Plecotus auritus	308253238	1	716	716	0			not_selected	NO_SEQUENCE_WITHIN_LENGTH_GATE	No provider protein for this species passed the declared 0.75-1.10 query-length gate; no terminal-domain failure is asserted.
8319	Pleurodeles waltl	138299491	6	1903	1957	6	XP_069093862.1		selected_for_reference_review	TAXONOMICALLY_BALANCED_REVIEW_SET	Selected for executable TaxID, similarity, and terminal-domain review; not yet approved for inference.
90520	Podarcis bocagei	308570957	1	1690	1690	1			not_selected	NOT_SELECTED_TAXONOMIC_BALANCE	Provider species inventoried but not selected for the balanced 50-tip review set; no QC failure is asserted.
1330250	Podarcis cretensis	307200613	1	1691	1691	1			not_selected	NOT_SELECTED_TAXONOMIC_BALANCE	Provider species inventoried but not selected for the balanced 50-tip review set; no QC failure is asserted.
140042	Podarcis erhardii	309327937	2	1591	1689	2			not_selected	NOT_SELECTED_TAXONOMIC_BALANCE	Provider species inventoried but not selected for the balanced 50-tip review set; no QC failure is asserted.
65481	Podarcis filfolensis	310747670	2	1589	1687	2			not_selected	NOT_SELECTED_TAXONOMIC_BALANCE	Provider species inventoried but not selected for the balanced 50-tip review set; no QC failure is asserted.
90521	Podarcis gaigeae	310829912	1	1689	1689	1			not_selected	NOT_SELECTED_TAXONOMIC_BALANCE	Provider species inventoried but not selected for the balanced 50-tip review set; no QC failure is asserted.
662736	Podarcis liolepis	310690475	1	1688	1688	1			not_selected	NOT_SELECTED_TAXONOMIC_BALANCE	Provider species inventoried but not selected for the balanced 50-tip review set; no QC failure is asserted.
65482	Podarcis melisellensis	309354053	2	1571	1689	2			not_selected	NOT_SELECTED_TAXONOMIC_BALANCE	Provider species inventoried but not selected for the balanced 50-tip review set; no QC failure is asserted.
64176	Podarcis muralis	114581534	5	1524	1687	5			not_selected	NOT_SELECTED_TAXONOMIC_BALANCE	Provider species inventoried but not selected for the balanced 50-tip review set; no QC failure is asserted.
74359	Podarcis pityusensis	308460305	1	1689	1689	1			not_selected	NOT_SELECTED_TAXONOMIC_BALANCE	Provider species inventoried but not selected for the balanced 50-tip review set; no QC failure is asserted.
65483	Podarcis raffonei	128399995	4	1544	1691	4			not_selected	NOT_SELECTED_TAXONOMIC_BALANCE	Provider species inventoried but not selected for the balanced 50-tip review set; no QC failure is asserted.
65485	Podarcis tiliguerta	310661424	1	1689	1689	1			not_selected	NOT_SELECTED_TAXONOMIC_BALANCE	Provider species inventoried but not selected for the balanced 50-tip review set; no QC failure is asserted.
140051	Podarcis vaucheri	309516159	1	1679	1679	1			not_selected	NOT_SELECTED_TAXONOMIC_BALANCE	Provider species inventoried but not selected for the balanced 50-tip review set; no QC failure is asserted.
48891	Poecile atricapillus	131588857	3	1806	1807	3			not_selected	NOT_SELECTED_TAXONOMIC_BALANCE	Provider species inventoried but not selected for the balanced 50-tip review set; no QC failure is asserted.
103695	Pogona vitticeps	110080303	1	1725	1725	1	XP_020651752.3		selected_for_reference_review	TAXONOMICALLY_BALANCED_REVIEW_SET	Selected for executable TaxID, similarity, and terminal-domain review; not yet approved for inference.
488313	Pogoniulus pusillus	135191614	3	1722	1734	3			not_selected	NOT_SELECTED_TAXONOMIC_BALANCE	Provider species inventoried but not selected for the balanced 50-tip review set; no QC failure is asserted.
9601	Pongo abelii	100439533	38	719	1863	32			not_selected	NOT_SELECTED_TAXONOMIC_BALANCE	Provider species inventoried but not selected for the balanced 50-tip review set; no QC failure is asserted.
9600	Pongo pygmaeus	129017314	41	733	1863	33			not_selected	NOT_SELECTED_TAXONOMIC_BALANCE	Provider species inventoried but not selected for the balanced 50-tip review set; no QC failure is asserted.
208062	Prinia subflava	134553796	4	1808	1809	4			not_selected	NOT_SELECTED_TAXONOMIC_BALANCE	Provider species inventoried but not selected for the balanced 50-tip review set; no QC failure is asserted.
37029	Prionailurus bengalensis	122485639	6	1871	1873	6			not_selected	NOT_SELECTED_TAXONOMIC_BALANCE	Provider species inventoried but not selected for the balanced 50-tip review set; no QC failure is asserted.
61388	Prionailurus viverrinus	125158583	11	764	1873	9			not_selected	NOT_SELECTED_TAXONOMIC_BALANCE	Provider species inventoried but not selected for the balanced 50-tip review set; no QC failure is asserted.
379532	Propithecus coquereli	105820205	1	527	527	0			not_selected	NO_SEQUENCE_WITHIN_LENGTH_GATE	No provider protein for this species passed the declared 0.75-1.10 query-length gate; no terminal-domain failure is asserted.
103944	Protobothrops mucrosquamatus	107285925	1	1558	1558	1			not_selected	NOT_SELECTED_TAXONOMIC_BALANCE	Provider species inventoried but not selected for the balanced 50-tip review set; no QC failure is asserted.
48139	Psammomys obesus	129686062	1	755	755	0			not_selected	NO_SEQUENCE_WITHIN_LENGTH_GATE	No provider protein for this species passed the declared 0.75-1.10 query-length gate; no terminal-domain failure is asserted.
8673	Pseudonaja textilis	113449821	1	1563	1563	1	XP_026576759.1		selected_for_reference_review	TAXONOMICALLY_BALANCED_REVIEW_SET	Selected for executable TaxID, similarity, and terminal-domain review; not yet approved for inference.
495146	Pseudophryne corroboree	135055703	3	1589	1669	3			not_selected	NOT_SELECTED_TAXONOMIC_BALANCE	Provider species inventoried but not selected for the balanced 50-tip review set; no QC failure is asserted.
415032	Pseudopipra pipra	135402920	4	1810	1811	4			not_selected	NOT_SELECTED_TAXONOMIC_BALANCE	Provider species inventoried but not selected for the balanced 50-tip review set; no QC failure is asserted.
181119	Pseudopodoces humilis	102105698	2	1806	1807	2			not_selected	NOT_SELECTED_TAXONOMIC_BALANCE	Provider species inventoried but not selected for the balanced 50-tip review set; no QC failure is asserted.
82174	Pseudorca crassidens	137212602	18	738	1862	10			not_selected	NOT_SELECTED_TAXONOMIC_BALANCE	Provider species inventoried but not selected for the balanced 50-tip review set; no QC failure is asserted.
232653	Psittacula echo	308229328	1	1818	1818	1			not_selected	NOT_SELECTED_TAXONOMIC_BALANCE	Provider species inventoried but not selected for the balanced 50-tip review set; no QC failure is asserted.
240206	Pterocles gutturalis	104467299	1	1762	1762	1			not_selected	NOT_SELECTED_TAXONOMIC_BALANCE	Provider species inventoried but not selected for the balanced 50-tip review set; no QC failure is asserted.
1884717	Pteronotus mesoamericanus	129086900	1	764	764	0			not_selected	NO_SEQUENCE_WITHIN_LENGTH_GATE	No provider protein for this species passed the declared 0.75-1.10 query-length gate; no terminal-domain failure is asserted.
9402	Pteropus alecto	102895982	11	740	1836	10			not_selected	NOT_SELECTED_TAXONOMIC_BALANCE	Provider species inventoried but not selected for the balanced 50-tip review set; no QC failure is asserted.
143291	Pteropus medius	120611051	13	740	1837	11			not_selected	NOT_SELECTED_TAXONOMIC_BALANCE	Provider species inventoried but not selected for the balanced 50-tip review set; no QC failure is asserted.
132908	Pteropus vampyrus	105306256	12	740	1837	11			not_selected	NOT_SELECTED_TAXONOMIC_BALANCE	Provider species inventoried but not selected for the balanced 50-tip review set; no QC failure is asserted.
9696	Puma concolor	112854200	3	698	1874	1			not_selected	NOT_SELECTED_TAXONOMIC_BALANCE	Provider species inventoried but not selected for the balanced 50-tip review set; no QC failure is asserted.
9238	Pygoscelis adeliae	103919153	1	1765	1765	1			not_selected	NOT_SELECTED_TAXONOMIC_BALANCE	Provider species inventoried but not selected for the balanced 50-tip review set; no QC failure is asserted.
221976	Pyrgilauda ruficollis	121351138	4	1182	1801	3			not_selected	NOT_SELECTED_TAXONOMIC_BALANCE	Provider species inventoried but not selected for the balanced 50-tip review set; no QC failure is asserted.
176946	Python bivittatus	103057262	1	1625	1625	1			not_selected	NOT_SELECTED_TAXONOMIC_BALANCE	Provider species inventoried but not selected for the balanced 50-tip review set; no QC failure is asserted.
30357	Pyxicephalus adspersus	140325912	1	1616	1616	1			not_selected	NOT_SELECTED_TAXONOMIC_BALANCE	Provider species inventoried but not selected for the balanced 50-tip review set; no QC failure is asserted.
8407	Rana temporaria	120919189	1	1618	1618	1			not_selected	NOT_SELECTED_TAXONOMIC_BALANCE	Provider species inventoried but not selected for the balanced 50-tip review set; no QC failure is asserted.
111125	Ranitomeya imitator	138664877	2	1359	1641	1			not_selected	NOT_SELECTED_TAXONOMIC_BALANCE	Provider species inventoried but not selected for the balanced 50-tip review set; no QC failure is asserted.
490064	Ranitomeya variabilis	143765407	2	1638	1639	2			not_selected	NOT_SELECTED_TAXONOMIC_BALANCE	Provider species inventoried but not selected for the balanced 50-tip review set; no QC failure is asserted.
10116	Rattus norvegicus	497672	5	1694	1817	5	NP_036646.2		selected_for_reference_review	TAXONOMICALLY_BALANCED_REVIEW_SET	Selected for executable TaxID, similarity, and terminal-domain review; not yet approved for inference.
10117	Rattus rattus	116910549	1	1831	1831	1			not_selected	NOT_SELECTED_TAXONOMIC_BALANCE	Provider species inventoried but not selected for the balanced 50-tip review set; no QC failure is asserted.
8797	Rhea americana	146590338	5	738	1856	4			not_selected	NOT_SELECTED_TAXONOMIC_BALANCE	Provider species inventoried but not selected for the balanced 50-tip review set; no QC failure is asserted.
8795	Rhea pennata	134151388	1	1757	1757	1			not_selected	NOT_SELECTED_TAXONOMIC_BALANCE	Provider species inventoried but not selected for the balanced 50-tip review set; no QC failure is asserted.
194408	Rhinatrema bivittatum	115074072	4	1913	1920	4	XP_029429046.1		selected_for_reference_review	TAXONOMICALLY_BALANCED_REVIEW_SET	Selected for executable TaxID, similarity, and terminal-domain review; not yet approved for inference.
261503	Rhineura floridana	133366733	6	697	1759	5			not_selected	NOT_SELECTED_TAXONOMIC_BALANCE	Provider species inventoried but not selected for the balanced 50-tip review set; no QC failure is asserted.
43563	Rhinoderma darwinii	142666554	1	1702	1702	1			not_selected	NOT_SELECTED_TAXONOMIC_BALANCE	Provider species inventoried but not selected for the balanced 50-tip review set; no QC failure is asserted.
59479	Rhinolophus ferrumequinum	117013957	4	752	1854	3			not_selected	NOT_SELECTED_TAXONOMIC_BALANCE	Provider species inventoried but not selected for the balanced 50-tip review set; no QC failure is asserted.
77218	Rhinolophus hipposideros	308488366	1	990	990	0			not_selected	NO_SEQUENCE_WITHIN_LENGTH_GATE	No provider protein for this species passed the declared 0.75-1.10 query-length gate; no terminal-domain failure is asserted.
89399	Rhinolophus sinicus	109455895	3	1853	1854	3			not_selected	NOT_SELECTED_TAXONOMIC_BALANCE	Provider species inventoried but not selected for the balanced 50-tip review set; no QC failure is asserted.
61621	Rhinopithecus bieti	108526765	1	1806	1806	1			not_selected	NOT_SELECTED_TAXONOMIC_BALANCE	Provider species inventoried but not selected for the balanced 50-tip review set; no QC failure is asserted.
61622	Rhinopithecus roxellana	104673233	11	721	1864	6			not_selected	NOT_SELECTED_TAXONOMIC_BALANCE	Provider species inventoried but not selected for the balanced 50-tip review set; no QC failure is asserted.
75485	Rissa tridactyla	128919175	4	1741	1866	4			not_selected	NOT_SELECTED_TAXONOMIC_BALANCE	Provider species inventoried but not selected for the balanced 50-tip review set; no QC failure is asserted.
9407	Rousettus aegyptiacus	107513858	2	688	1828	1			not_selected	NOT_SELECTED_TAXONOMIC_BALANCE	Provider species inventoried but not selected for the balanced 50-tip review set; no QC failure is asserted.
59482	Saccopteryx bilineata	136326915	1	1835	1835	1			not_selected	NOT_SELECTED_TAXONOMIC_BALANCE	Provider species inventoried but not selected for the balanced 50-tip review set; no QC failure is asserted.
249018	Saccopteryx leptura	136392072	1	1835	1835	1			not_selected	NOT_SELECTED_TAXONOMIC_BALANCE	Provider species inventoried but not selected for the balanced 50-tip review set; no QC failure is asserted.
3371155	Sagmatias obliquidens	113613732	9	765	1862	6			not_selected	NOT_SELECTED_TAXONOMIC_BALANCE	Provider species inventoried but not selected for the balanced 50-tip review set; no QC failure is asserted.
27679	Saimiri boliviensis	101046814	6	1857	1859	6			not_selected	NOT_SELECTED_TAXONOMIC_BALANCE	Provider species inventoried but not selected for the balanced 50-tip review set; no QC failure is asserted.
9515	Sapajus apella	116552725	9	720	1872	8			not_selected	NOT_SELECTED_TAXONOMIC_BALANCE	Provider species inventoried but not selected for the balanced 50-tip review set; no QC failure is asserted.
9305	Sarcophilus harrisii	100914310	2	1822	1828	2			not_selected	NOT_SELECTED_TAXONOMIC_BALANCE	Provider species inventoried but not selected for the balanced 50-tip review set; no QC failure is asserted.
8520	Sceloporus undulatus	121934862	5	1695	1725	5			not_selected	NOT_SELECTED_TAXONOMIC_BALANCE	Provider species inventoried but not selected for the balanced 50-tip review set; no QC failure is asserted.
30640	Sciurus carolinensis	124979164	6	761	1849	5	XP_047399506.1		selected_for_reference_review	TAXONOMICALLY_BALANCED_REVIEW_SET	Selected for executable TaxID, similarity, and terminal-domain review; not yet approved for inference.
55149	Sciurus vulgaris	306657464	1	768	768	0			not_selected	NO_SEQUENCE_WITHIN_LENGTH_GATE	No provider protein for this species passed the declared 0.75-1.10 query-length gate; no terminal-domain failure is asserted.
9135	Serinus canaria	103821581	3	1720	1797	3			not_selected	NOT_SELECTED_TAXONOMIC_BALANCE	Provider species inventoried but not selected for the balanced 50-tip review set; no QC failure is asserted.
9301	Sminthopsis crassicaudata	141539234	4	710	1836	3			not_selected	NOT_SELECTED_TAXONOMIC_BALANCE	Provider species inventoried but not selected for the balanced 50-tip review set; no QC failure is asserted.
42254	Sorex araneus	101538721	1	515	515	0			not_selected	NO_SEQUENCE_WITHIN_LENGTH_GATE	No provider protein for this species passed the declared 0.75-1.10 query-length gate; no terminal-domain failure is asserted.
62283	Sorex fumeus	130035946	3	515	607	0			not_selected	NO_SEQUENCE_WITHIN_LENGTH_GATE	No provider protein for this species passed the declared 0.75-1.10 query-length gate; no terminal-domain failure is asserted.
9997	Spermophilus citellus	308636258	1	1016	1016	0			not_selected	NO_SEQUENCE_WITHIN_LENGTH_GATE	No provider protein for this species passed the declared 0.75-1.10 query-length gate; no terminal-domain failure is asserted.
933632	Sphaerodactylus townsendi	125444850	1	1613	1613	1			not_selected	NOT_SELECTED_TAXONOMIC_BALANCE	Provider species inventoried but not selected for the balanced 50-tip review set; no QC failure is asserted.
9737	Stenella coeruleoalba	307177258	9	764	1862	5			not_selected	NOT_SELECTED_TAXONOMIC_BALANCE	Provider species inventoried but not selected for the balanced 50-tip review set; no QC failure is asserted.
177147	Streptopelia decaocto	309448855	5	1740	1754	5			not_selected	NOT_SELECTED_TAXONOMIC_BALANCE	Provider species inventoried but not selected for the balanced 50-tip review set; no QC failure is asserted.
2489341	Strigops habroptila	115617619	8	1630	1819	8			not_selected	NOT_SELECTED_TAXONOMIC_BALANCE	Provider species inventoried but not selected for the balanced 50-tip review set; no QC failure is asserted.
111821	Strix aluco	141934122	3	1850	1851	3			not_selected	NOT_SELECTED_TAXONOMIC_BALANCE	Provider species inventoried but not selected for the balanced 50-tip review set; no QC failure is asserted.
36305	Strix uralensis	141953350	4	1771	1852	4			not_selected	NOT_SELECTED_TAXONOMIC_BALANCE	Provider species inventoried but not selected for the balanced 50-tip review set; no QC failure is asserted.
8801	Struthio camelus	104141229	5	1839	1862	5	XP_068775093.1		selected_for_reference_review	TAXONOMICALLY_BALANCED_REVIEW_SET	Selected for executable TaxID, similarity, and terminal-domain review; not yet approved for inference.
192404	Sturnira hondurensis	118978170	1	819	819	0			not_selected	NO_SEQUENCE_WITHIN_LENGTH_GATE	No provider protein for this species passed the declared 0.75-1.10 query-length gate; no terminal-domain failure is asserted.
9172	Sturnus vulgaris	106858689	4	1763	1813	4			not_selected	NOT_SELECTED_TAXONOMIC_BALANCE	Provider species inventoried but not selected for the balanced 50-tip review set; no QC failure is asserted.
109475	Suncus etruscus	126000905	1	520	520	0			not_selected	NO_SEQUENCE_WITHIN_LENGTH_GATE	No provider protein for this species passed the declared 0.75-1.10 query-length gate; no terminal-domain failure is asserted.
37032	Suricata suricatta	115281499	9	1886	1912	9			not_selected	NOT_SELECTED_TAXONOMIC_BALANCE	Provider species inventoried but not selected for the balanced 50-tip review set; no QC failure is asserted.
9823	Sus scrofa	100049662	31	358	1865	10	XP_013845389.1		selected_for_reference_review	TAXONOMICALLY_BALANCED_REVIEW_SET	Selected for executable TaxID, similarity, and terminal-domain review; not yet approved for inference.
48155	Sylvia atricapilla	136372275	1	1791	1791	1			not_selected	NOT_SELECTED_TAXONOMIC_BALANCE	Provider species inventoried but not selected for the balanced 50-tip review set; no QC failure is asserted.
9590	Symphalangus syndactylus	129469801	50	676	1883	20			not_selected	NOT_SELECTED_TAXONOMIC_BALANCE	Provider species inventoried but not selected for the balanced 50-tip review set; no QC failure is asserted.
9261	Tachyglossus aculeatus	119934405	1	1370	1370	0			not_selected	NO_SEQUENCE_WITHIN_LENGTH_GATE	No provider protein for this species passed the declared 0.75-1.10 query-length gate; no terminal-domain failure is asserted.
59729	Taeniopygia guttata	100224649	2	1803	1804	2	XP_072775070.1		selected_for_reference_review	TAXONOMICALLY_BALANCED_REVIEW_SET	Selected for executable TaxID, similarity, and terminal-domain review; not yet approved for inference.
9375	Talpa europaea	311174147	1	520	520	0			not_selected	NO_SEQUENCE_WITHIN_LENGTH_GATE	No provider protein for this species passed the declared 0.75-1.10 query-length gate; no terminal-domain failure is asserted.
50954	Talpa occidentalis	119230413	10	735	1830	6			not_selected	NOT_SELECTED_TAXONOMIC_BALANCE	Provider species inventoried but not selected for the balanced 50-tip review set; no QC failure is asserted.
48850	Tamandua tetradactyla	143687345	8	1027	1894	6			not_selected	NOT_SELECTED_TAXONOMIC_BALANCE	Provider species inventoried but not selected for the balanced 50-tip review set; no QC failure is asserted.
121530	Tauraco erythrolophus	104373669	1	1719	1719	1			not_selected	NOT_SELECTED_TAXONOMIC_BALANCE	Provider species inventoried but not selected for the balanced 50-tip review set; no QC failure is asserted.
94439	Tenrec ecaudatus	142459887	2	1801	1802	2	XP_075417988.1		selected_for_reference_review	TAXONOMICALLY_BALANCED_REVIEW_SET	Selected for executable TaxID, similarity, and terminal-domain review; not yet approved for inference.
2587831	Terrapene triunguis	112125970	2	1903	1903	2			not_selected	NOT_SELECTED_TAXONOMIC_BALANCE	Provider species inventoried but not selected for the balanced 50-tip review set; no QC failure is asserted.
100830	Tetrao urogallus	306955786	1	1745	1745	1			not_selected	NOT_SELECTED_TAXONOMIC_BALANCE	Provider species inventoried but not selected for the balanced 50-tip review set; no QC failure is asserted.
35005	Thamnophis elegans	116522846	1	1534	1534	1			not_selected	NOT_SELECTED_TAXONOMIC_BALANCE	Provider species inventoried but not selected for the balanced 50-tip review set; no QC failure is asserted.
35019	Thamnophis sirtalis	106542500	1	570	570	0			not_selected	NO_SEQUENCE_WITHIN_LENGTH_GATE	No provider protein for this species passed the declared 0.75-1.10 query-length gate; no terminal-domain failure is asserted.
9565	Theropithecus gelada	147589097	5	720	1863	2			not_selected	NOT_SELECTED_TAXONOMIC_BALANCE	Provider species inventoried but not selected for the balanced 50-tip review set; no QC failure is asserted.
71010	Tiliqua scincoides	136652290	1	1744	1744	1			not_selected	NOT_SELECTED_TAXONOMIC_BALANCE	Provider species inventoried but not selected for the balanced 50-tip review set; no QC failure is asserted.
94827	Tinamus guttatus	104576611	1	1738	1738	1			not_selected	NOT_SELECTED_TAXONOMIC_BALANCE	Provider species inventoried but not selected for the balanced 50-tip review set; no QC failure is asserted.
31138	Trachemys scripta elegans	117869319	2	1904	1904	2			not_selected	NOT_SELECTED_TAXONOMIC_BALANCE	Provider species inventoried but not selected for the balanced 50-tip review set; no QC failure is asserted.
54180	Trachypithecus francoisi	117066917	9	615	1758	6			not_selected	NOT_SELECTED_TAXONOMIC_BALANCE	Provider species inventoried but not selected for the balanced 50-tip review set; no QC failure is asserted.
127582	Trichechus manatus latirostris	101356605	1	1851	1851	1	XP_023581001.1		selected_for_reference_review	TAXONOMICALLY_BALANCED_REVIEW_SET	Selected for executable TaxID, similarity, and terminal-domain review; not yet approved for inference.
9337	Trichosurus vulpecula	118848966	1	1854	1854	1			not_selected	NOT_SELECTED_TAXONOMIC_BALANCE	Provider species inventoried but not selected for the balanced 50-tip review set; no QC failure is asserted.
246437	Tupaia belangeri chinensis	102494934	3	1806	1807	3			not_selected	NOT_SELECTED_TAXONOMIC_BALANCE	Provider species inventoried but not selected for the balanced 50-tip review set; no QC failure is asserted.
9739	Tursiops truncatus	101319443	12	764	1862	8			not_selected	NOT_SELECTED_TAXONOMIC_BALANCE	Provider species inventoried but not selected for the balanced 50-tip review set; no QC failure is asserted.
109042	Tympanuchus pallidicinctus	128089158	4	1742	1744	4			not_selected	NOT_SELECTED_TAXONOMIC_BALANCE	Provider species inventoried but not selected for the balanced 50-tip review set; no QC failure is asserted.
56313	Tyto alba	104358725	4	738	1856	2			not_selected	NOT_SELECTED_TAXONOMIC_BALANCE	Provider species inventoried but not selected for the balanced 50-tip review set; no QC failure is asserted.
9999	Urocitellus parryii	113181347	24	679	1874	13			not_selected	NOT_SELECTED_TAXONOMIC_BALANCE	Provider species inventoried but not selected for the balanced 50-tip review set; no QC failure is asserted.
9643	Ursus americanus	123781964	4	1837	1863	4			not_selected	NOT_SELECTED_TAXONOMIC_BALANCE	Provider species inventoried but not selected for the balanced 50-tip review set; no QC failure is asserted.
9644	Ursus arctos	113265384	9	764	1863	6			not_selected	NOT_SELECTED_TAXONOMIC_BALANCE	Provider species inventoried but not selected for the balanced 50-tip review set; no QC failure is asserted.
29073	Ursus maritimus	103672599	2	1816	1862	2			not_selected	NOT_SELECTED_TAXONOMIC_BALANCE	Provider species inventoried but not selected for the balanced 50-tip review set; no QC failure is asserted.
100859	Vanellus vanellus	309680989	1	1858	1858	1			not_selected	NOT_SELECTED_TAXONOMIC_BALANCE	Provider species inventoried but not selected for the balanced 50-tip review set; no QC failure is asserted.
61221	Varanus komodoensis	123017394	4	1499	1659	4	XP_044274665.1		selected_for_reference_review	TAXONOMICALLY_BALANCED_REVIEW_SET	Selected for executable TaxID, similarity, and terminal-domain review; not yet approved for inference.
30538	Vicugna pacos	102532151	4	427	1859	2			not_selected	NOT_SELECTED_TAXONOMIC_BALANCE	Provider species inventoried but not selected for the balanced 50-tip review set; no QC failure is asserted.
81927	Vidua chalybeata	128800257	3	1800	1806	3			not_selected	NOT_SELECTED_TAXONOMIC_BALANCE	Provider species inventoried but not selected for the balanced 50-tip review set; no QC failure is asserted.
187451	Vidua macroura	128819896	3	1799	1806	3			not_selected	NOT_SELECTED_TAXONOMIC_BALANCE	Provider species inventoried but not selected for the balanced 50-tip review set; no QC failure is asserted.
31155	Vipera berus	308677404	1	1617	1617	1			not_selected	NOT_SELECTED_TAXONOMIC_BALANCE	Provider species inventoried but not selected for the balanced 50-tip review set; no QC failure is asserted.
103942	Vipera ursinii	310649704	1	1619	1619	1			not_selected	NOT_SELECTED_TAXONOMIC_BALANCE	Provider species inventoried but not selected for the balanced 50-tip review set; no QC failure is asserted.
29139	Vombatus ursinus	114049331	4	715	1852	2			not_selected	NOT_SELECTED_TAXONOMIC_BALANCE	Provider species inventoried but not selected for the balanced 50-tip review set; no QC failure is asserted.
494514	Vulpes lagopus	121472899	9	767	1878	7			not_selected	NOT_SELECTED_TAXONOMIC_BALANCE	Provider species inventoried but not selected for the balanced 50-tip review set; no QC failure is asserted.
9627	Vulpes vulpes	112910801	9	767	1905	5			not_selected	NOT_SELECTED_TAXONOMIC_BALANCE	Provider species inventoried but not selected for the balanced 50-tip review set; no QC failure is asserted.
8364	Xenopus tropicalis	733513	2	1592	1655	2	NP_001107963.1		selected_for_reference_review	TAXONOMICALLY_BALANCED_REVIEW_SET	Selected for executable TaxID, similarity, and terminal-domain review; not yet approved for inference.
9704	Zalophus californianus	113939007	11	732	1885	8			not_selected	NOT_SELECTED_TAXONOMIC_BALANCE	Provider species inventoried but not selected for the balanced 50-tip review set; no QC failure is asserted.
44394	Zonotrichia albicollis	102063385	7	1769	1778	7			not_selected	NOT_SELECTED_TAXONOMIC_BALANCE	Provider species inventoried but not selected for the balanced 50-tip review set; no QC failure is asserted.
257770	Zonotrichia leucophrys gambelii	135458534	10	1766	1782	10			not_selected	NOT_SELECTED_TAXONOMIC_BALANCE	Provider species inventoried but not selected for the balanced 50-tip review set; no QC failure is asserted.
8524	Zootoca vivipara	118095327	3	1597	1690	3			not_selected	NOT_SELECTED_TAXONOMIC_BALANCE	Provider species inventoried but not selected for the balanced 50-tip review set; no QC failure is asserted.
43581	Zosterops lateralis	310918861	2	1806	1807	2			not_selected	NOT_SELECTED_TAXONOMIC_BALANCE	Provider species inventoried but not selected for the balanced 50-tip review set; no QC failure is asserted.
